,Run,ReleaseDate,LoadDate,spots,bases,spots_with_mates,avgLength,size_MB,AssemblyName,download_path,Experiment,LibraryName,LibraryStrategy,LibrarySelection,LibrarySource,LibraryLayout,InsertSize,InsertDev,Platform,Model,SRAStudy,BioProject,Study_Pubmed_id,ProjectID,Sample,BioSample,SampleType,TaxID,ScientificName,SampleName,g1k_pop_code,source,g1k_analysis_group,Subject_ID,Sex,Disease,Tumor,Affection_Status,Analyte_Type,Histological_Type,Body_Site,CenterName,Submission,dbgap_study_accession,Consent,RunHash,ReadHash,Sample_title,Sample_cell_line,Sample_library_selection,Sample_library_source,Sample_library_strategy,Sample_cell_description,Sample_platform_id,Sample_instrument_model
0,SRR16195160,12/31/22 0:17,10/4/21 17:05,442928,63422994,442928,143,24,,https://sra-downloadb.be-md.ncbi.nlm.nih.gov/sos9/sra-pub-zq-924/SRR016/16195/SRR16195160/SRR16195160.lite.1,SRX12479394,GSM5609425,RNA-Seq,cDNA,TRANSCRIPTOMIC,PAIRED,0,0,ILLUMINA,NextSeq 500,SRP339960,PRJNA768428,3,768428,SRS10442945,SAMN22044904,simple,9606,Homo sapiens,GSM5609425,,,,,,,no,,,,,"ANGELA WU LAB, LIFS, HKUST",SRA1305581,,public,7F5445FC0D80D205A571A73A84A9813E,4624C3F8688710092CB2E423492A75BB,Smart-HCT-01,HCT116 cell line,cDNA,transcriptomic,RNA-Seq,HCT116 single cell 001,GPL18573,Illumina NextSeq 500
1,SRR16195159,12/31/22 0:17,10/4/21 17:05,289373,41434581,289373,143,16,,https://sra-downloadb.be-md.ncbi.nlm.nih.gov/sos8/sra-pub-zq-818/SRR016/16195/SRR16195159/SRR16195159.lite.1,SRX12479395,GSM5609426,RNA-Seq,cDNA,TRANSCRIPTOMIC,PAIRED,0,0,ILLUMINA,NextSeq 500,SRP339960,PRJNA768428,3,768428,SRS10442946,SAMN22044903,simple,9606,Homo sapiens,GSM5609426,,,,,,,no,,,,,"ANGELA WU LAB, LIFS, HKUST",SRA1305581,,public,3068B3F5E9C0C2F9A3A972C5C4889108,D629EB7BAA322A8F5F0350F4B06C4896,Smart-HCT-02,HCT116 cell line,cDNA,transcriptomic,RNA-Seq,HCT116 single cell 002,GPL18573,Illumina NextSeq 500
2,SRR16195158,12/31/22 0:17,10/4/21 17:05,330976,47390825,330976,143,18,,https://sra-downloadb.be-md.ncbi.nlm.nih.gov/sos8/sra-pub-zq-818/SRR016/16195/SRR16195158/SRR16195158.lite.1,SRX12479396,GSM5609427,RNA-Seq,cDNA,TRANSCRIPTOMIC,PAIRED,0,0,ILLUMINA,NextSeq 500,SRP339960,PRJNA768428,3,768428,SRS10442947,SAMN22044902,simple,9606,Homo sapiens,GSM5609427,,,,,,,no,,,,,"ANGELA WU LAB, LIFS, HKUST",SRA1305581,,public,60F618611CE76F02E8C973729976403F,55E10B7273275C5C5823327EE077CD98,Smart-HCT-03,HCT116 cell line,cDNA,transcriptomic,RNA-Seq,HCT116 single cell 003,GPL18573,Illumina NextSeq 500
3,SRR16195157,12/31/22 0:17,10/4/21 17:05,1433760,205376026,1433760,143,82,,https://sra-downloadb.be-md.ncbi.nlm.nih.gov/sos8/sra-pub-zq-818/SRR016/16195/SRR16195157/SRR16195157.lite.1,SRX12479397,GSM5609620,OTHER,other,TRANSCRIPTOMIC,PAIRED,0,0,ILLUMINA,NextSeq 500,SRP339960,PRJNA768428,3,768428,SRS10442948,SAMN22044709,simple,9606,Homo sapiens,GSM5609620,,,,,,,no,,,,,"ANGELA WU LAB, LIFS, HKUST",SRA1305581,,public,D152661CFEAA7B2875DAC9D5CF5E706E,27458B2217D5EA134A6F093CC0330A1F,HUVEC+H9 scONEseq 002,HUVEC+H9 cell line co-culture,other,transcriptomic,OTHER,Normal single cell 002,GPL18573,Illumina NextSeq 500
4,SRR16195156,12/31/22 0:17,10/4/21 17:05,1249934,179029075,1249934,143,72,,https://sra-downloadb.be-md.ncbi.nlm.nih.gov/sos8/sra-pub-zq-818/SRR016/16195/SRR16195156/SRR16195156.lite.1,SRX12479398,GSM5609621,OTHER,other,TRANSCRIPTOMIC,PAIRED,0,0,ILLUMINA,NextSeq 500,SRP339960,PRJNA768428,3,768428,SRS10442949,SAMN22044708,simple,9606,Homo sapiens,GSM5609621,,,,,,,no,,,,,"ANGELA WU LAB, LIFS, HKUST",SRA1305581,,public,D8755140C9235842B99A1295DAEE5CAC,9C8F0FA05CE1662288524F1170EB7260,HUVEC+H9 scONEseq 003,HUVEC+H9 cell line co-culture,other,transcriptomic,OTHER,Normal single cell 003,GPL18573,Illumina NextSeq 500
5,SRR16195155,12/31/22 0:17,10/4/21 17:05,1249873,179028128,1249873,143,72,,https://sra-downloadb.be-md.ncbi.nlm.nih.gov/sos8/sra-pub-zq-818/SRR016/16195/SRR16195155/SRR16195155.lite.1,SRX12479399,GSM5609622,OTHER,other,TRANSCRIPTOMIC,PAIRED,0,0,ILLUMINA,NextSeq 500,SRP339960,PRJNA768428,3,768428,SRS10442950,SAMN22044707,simple,9606,Homo sapiens,GSM5609622,,,,,,,no,,,,,"ANGELA WU LAB, LIFS, HKUST",SRA1305581,,public,A030D8031AD0F81019F804F0DDBFC276,48036FDD9DC94429BC9BDA44B2A4ED3C,HUVEC+H9 scONEseq 004,HUVEC+H9 cell line co-culture,other,transcriptomic,OTHER,Normal single cell 004,GPL18573,Illumina NextSeq 500
6,SRR16195154,12/31/22 0:17,10/4/21 17:05,1229207,176079810,1229207,143,70,,https://sra-downloadb.be-md.ncbi.nlm.nih.gov/sos8/sra-pub-zq-818/SRR016/16195/SRR16195154/SRR16195154.lite.1,SRX12479400,GSM5609623,OTHER,other,TRANSCRIPTOMIC,PAIRED,0,0,ILLUMINA,NextSeq 500,SRP339960,PRJNA768428,3,768428,SRS10442951,SAMN22044706,simple,9606,Homo sapiens,GSM5609623,,,,,,,no,,,,,"ANGELA WU LAB, LIFS, HKUST",SRA1305581,,public,E475C90208DE4129E051CF73D9EAFA98,2A7F69DBCE6B811F488FD7450B0D53C6,HUVEC+H9 scONEseq 005,HUVEC+H9 cell line co-culture,other,transcriptomic,OTHER,Normal single cell 005,GPL18573,Illumina NextSeq 500
7,SRR16195153,12/31/22 0:17,10/4/21 17:05,1024753,146792703,1024753,143,59,,https://sra-downloadb.be-md.ncbi.nlm.nih.gov/sos8/sra-pub-zq-818/SRR016/16195/SRR16195153/SRR16195153.lite.1,SRX12479401,GSM5609624,OTHER,other,TRANSCRIPTOMIC,PAIRED,0,0,ILLUMINA,NextSeq 500,SRP339960,PRJNA768428,3,768428,SRS10442952,SAMN22044705,simple,9606,Homo sapiens,GSM5609624,,,,,,,no,,,,,"ANGELA WU LAB, LIFS, HKUST",SRA1305581,,public,67DA2996604182344AD26D7EE1AF14B5,5FAA152A579A111C612A94EFD9F3606A,HUVEC+H9 scONEseq 006,HUVEC+H9 cell line co-culture,other,transcriptomic,OTHER,Normal single cell 006,GPL18573,Illumina NextSeq 500
8,SRR16195152,12/31/22 0:17,10/4/21 17:05,1015576,145446512,1015576,143,58,,https://sra-downloadb.be-md.ncbi.nlm.nih.gov/sos8/sra-pub-zq-818/SRR016/16195/SRR16195152/SRR16195152.lite.1,SRX12479402,GSM5609625,OTHER,other,TRANSCRIPTOMIC,PAIRED,0,0,ILLUMINA,NextSeq 500,SRP339960,PRJNA768428,3,768428,SRS10442953,SAMN22044704,simple,9606,Homo sapiens,GSM5609625,,,,,,,no,,,,,"ANGELA WU LAB, LIFS, HKUST",SRA1305581,,public,CF0AEF250FF730207A569BF366135B43,0C2F1867F5C907379937020DB94ABDFA,HUVEC+H9 scONEseq 007,HUVEC+H9 cell line co-culture,other,transcriptomic,OTHER,Normal single cell 007,GPL18573,Illumina NextSeq 500
9,SRR16195151,12/31/22 0:17,10/4/21 17:05,713817,102235095,713817,143,41,,https://sra-downloadb.be-md.ncbi.nlm.nih.gov/sos8/sra-pub-zq-818/SRR016/16195/SRR16195151/SRR16195151.lite.1,SRX12479403,GSM5609626,OTHER,other,TRANSCRIPTOMIC,PAIRED,0,0,ILLUMINA,NextSeq 500,SRP339960,PRJNA768428,3,768428,SRS10442954,SAMN22044703,simple,9606,Homo sapiens,GSM5609626,,,,,,,no,,,,,"ANGELA WU LAB, LIFS, HKUST",SRA1305581,,public,263EBD86D10A955037FE225C970E5AB5,E72940FD9479ABFBDC9A96D6E4B8E0F2,HUVEC+H9 scONEseq 008,HUVEC+H9 cell line co-culture,other,transcriptomic,OTHER,Normal single cell 008,GPL18573,Illumina NextSeq 500
10,SRR16195150,12/31/22 0:17,10/4/21 17:05,143923,20616183,143923,143,8,,https://sra-downloadb.be-md.ncbi.nlm.nih.gov/sos8/sra-pub-zq-820/SRR016/16195/SRR16195150/SRR16195150.lite.1,SRX12479404,GSM5609627,OTHER,other,TRANSCRIPTOMIC,PAIRED,0,0,ILLUMINA,NextSeq 500,SRP339960,PRJNA768428,3,768428,SRS10442955,SAMN22044702,simple,9606,Homo sapiens,GSM5609627,,,,,,,no,,,,,"ANGELA WU LAB, LIFS, HKUST",SRA1305581,,public,82C8BEB936E956CD8D27BC99B3AA23BA,1F2297D73C64C8F7E6945275229BF705,HUVEC+H9 scONEseq 009,HUVEC+H9 cell line co-culture,other,transcriptomic,OTHER,Normal single cell 009,GPL18573,Illumina NextSeq 500
11,SRR16195149,12/31/22 0:17,10/4/21 17:05,25206,3610256,25206,143,1,,https://sra-downloadb.be-md.ncbi.nlm.nih.gov/sos8/sra-pub-zq-818/SRR016/16195/SRR16195149/SRR16195149.lite.1,SRX12479405,GSM5609628,OTHER,other,TRANSCRIPTOMIC,PAIRED,0,0,ILLUMINA,NextSeq 500,SRP339960,PRJNA768428,3,768428,SRS10442956,SAMN22044701,simple,9606,Homo sapiens,GSM5609628,,,,,,,no,,,,,"ANGELA WU LAB, LIFS, HKUST",SRA1305581,,public,51C15B7D0C76A822920339BF8E692FB3,E5B467C5E1E778FBBA6CCF06319308D2,HUVEC+H9 scONEseq 010,HUVEC+H9 cell line co-culture,other,transcriptomic,OTHER,Normal single cell 010,GPL18573,Illumina NextSeq 500
12,SRR16195148,12/31/22 0:17,10/4/21 17:05,27556,3947085,27556,143,1,,https://sra-downloadb.be-md.ncbi.nlm.nih.gov/sos8/sra-pub-zq-818/SRR016/16195/SRR16195148/SRR16195148.lite.1,SRX12479406,GSM5609629,OTHER,other,TRANSCRIPTOMIC,PAIRED,0,0,ILLUMINA,NextSeq 500,SRP339960,PRJNA768428,3,768428,SRS10442957,SAMN22044700,simple,9606,Homo sapiens,GSM5609629,,,,,,,no,,,,,"ANGELA WU LAB, LIFS, HKUST",SRA1305581,,public,2F3714E2ADD73C04D287ADF9664C56C7,0B68AE82EB490069C879275F54E3C976,HUVEC+H9 scONEseq 011,HUVEC+H9 cell line co-culture,other,transcriptomic,OTHER,Normal single cell 011,GPL18573,Illumina NextSeq 500
13,SRR16195147,12/31/22 0:17,10/4/21 17:05,116671,16712919,116671,143,6,,https://sra-downloadb.be-md.ncbi.nlm.nih.gov/sos8/sra-pub-zq-818/SRR016/16195/SRR16195147/SRR16195147.lite.1,SRX12479407,GSM5609630,OTHER,other,TRANSCRIPTOMIC,PAIRED,0,0,ILLUMINA,NextSeq 500,SRP339960,PRJNA768428,3,768428,SRS10442958,SAMN22044699,simple,9606,Homo sapiens,GSM5609630,,,,,,,no,,,,,"ANGELA WU LAB, LIFS, HKUST",SRA1305581,,public,7746165A97A28B0CADDD5DF0A1774ECC,BB69B9CF1A3D069B5FB2DC01A9AB4E98,HUVEC+H9 scONEseq 012,HUVEC+H9 cell line co-culture,other,transcriptomic,OTHER,Normal single cell 012,GPL18573,Illumina NextSeq 500
14,SRR16195146,12/31/22 0:17,10/4/21 17:05,1146970,164282685,1146970,143,66,,https://sra-downloadb.be-md.ncbi.nlm.nih.gov/sos8/sra-pub-zq-818/SRR016/16195/SRR16195146/SRR16195146.lite.1,SRX12479408,GSM5609631,OTHER,other,TRANSCRIPTOMIC,PAIRED,0,0,ILLUMINA,NextSeq 500,SRP339960,PRJNA768428,3,768428,SRS10442959,SAMN22044698,simple,9606,Homo sapiens,GSM5609631,,,,,,,no,,,,,"ANGELA WU LAB, LIFS, HKUST",SRA1305581,,public,657B0BB4CAE22680B8F8034B479A5D1D,F1889F02E5517D73E978918D38963DFD,HUVEC+H9 scONEseq 013,HUVEC+H9 cell line co-culture,other,transcriptomic,OTHER,Normal single cell 013,GPL18573,Illumina NextSeq 500
15,SRR16195145,12/31/22 0:17,10/4/21 17:05,685689,98240452,685689,143,39,,https://sra-downloadb.be-md.ncbi.nlm.nih.gov/sos8/sra-pub-zq-818/SRR016/16195/SRR16195145/SRR16195145.lite.1,SRX12479409,GSM5609632,OTHER,other,TRANSCRIPTOMIC,PAIRED,0,0,ILLUMINA,NextSeq 500,SRP339960,PRJNA768428,3,768428,SRS10442960,SAMN22044697,simple,9606,Homo sapiens,GSM5609632,,,,,,,no,,,,,"ANGELA WU LAB, LIFS, HKUST",SRA1305581,,public,2AEF42FA0B154334C02839B1FFCC46AD,3E7AD71954DBDF0F96417F81E90B440C,HUVEC+H9 scONEseq 014,HUVEC+H9 cell line co-culture,other,transcriptomic,OTHER,Normal single cell 014,GPL18573,Illumina NextSeq 500
16,SRR16195144,12/31/22 0:17,10/4/21 17:05,9188,1316516,9188,143,0,,https://sra-downloadb.be-md.ncbi.nlm.nih.gov/sos1/sra-pub-zq-38/SRR016/16195/SRR16195144/SRR16195144.lite.1,SRX12479410,GSM5609633,OTHER,other,TRANSCRIPTOMIC,PAIRED,0,0,ILLUMINA,NextSeq 500,SRP339960,PRJNA768428,3,768428,SRS10442961,SAMN22044696,simple,9606,Homo sapiens,GSM5609633,,,,,,,no,,,,,"ANGELA WU LAB, LIFS, HKUST",SRA1305581,,public,66F103B865F98D1AE70E962D6027F197,184A17D31D1C4A83E78DE09A08FD0159,HUVEC+H9 scONEseq 015,HUVEC+H9 cell line co-culture,other,transcriptomic,OTHER,Normal single cell 015,GPL18573,Illumina NextSeq 500
17,SRR16195143,12/31/22 0:17,10/4/21 17:05,951415,136286128,951415,143,55,,https://sra-downloadb.be-md.ncbi.nlm.nih.gov/sos8/sra-pub-zq-818/SRR016/16195/SRR16195143/SRR16195143.lite.1,SRX12479411,GSM5609634,OTHER,other,TRANSCRIPTOMIC,PAIRED,0,0,ILLUMINA,NextSeq 500,SRP339960,PRJNA768428,3,768428,SRS10442962,SAMN22044695,simple,9606,Homo sapiens,GSM5609634,,,,,,,no,,,,,"ANGELA WU LAB, LIFS, HKUST",SRA1305581,,public,14A01D8D687F2E7129095A6AE9935299,CB87F11DC813654DEC2CC9BD2F861057,HUVEC+H9 scONEseq 016,HUVEC+H9 cell line co-culture,other,transcriptomic,OTHER,Normal single cell 016,GPL18573,Illumina NextSeq 500
18,SRR16195142,12/31/22 0:17,10/4/21 17:05,1442617,206611311,1442617,143,84,,https://sra-downloadb.be-md.ncbi.nlm.nih.gov/sos8/sra-pub-zq-820/SRR016/16195/SRR16195142/SRR16195142.lite.1,SRX12479412,GSM5609635,OTHER,other,TRANSCRIPTOMIC,PAIRED,0,0,ILLUMINA,NextSeq 500,SRP339960,PRJNA768428,3,768428,SRS10442964,SAMN22044694,simple,9606,Homo sapiens,GSM5609635,,,,,,,no,,,,,"ANGELA WU LAB, LIFS, HKUST",SRA1305581,,public,0E16CA6D4F754CDC074485B780A166F6,BB9EFD679EB9B2FE6F5F22F926240364,HUVEC+H9 scONEseq 017,HUVEC+H9 cell line co-culture,other,transcriptomic,OTHER,Normal single cell 017,GPL18573,Illumina NextSeq 500
19,SRR16195141,12/31/22 0:17,10/4/21 17:05,1561134,223629781,1561134,143,90,,https://sra-downloadb.be-md.ncbi.nlm.nih.gov/sos9/sra-pub-zq-922/SRR016/16195/SRR16195141/SRR16195141.lite.1,SRX12479413,GSM5609636,OTHER,other,TRANSCRIPTOMIC,PAIRED,0,0,ILLUMINA,NextSeq 500,SRP339960,PRJNA768428,3,768428,SRS10442963,SAMN22044693,simple,9606,Homo sapiens,GSM5609636,,,,,,,no,,,,,"ANGELA WU LAB, LIFS, HKUST",SRA1305581,,public,6A09E3EAAB7C460076978DE8EF4C9C73,E1187C321929B74E2E4002800AFCF6EC,HUVEC+H9 scONEseq 018,HUVEC+H9 cell line co-culture,other,transcriptomic,OTHER,Normal single cell 018,GPL18573,Illumina NextSeq 500
20,SRR16195140,12/31/22 0:17,10/4/21 17:05,1463439,209610759,1463439,143,85,,https://sra-downloadb.be-md.ncbi.nlm.nih.gov/sos9/sra-pub-zq-922/SRR016/16195/SRR16195140/SRR16195140.lite.1,SRX12479414,GSM5609637,OTHER,other,TRANSCRIPTOMIC,PAIRED,0,0,ILLUMINA,NextSeq 500,SRP339960,PRJNA768428,3,768428,SRS10442965,SAMN22044692,simple,9606,Homo sapiens,GSM5609637,,,,,,,no,,,,,"ANGELA WU LAB, LIFS, HKUST",SRA1305581,,public,90B85DECA5D43920B4B68E0D71427392,3002F6F0A7D7AF0EAC596909CBF510C9,HUVEC+H9 scONEseq 019,HUVEC+H9 cell line co-culture,other,transcriptomic,OTHER,Normal single cell 019,GPL18573,Illumina NextSeq 500
21,SRR16195139,12/31/22 0:17,10/4/21 17:05,1410385,202023229,1410385,143,82,,https://sra-downloadb.be-md.ncbi.nlm.nih.gov/sos8/sra-pub-zq-818/SRR016/16195/SRR16195139/SRR16195139.lite.1,SRX12479415,GSM5609638,OTHER,other,TRANSCRIPTOMIC,PAIRED,0,0,ILLUMINA,NextSeq 500,SRP339960,PRJNA768428,3,768428,SRS10442966,SAMN22044691,simple,9606,Homo sapiens,GSM5609638,,,,,,,no,,,,,"ANGELA WU LAB, LIFS, HKUST",SRA1305581,,public,DC0F86A72D2E197CCD7BC312DC7FC2D1,03F5F6D594A4B82C162D1EBC60CA118C,HUVEC+H9 scONEseq 020,HUVEC+H9 cell line co-culture,other,transcriptomic,OTHER,Normal single cell 020,GPL18573,Illumina NextSeq 500
22,SRR16195138,12/31/22 0:17,10/4/21 17:05,1392260,199470195,1392260,143,80,,https://sra-downloadb.be-md.ncbi.nlm.nih.gov/sos9/sra-pub-zq-922/SRR016/16195/SRR16195138/SRR16195138.lite.1,SRX12479416,GSM5609639,OTHER,other,TRANSCRIPTOMIC,PAIRED,0,0,ILLUMINA,NextSeq 500,SRP339960,PRJNA768428,3,768428,SRS10442967,SAMN22044690,simple,9606,Homo sapiens,GSM5609639,,,,,,,no,,,,,"ANGELA WU LAB, LIFS, HKUST",SRA1305581,,public,D500D5A15018C42C30D46004C392462A,56F30B6EB7DFFA4612B858596B57CE85,HUVEC+H9 scONEseq 021,HUVEC+H9 cell line co-culture,other,transcriptomic,OTHER,Normal single cell 021,GPL18573,Illumina NextSeq 500
23,SRR16195137,12/31/22 0:17,10/4/21 17:05,1247804,178744158,1247804,143,72,,https://sra-downloadb.be-md.ncbi.nlm.nih.gov/sos8/sra-pub-zq-818/SRR016/16195/SRR16195137/SRR16195137.lite.1,SRX12479417,GSM5609640,OTHER,other,TRANSCRIPTOMIC,PAIRED,0,0,ILLUMINA,NextSeq 500,SRP339960,PRJNA768428,3,768428,SRS10442968,SAMN22044689,simple,9606,Homo sapiens,GSM5609640,,,,,,,no,,,,,"ANGELA WU LAB, LIFS, HKUST",SRA1305581,,public,B593AA3C7774334A4D6388AE795CFCAF,0DB20EDF467A1A1D2EF3C72D53746D24,HUVEC+H9 scONEseq 022,HUVEC+H9 cell line co-culture,other,transcriptomic,OTHER,Normal single cell 022,GPL18573,Illumina NextSeq 500
24,SRR16195136,12/31/22 0:17,10/4/21 17:05,1384390,198319671,1384390,143,80,,https://sra-downloadb.be-md.ncbi.nlm.nih.gov/sos1/sra-pub-zq-38/SRR016/16195/SRR16195136/SRR16195136.lite.1,SRX12479418,GSM5609641,OTHER,other,TRANSCRIPTOMIC,PAIRED,0,0,ILLUMINA,NextSeq 500,SRP339960,PRJNA768428,3,768428,SRS10442969,SAMN22044688,simple,9606,Homo sapiens,GSM5609641,,,,,,,no,,,,,"ANGELA WU LAB, LIFS, HKUST",SRA1305581,,public,2F05B4984A4CD7A018581F37E1010555,EE8DC24FBA56332E2A5C9320E72D70D3,HUVEC+H9 scONEseq 023,HUVEC+H9 cell line co-culture,other,transcriptomic,OTHER,Normal single cell 023,GPL18573,Illumina NextSeq 500
25,SRR16195135,12/31/22 0:17,10/4/21 17:05,1321940,189360540,1321940,143,76,,https://sra-downloadb.be-md.ncbi.nlm.nih.gov/sos8/sra-pub-zq-820/SRR016/16195/SRR16195135/SRR16195135.lite.1,SRX12479419,GSM5609642,OTHER,other,TRANSCRIPTOMIC,PAIRED,0,0,ILLUMINA,NextSeq 500,SRP339960,PRJNA768428,3,768428,SRS10442970,SAMN22044687,simple,9606,Homo sapiens,GSM5609642,,,,,,,no,,,,,"ANGELA WU LAB, LIFS, HKUST",SRA1305581,,public,4B67B2E109D267DCEFD8E4F30E08B3A0,F34B1E393BFC46F8E58C1F1BDD2F5FDD,HUVEC+H9 scONEseq 024,HUVEC+H9 cell line co-culture,other,transcriptomic,OTHER,Normal single cell 024,GPL18573,Illumina NextSeq 500
26,SRR16195134,12/31/22 0:17,10/4/21 17:05,1094814,156777744,1094814,143,64,,https://sra-downloadb.be-md.ncbi.nlm.nih.gov/sos8/sra-pub-zq-818/SRR016/16195/SRR16195134/SRR16195134.lite.1,SRX12479420,GSM5609643,OTHER,other,TRANSCRIPTOMIC,PAIRED,0,0,ILLUMINA,NextSeq 500,SRP339960,PRJNA768428,3,768428,SRS10442971,SAMN22044686,simple,9606,Homo sapiens,GSM5609643,,,,,,,no,,,,,"ANGELA WU LAB, LIFS, HKUST",SRA1305581,,public,AFC62723DA716B58A5A0A084D8AEAA5A,603FB9F479933CC3BBC01BA6F18C8ECB,HUVEC+H9 scONEseq 025,HUVEC+H9 cell line co-culture,other,transcriptomic,OTHER,Normal single cell 025,GPL18573,Illumina NextSeq 500
27,SRR16195133,12/31/22 0:17,10/4/21 17:06,4171602,624250992,4171602,149,265,,https://sra-downloadb.be-md.ncbi.nlm.nih.gov/sos9/sra-pub-zq-924/SRR016/16195/SRR16195133/SRR16195133.lite.1,SRX12479421,GSM5609716,OTHER,other,TRANSCRIPTOMIC,PAIRED,0,0,ILLUMINA,NextSeq 500,SRP339960,PRJNA768428,3,768428,SRS10442972,SAMN22044613,simple,9606,Homo sapiens,GSM5609716,,,,,,,no,,,,,"ANGELA WU LAB, LIFS, HKUST",SRA1305581,,public,D57E9012FEE48652116A24315D38F5BB,546315102C2541918BB87A3EC79AD559,NPC43 scONEseq 031,NPC43 cell line,other,transcriptomic,OTHER,NPC single cell 031,GPL18573,Illumina NextSeq 500
28,SRR16195132,12/31/22 0:17,10/4/21 17:06,3460791,518319330,3460791,149,220,,https://sra-downloadb.be-md.ncbi.nlm.nih.gov/sos8/sra-pub-zq-818/SRR016/16195/SRR16195132/SRR16195132.lite.1,SRX12479422,GSM5609717,OTHER,other,TRANSCRIPTOMIC,PAIRED,0,0,ILLUMINA,NextSeq 500,SRP339960,PRJNA768428,3,768428,SRS10442973,SAMN22044612,simple,9606,Homo sapiens,GSM5609717,,,,,,,no,,,,,"ANGELA WU LAB, LIFS, HKUST",SRA1305581,,public,BEFAD17CD85A498F20CFCB0876601278,454CA5BEB467A87D58922784D0717635,NPC43 scONEseq 032,NPC43 cell line,other,transcriptomic,OTHER,NPC single cell 032,GPL18573,Illumina NextSeq 500
29,SRR16195131,12/31/22 0:17,10/4/21 17:06,3404148,510149061,3404148,149,217,,https://sra-downloadb.be-md.ncbi.nlm.nih.gov/sos1/sra-pub-zq-38/SRR016/16195/SRR16195131/SRR16195131.lite.1,SRX12479423,GSM5609718,OTHER,other,TRANSCRIPTOMIC,PAIRED,0,0,ILLUMINA,NextSeq 500,SRP339960,PRJNA768428,3,768428,SRS10442974,SAMN22044611,simple,9606,Homo sapiens,GSM5609718,,,,,,,no,,,,,"ANGELA WU LAB, LIFS, HKUST",SRA1305581,,public,490B893AC62C6B231307E3BFA822F5E8,9690456BC200A58185826E388A5E59F8,NPC43 scONEseq 033,NPC43 cell line,other,transcriptomic,OTHER,NPC single cell 033,GPL18573,Illumina NextSeq 500
30,SRR16195130,12/31/22 0:17,10/4/21 17:06,2832285,424686975,2832285,149,179,,https://sra-downloadb.be-md.ncbi.nlm.nih.gov/sos8/sra-pub-zq-818/SRR016/16195/SRR16195130/SRR16195130.lite.1,SRX12479424,GSM5609719,OTHER,other,TRANSCRIPTOMIC,PAIRED,0,0,ILLUMINA,NextSeq 500,SRP339960,PRJNA768428,3,768428,SRS10442976,SAMN22044610,simple,9606,Homo sapiens,GSM5609719,,,,,,,no,,,,,"ANGELA WU LAB, LIFS, HKUST",SRA1305581,,public,90116F4CBEFF3114F386B06CDE821F40,AB231407C0989292DE0659C73036705F,NPC43 scONEseq 034,NPC43 cell line,other,transcriptomic,OTHER,NPC single cell 034,GPL18573,Illumina NextSeq 500
31,SRR16195129,12/31/22 0:17,10/4/21 17:06,3749785,562626938,3749785,150,239,,https://sra-downloadb.be-md.ncbi.nlm.nih.gov/sos8/sra-pub-zq-818/SRR016/16195/SRR16195129/SRR16195129.lite.1,SRX12479425,GSM5609720,OTHER,other,TRANSCRIPTOMIC,PAIRED,0,0,ILLUMINA,NextSeq 500,SRP339960,PRJNA768428,3,768428,SRS10442975,SAMN22044609,simple,9606,Homo sapiens,GSM5609720,,,,,,,no,,,,,"ANGELA WU LAB, LIFS, HKUST",SRA1305581,,public,1B414D2FA0EF3819CCCB8D2E2F8A38DC,4217CED32F5C82ACA5BB393E3348C6A8,NPC43 scONEseq 035,NPC43 cell line,other,transcriptomic,OTHER,NPC single cell 035,GPL18573,Illumina NextSeq 500
32,SRR16195128,12/31/22 0:17,10/4/21 17:06,2550464,382481461,2550464,149,162,,https://sra-downloadb.be-md.ncbi.nlm.nih.gov/sos1/sra-pub-zq-38/SRR016/16195/SRR16195128/SRR16195128.lite.1,SRX12479426,GSM5609721,OTHER,other,TRANSCRIPTOMIC,PAIRED,0,0,ILLUMINA,NextSeq 500,SRP339960,PRJNA768428,3,768428,SRS10442977,SAMN22044608,simple,9606,Homo sapiens,GSM5609721,,,,,,,no,,,,,"ANGELA WU LAB, LIFS, HKUST",SRA1305581,,public,73833EFC2696CD2B8350F767D27A126A,69D0E62DE8BE7280838EBDE2FE1B1F7E,NPC43 scONEseq 036,NPC43 cell line,other,transcriptomic,OTHER,NPC single cell 036,GPL18573,Illumina NextSeq 500
33,SRR16195127,12/31/22 0:17,10/4/21 17:06,2211456,331655145,2211456,149,141,,https://sra-downloadb.be-md.ncbi.nlm.nih.gov/sos8/sra-pub-zq-818/SRR016/16195/SRR16195127/SRR16195127.lite.1,SRX12479427,GSM5609722,OTHER,other,TRANSCRIPTOMIC,PAIRED,0,0,ILLUMINA,NextSeq 500,SRP339960,PRJNA768428,3,768428,SRS10442978,SAMN22044607,simple,9606,Homo sapiens,GSM5609722,,,,,,,no,,,,,"ANGELA WU LAB, LIFS, HKUST",SRA1305581,,public,9CFD702BB7FE4E4C263872A6B93397E9,93A88A5FDBC44883CDBDAEC52FA84989,NPC43 scONEseq 037,NPC43 cell line,other,transcriptomic,OTHER,NPC single cell 037,GPL18573,Illumina NextSeq 500
34,SRR16195126,12/31/22 0:17,10/4/21 17:06,2030702,304734639,2030702,150,130,,https://sra-downloadb.be-md.ncbi.nlm.nih.gov/sos8/sra-pub-zq-818/SRR016/16195/SRR16195126/SRR16195126.lite.1,SRX12479428,GSM5609723,OTHER,other,TRANSCRIPTOMIC,PAIRED,0,0,ILLUMINA,NextSeq 500,SRP339960,PRJNA768428,3,768428,SRS10442979,SAMN22044606,simple,9606,Homo sapiens,GSM5609723,,,,,,,no,,,,,"ANGELA WU LAB, LIFS, HKUST",SRA1305581,,public,C5C789034B409ADB5E2C527C29F6F25E,7981808BC87C83CC8F45371509742CC3,NPC43 scONEseq 038,NPC43 cell line,other,transcriptomic,OTHER,NPC single cell 038,GPL18573,Illumina NextSeq 500
35,SRR16195125,12/31/22 0:17,10/4/21 17:06,3421480,512845310,3421480,149,217,,https://sra-downloadb.be-md.ncbi.nlm.nih.gov/sos1/sra-pub-zq-38/SRR016/16195/SRR16195125/SRR16195125.lite.1,SRX12479429,GSM5609724,OTHER,other,TRANSCRIPTOMIC,PAIRED,0,0,ILLUMINA,NextSeq 500,SRP339960,PRJNA768428,3,768428,SRS10442980,SAMN22044605,simple,9606,Homo sapiens,GSM5609724,,,,,,,no,,,,,"ANGELA WU LAB, LIFS, HKUST",SRA1305581,,public,6160144EE0AF2FB28B1C85D4DF3EB914,4ADABFDFC72873B618DE2B41881477F3,NPC43 scONEseq 039,NPC43 cell line,other,transcriptomic,OTHER,NPC single cell 039,GPL18573,Illumina NextSeq 500
36,SRR16195124,12/31/22 0:17,10/4/21 17:05,1713750,256772647,1713750,149,109,,https://sra-downloadb.be-md.ncbi.nlm.nih.gov/sos8/sra-pub-zq-818/SRR016/16195/SRR16195124/SRR16195124.lite.1,SRX12479430,GSM5609725,OTHER,other,TRANSCRIPTOMIC,PAIRED,0,0,ILLUMINA,NextSeq 500,SRP339960,PRJNA768428,3,768428,SRS10442981,SAMN22044604,simple,9606,Homo sapiens,GSM5609725,,,,,,,no,,,,,"ANGELA WU LAB, LIFS, HKUST",SRA1305581,,public,736B721B87C9FEE0DBCF758A85206F10,A3373AA0A137FFC2F6A252E90D8CB598,NPC43 scONEseq 040,NPC43 cell line,other,transcriptomic,OTHER,NPC single cell 040,GPL18573,Illumina NextSeq 500
37,SRR16195123,12/31/22 0:17,10/4/21 17:07,4547154,680520948,4547154,149,289,,https://sra-downloadb.be-md.ncbi.nlm.nih.gov/sos8/sra-pub-zq-818/SRR016/16195/SRR16195123/SRR16195123.lite.1,SRX12479431,GSM5609726,OTHER,other,TRANSCRIPTOMIC,PAIRED,0,0,ILLUMINA,NextSeq 500,SRP339960,PRJNA768428,3,768428,SRS10442982,SAMN22044603,simple,9606,Homo sapiens,GSM5609726,,,,,,,no,,,,,"ANGELA WU LAB, LIFS, HKUST",SRA1305581,,public,0B1320A1F3AF2E880509B0C3769440C9,E5DB80706791777FEC35D58809AE01ED,NPC43 scONEseq 041,NPC43 cell line,other,transcriptomic,OTHER,NPC single cell 041,GPL18573,Illumina NextSeq 500
38,SRR16195122,12/31/22 0:17,10/4/21 17:06,3641272,545572042,3641272,149,229,,https://sra-downloadb.be-md.ncbi.nlm.nih.gov/sos8/sra-pub-zq-818/SRR016/16195/SRR16195122/SRR16195122.lite.1,SRX12479432,GSM5609727,OTHER,other,TRANSCRIPTOMIC,PAIRED,0,0,ILLUMINA,NextSeq 500,SRP339960,PRJNA768428,3,768428,SRS10442983,SAMN22044602,simple,9606,Homo sapiens,GSM5609727,,,,,,,no,,,,,"ANGELA WU LAB, LIFS, HKUST",SRA1305581,,public,5931991168D5847213C6D07E642D1295,8E870AC82449A57794EA6F31E1C241CF,NPC43 scONEseq 042,NPC43 cell line,other,transcriptomic,OTHER,NPC single cell 042,GPL18573,Illumina NextSeq 500
39,SRR16195121,12/31/22 0:17,10/4/21 17:06,2861554,429415390,2861554,150,182,,https://sra-downloadb.be-md.ncbi.nlm.nih.gov/sos8/sra-pub-zq-818/SRR016/16195/SRR16195121/SRR16195121.lite.1,SRX12479433,GSM5609728,OTHER,other,TRANSCRIPTOMIC,PAIRED,0,0,ILLUMINA,NextSeq 500,SRP339960,PRJNA768428,3,768428,SRS10442985,SAMN22044601,simple,9606,Homo sapiens,GSM5609728,,,,,,,no,,,,,"ANGELA WU LAB, LIFS, HKUST",SRA1305581,,public,A514A08E10FBE2AE2B522261576AD7F8,2E43BD963EE09A4F40A2890889B8040A,NPC43 scONEseq 043,NPC43 cell line,other,transcriptomic,OTHER,NPC single cell 043,GPL18573,Illumina NextSeq 500
40,SRR16195120,12/31/22 0:17,10/4/21 17:06,4379080,656080685,4379080,149,278,,https://sra-downloadb.be-md.ncbi.nlm.nih.gov/sos1/sra-pub-zq-38/SRR016/16195/SRR16195120/SRR16195120.lite.1,SRX12479434,GSM5609729,OTHER,other,TRANSCRIPTOMIC,PAIRED,0,0,ILLUMINA,NextSeq 500,SRP339960,PRJNA768428,3,768428,SRS10442984,SAMN22044600,simple,9606,Homo sapiens,GSM5609729,,,,,,,no,,,,,"ANGELA WU LAB, LIFS, HKUST",SRA1305581,,public,B85AB2F139A7717C7B41A950DCBA52EF,9A89403A3234A06BA645DF5E29EE1B98,NPC43 scONEseq 044,NPC43 cell line,other,transcriptomic,OTHER,NPC single cell 044,GPL18573,Illumina NextSeq 500
41,SRR16195119,12/31/22 0:17,10/4/21 17:06,3854020,577518240,3854020,149,244,,https://sra-downloadb.be-md.ncbi.nlm.nih.gov/sos8/sra-pub-zq-818/SRR016/16195/SRR16195119/SRR16195119.lite.1,SRX12479435,GSM5609730,OTHER,other,TRANSCRIPTOMIC,PAIRED,0,0,ILLUMINA,NextSeq 500,SRP339960,PRJNA768428,3,768428,SRS10442986,SAMN22044599,simple,9606,Homo sapiens,GSM5609730,,,,,,,no,,,,,"ANGELA WU LAB, LIFS, HKUST",SRA1305581,,public,3FC3DBF2D6F56598A05DB52AE2B3888F,AA057A81AAFB33D2D38D6D4797D0052D,NPC43 scONEseq 045,NPC43 cell line,other,transcriptomic,OTHER,NPC single cell 045,GPL18573,Illumina NextSeq 500
42,SRR16195118,12/31/22 0:17,10/4/21 17:06,3766343,564032678,3766343,149,239,,https://sra-downloadb.be-md.ncbi.nlm.nih.gov/sos8/sra-pub-zq-818/SRR016/16195/SRR16195118/SRR16195118.lite.1,SRX12479436,GSM5609731,OTHER,other,TRANSCRIPTOMIC,PAIRED,0,0,ILLUMINA,NextSeq 500,SRP339960,PRJNA768428,3,768428,SRS10442987,SAMN22044598,simple,9606,Homo sapiens,GSM5609731,,,,,,,no,,,,,"ANGELA WU LAB, LIFS, HKUST",SRA1305581,,public,F1DAF8EEBBD118A3D72F7FAEE74DE39C,A6F0E4A058B1B1D97F6BCC5995B68EEF,NPC43 scONEseq 046,NPC43 cell line,other,transcriptomic,OTHER,NPC single cell 046,GPL18573,Illumina NextSeq 500
43,SRR16195117,12/31/22 0:17,10/4/21 17:06,4827054,723277307,4827054,149,306,,https://sra-downloadb.be-md.ncbi.nlm.nih.gov/sos1/sra-pub-zq-38/SRR016/16195/SRR16195117/SRR16195117.lite.1,SRX12479437,GSM5609732,OTHER,other,TRANSCRIPTOMIC,PAIRED,0,0,ILLUMINA,NextSeq 500,SRP339960,PRJNA768428,3,768428,SRS10442988,SAMN22044597,simple,9606,Homo sapiens,GSM5609732,,,,,,,no,,,,,"ANGELA WU LAB, LIFS, HKUST",SRA1305581,,public,AB2241D43CBF7A4D505D72C90D243D01,534982C301908D0F35808EE4E3A3FBD6,NPC43 scONEseq 047,NPC43 cell line,other,transcriptomic,OTHER,NPC single cell 047,GPL18573,Illumina NextSeq 500
44,SRR16195116,12/31/22 0:17,10/4/21 17:06,3013682,451538409,3013682,149,190,,https://sra-downloadb.be-md.ncbi.nlm.nih.gov/sos1/sra-pub-zq-38/SRR016/16195/SRR16195116/SRR16195116.lite.1,SRX12479438,GSM5609733,OTHER,other,TRANSCRIPTOMIC,PAIRED,0,0,ILLUMINA,NextSeq 500,SRP339960,PRJNA768428,3,768428,SRS10442989,SAMN22044596,simple,9606,Homo sapiens,GSM5609733,,,,,,,no,,,,,"ANGELA WU LAB, LIFS, HKUST",SRA1305581,,public,A858A6610BCCAFAF967B21A76E105141,A3E23C9C3B038DD102DB40B4E8FB0F0F,NPC43 scONEseq 048,NPC43 cell line,other,transcriptomic,OTHER,NPC single cell 048,GPL18573,Illumina NextSeq 500
45,SRR16195115,12/31/22 0:17,10/4/21 17:06,3601239,540553559,3601239,150,228,,https://sra-downloadb.be-md.ncbi.nlm.nih.gov/sos9/sra-pub-zq-924/SRR016/16195/SRR16195115/SRR16195115.lite.1,SRX12479439,GSM5609734,OTHER,other,TRANSCRIPTOMIC,PAIRED,0,0,ILLUMINA,NextSeq 500,SRP339960,PRJNA768428,3,768428,SRS10442990,SAMN22044595,simple,9606,Homo sapiens,GSM5609734,,,,,,,no,,,,,"ANGELA WU LAB, LIFS, HKUST",SRA1305581,,public,942E42E0BDB128A32FF371A9A39647BB,1FD78B8D121C2E500B87286CABCCA850,NPC43 scONEseq 049,NPC43 cell line,other,transcriptomic,OTHER,NPC single cell 049,GPL18573,Illumina NextSeq 500
46,SRR16195114,12/31/22 0:17,10/4/21 17:06,3920776,587297532,3920776,149,246,,https://sra-downloadb.be-md.ncbi.nlm.nih.gov/sos8/sra-pub-zq-818/SRR016/16195/SRR16195114/SRR16195114.lite.1,SRX12479440,GSM5609735,OTHER,other,TRANSCRIPTOMIC,PAIRED,0,0,ILLUMINA,NextSeq 500,SRP339960,PRJNA768428,3,768428,SRS10442991,SAMN22044594,simple,9606,Homo sapiens,GSM5609735,,,,,,,no,,,,,"ANGELA WU LAB, LIFS, HKUST",SRA1305581,,public,A67851E0DA2AB91978B900480818EE86,405189F37044B2FB2EB017DC1308BA08,NPC43 scONEseq 050,NPC43 cell line,other,transcriptomic,OTHER,NPC single cell 050,GPL18573,Illumina NextSeq 500
47,SRR16195113,12/31/22 0:17,10/4/21 17:05,1491754,222338826,1491754,149,94,,https://sra-downloadb.be-md.ncbi.nlm.nih.gov/sos8/sra-pub-zq-818/SRR016/16195/SRR16195113/SRR16195113.lite.1,SRX12479441,GSM5609736,OTHER,other,TRANSCRIPTOMIC,PAIRED,0,0,ILLUMINA,NextSeq 500,SRP339960,PRJNA768428,3,768428,SRS10442992,SAMN22044593,simple,9606,Homo sapiens,GSM5609736,,,,,,,no,,,,,"ANGELA WU LAB, LIFS, HKUST",SRA1305581,,public,11F1CF4F37ED01D77ED8649B0FA9CD8C,4ECC800FD92B3F91964E3A308E90C947,NPC43 scONEseq 051,NPC43 cell line,other,transcriptomic,OTHER,NPC single cell 051,GPL18573,Illumina NextSeq 500
48,SRR16195112,12/31/22 0:17,10/4/21 17:06,3866020,578796521,3866020,149,243,,https://sra-downloadb.be-md.ncbi.nlm.nih.gov/sos8/sra-pub-zq-820/SRR016/16195/SRR16195112/SRR16195112.lite.1,SRX12479442,GSM5609737,OTHER,other,TRANSCRIPTOMIC,PAIRED,0,0,ILLUMINA,NextSeq 500,SRP339960,PRJNA768428,3,768428,SRS10442993,SAMN22044592,simple,9606,Homo sapiens,GSM5609737,,,,,,,no,,,,,"ANGELA WU LAB, LIFS, HKUST",SRA1305581,,public,E08401B444B34FCAEAD22E5CC67A39C3,964866871DB3DAC6A202D432D067BE34,NPC43 scONEseq 052,NPC43 cell line,other,transcriptomic,OTHER,NPC single cell 052,GPL18573,Illumina NextSeq 500
49,SRR16195111,12/31/22 0:17,10/4/21 17:07,4590412,687849998,4590412,149,289,,https://sra-downloadb.be-md.ncbi.nlm.nih.gov/sos9/sra-pub-zq-922/SRR016/16195/SRR16195111/SRR16195111.lite.1,SRX12479443,GSM5609738,OTHER,other,TRANSCRIPTOMIC,PAIRED,0,0,ILLUMINA,NextSeq 500,SRP339960,PRJNA768428,3,768428,SRS10442994,SAMN22044591,simple,9606,Homo sapiens,GSM5609738,,,,,,,no,,,,,"ANGELA WU LAB, LIFS, HKUST",SRA1305581,,public,57E1EDC422EE7282FD300782213AD008,A2C1FD1751A047B0E4F1493779931EFF,NPC43 scONEseq 053,NPC43 cell line,other,transcriptomic,OTHER,NPC single cell 053,GPL18573,Illumina NextSeq 500
50,SRR16195110,12/31/22 0:17,10/4/21 17:06,3137198,470102696,3137198,149,197,,https://sra-downloadb.be-md.ncbi.nlm.nih.gov/sos1/sra-pub-zq-38/SRR016/16195/SRR16195110/SRR16195110.lite.1,SRX12479444,GSM5609739,OTHER,other,TRANSCRIPTOMIC,PAIRED,0,0,ILLUMINA,NextSeq 500,SRP339960,PRJNA768428,3,768428,SRS10442995,SAMN22044590,simple,9606,Homo sapiens,GSM5609739,,,,,,,no,,,,,"ANGELA WU LAB, LIFS, HKUST",SRA1305581,,public,D15A61EA60C7F45EA7F7FCABA3827EC8,D4098734C4F852F24B73CAF638A91396,NPC43 scONEseq 054,NPC43 cell line,other,transcriptomic,OTHER,NPC single cell 054,GPL18573,Illumina NextSeq 500
51,SRR16195109,12/31/22 0:17,10/4/21 17:05,292983,41950652,292983,143,16,,https://sra-downloadb.be-md.ncbi.nlm.nih.gov/sos8/sra-pub-zq-818/SRR016/16195/SRR16195109/SRR16195109.lite.1,SRX12479445,GSM5609428,RNA-Seq,cDNA,TRANSCRIPTOMIC,PAIRED,0,0,ILLUMINA,NextSeq 500,SRP339960,PRJNA768428,3,768428,SRS10442996,SAMN22044901,simple,9606,Homo sapiens,GSM5609428,,,,,,,no,,,,,"ANGELA WU LAB, LIFS, HKUST",SRA1305581,,public,0DC6673DCCBF3B6989CFA9DAFD6AD903,9DF13F3E3939BEDBB2C4BD326EA007A1,Smart-HCT-04,HCT116 cell line,cDNA,transcriptomic,RNA-Seq,HCT116 single cell 004,GPL18573,Illumina NextSeq 500
52,SRR16195108,12/31/22 0:17,10/4/21 17:05,259107,37101976,259107,143,14,,https://sra-downloadb.be-md.ncbi.nlm.nih.gov/sos9/sra-pub-zq-924/SRR016/16195/SRR16195108/SRR16195108.lite.1,SRX12479446,GSM5609429,RNA-Seq,cDNA,TRANSCRIPTOMIC,PAIRED,0,0,ILLUMINA,NextSeq 500,SRP339960,PRJNA768428,3,768428,SRS10442997,SAMN22044900,simple,9606,Homo sapiens,GSM5609429,,,,,,,no,,,,,"ANGELA WU LAB, LIFS, HKUST",SRA1305581,,public,C142A70603C6600D6C0EBC05B18616C0,B05A8F7565B49A7661DE75301C7E0E45,Smart-HCT-05,HCT116 cell line,cDNA,transcriptomic,RNA-Seq,HCT116 single cell 005,GPL18573,Illumina NextSeq 500
53,SRR16195107,12/31/22 0:17,10/4/21 17:05,379100,54285404,379100,143,21,,https://sra-downloadb.be-md.ncbi.nlm.nih.gov/sos8/sra-pub-zq-818/SRR016/16195/SRR16195107/SRR16195107.lite.1,SRX12479447,GSM5609430,RNA-Seq,cDNA,TRANSCRIPTOMIC,PAIRED,0,0,ILLUMINA,NextSeq 500,SRP339960,PRJNA768428,3,768428,SRS10442998,SAMN22044899,simple,9606,Homo sapiens,GSM5609430,,,,,,,no,,,,,"ANGELA WU LAB, LIFS, HKUST",SRA1305581,,public,59BF4FB26CE5C23DC21C646DAE45110B,5B340DCEFE8C7972982FDF0B1BE9E3EB,Smart-HCT-06,HCT116 cell line,cDNA,transcriptomic,RNA-Seq,HCT116 single cell 006,GPL18573,Illumina NextSeq 500
54,SRR16195106,12/31/22 0:17,10/4/21 17:05,272249,38983645,272249,143,15,,https://sra-downloadb.be-md.ncbi.nlm.nih.gov/sos8/sra-pub-zq-818/SRR016/16195/SRR16195106/SRR16195106.lite.1,SRX12479448,GSM5609431,RNA-Seq,cDNA,TRANSCRIPTOMIC,PAIRED,0,0,ILLUMINA,NextSeq 500,SRP339960,PRJNA768428,3,768428,SRS10442999,SAMN22044898,simple,9606,Homo sapiens,GSM5609431,,,,,,,no,,,,,"ANGELA WU LAB, LIFS, HKUST",SRA1305581,,public,E825B5185C584D921FD9AB3D46ECE9B7,39F67F693CEA8D0F47A23714EE4A08CA,Smart-HCT-07,HCT116 cell line,cDNA,transcriptomic,RNA-Seq,HCT116 single cell 007,GPL18573,Illumina NextSeq 500
55,SRR16195105,12/31/22 0:17,10/4/21 17:05,253015,36230590,253015,143,14,,https://sra-downloadb.be-md.ncbi.nlm.nih.gov/sos9/sra-pub-zq-924/SRR016/16195/SRR16195105/SRR16195105.lite.1,SRX12479449,GSM5609432,RNA-Seq,cDNA,TRANSCRIPTOMIC,PAIRED,0,0,ILLUMINA,NextSeq 500,SRP339960,PRJNA768428,3,768428,SRS10443000,SAMN22044897,simple,9606,Homo sapiens,GSM5609432,,,,,,,no,,,,,"ANGELA WU LAB, LIFS, HKUST",SRA1305581,,public,FD4C659EC26FFC21938D16A27B7DFBE5,92E76D23BB1E3C3B01750B828D578FEC,Smart-HCT-08,HCT116 cell line,cDNA,transcriptomic,RNA-Seq,HCT116 single cell 008,GPL18573,Illumina NextSeq 500
56,SRR16195104,12/31/22 0:17,10/4/21 17:05,368897,52823906,368897,143,20,,https://sra-downloadb.be-md.ncbi.nlm.nih.gov/sos8/sra-pub-zq-818/SRR016/16195/SRR16195104/SRR16195104.lite.1,SRX12479450,GSM5609433,RNA-Seq,cDNA,TRANSCRIPTOMIC,PAIRED,0,0,ILLUMINA,NextSeq 500,SRP339960,PRJNA768428,3,768428,SRS10443001,SAMN22044896,simple,9606,Homo sapiens,GSM5609433,,,,,,,no,,,,,"ANGELA WU LAB, LIFS, HKUST",SRA1305581,,public,0F3E93DD5D66A687F210DA103F95CF5B,B0AE61E62FF16BEE63913988799CBA10,Smart-HCT-09,HCT116 cell line,cDNA,transcriptomic,RNA-Seq,HCT116 single cell 009,GPL18573,Illumina NextSeq 500
57,SRR16195103,12/31/22 0:17,10/4/21 17:05,326326,46727871,326326,143,18,,https://sra-downloadb.be-md.ncbi.nlm.nih.gov/sos8/sra-pub-zq-818/SRR016/16195/SRR16195103/SRR16195103.lite.1,SRX12479451,GSM5609434,RNA-Seq,cDNA,TRANSCRIPTOMIC,PAIRED,0,0,ILLUMINA,NextSeq 500,SRP339960,PRJNA768428,3,768428,SRS10443002,SAMN22044895,simple,9606,Homo sapiens,GSM5609434,,,,,,,no,,,,,"ANGELA WU LAB, LIFS, HKUST",SRA1305581,,public,BCD98509C9799720309058F549083175,ABE243ACB69F4B754C6A121FACE91F9B,Smart-HCT-10,HCT116 cell line,cDNA,transcriptomic,RNA-Seq,HCT116 single cell 010,GPL18573,Illumina NextSeq 500
58,SRR16195102,12/31/22 0:17,10/4/21 17:05,275648,39471421,275648,143,15,,https://sra-downloadb.be-md.ncbi.nlm.nih.gov/sos8/sra-pub-zq-818/SRR016/16195/SRR16195102/SRR16195102.lite.1,SRX12479452,GSM5609435,RNA-Seq,cDNA,TRANSCRIPTOMIC,PAIRED,0,0,ILLUMINA,NextSeq 500,SRP339960,PRJNA768428,3,768428,SRS10443003,SAMN22044894,simple,9606,Homo sapiens,GSM5609435,,,,,,,no,,,,,"ANGELA WU LAB, LIFS, HKUST",SRA1305581,,public,49BF03911CA7B7D69C42E460CF2802CB,0AF4DF128FC2D7DEC67EE92AEF184E28,Smart-HCT-11,HCT116 cell line,cDNA,transcriptomic,RNA-Seq,HCT116 single cell 011,GPL18573,Illumina NextSeq 500
59,SRR16195101,12/31/22 0:17,10/4/21 17:05,313544,44901138,313544,143,17,,https://sra-downloadb.be-md.ncbi.nlm.nih.gov/sos8/sra-pub-zq-818/SRR016/16195/SRR16195101/SRR16195101.lite.1,SRX12479453,GSM5609436,RNA-Seq,cDNA,TRANSCRIPTOMIC,PAIRED,0,0,ILLUMINA,NextSeq 500,SRP339960,PRJNA768428,3,768428,SRS10443004,SAMN22044893,simple,9606,Homo sapiens,GSM5609436,,,,,,,no,,,,,"ANGELA WU LAB, LIFS, HKUST",SRA1305581,,public,757A1B6275788FEF1120E37A2A69CF2E,F69784E840FAA695EC97BB602F893949,Smart-HCT-12,HCT116 cell line,cDNA,transcriptomic,RNA-Seq,HCT116 single cell 012,GPL18573,Illumina NextSeq 500
60,SRR16195100,12/31/22 0:17,10/4/21 17:05,471881,67564486,471881,143,26,,https://sra-downloadb.be-md.ncbi.nlm.nih.gov/sos8/sra-pub-zq-818/SRR016/16195/SRR16195100/SRR16195100.lite.1,SRX12479454,GSM5609437,RNA-Seq,cDNA,TRANSCRIPTOMIC,PAIRED,0,0,ILLUMINA,NextSeq 500,SRP339960,PRJNA768428,3,768428,SRS10443005,SAMN22044892,simple,9606,Homo sapiens,GSM5609437,,,,,,,no,,,,,"ANGELA WU LAB, LIFS, HKUST",SRA1305581,,public,7DC3442E0296F690B01B91300D9544DF,C8E81CA8DCAFF51C959D845430FBF7F8,Smart-HCT-13,HCT116 cell line,cDNA,transcriptomic,RNA-Seq,HCT116 single cell 013,GPL18573,Illumina NextSeq 500
61,SRR16195099,12/31/22 0:17,10/4/21 17:05,297003,42524334,297003,143,16,,https://sra-downloadb.be-md.ncbi.nlm.nih.gov/sos8/sra-pub-zq-818/SRR016/16195/SRR16195099/SRR16195099.lite.1,SRX12479455,GSM5609438,RNA-Seq,cDNA,TRANSCRIPTOMIC,PAIRED,0,0,ILLUMINA,NextSeq 500,SRP339960,PRJNA768428,3,768428,SRS10443006,SAMN22044891,simple,9606,Homo sapiens,GSM5609438,,,,,,,no,,,,,"ANGELA WU LAB, LIFS, HKUST",SRA1305581,,public,0EC02471FD7A753BB0F3F1856EF39DCE,531599BC98AE9EDE8901E8A32EB6EBCD,Smart-HCT-14,HCT116 cell line,cDNA,transcriptomic,RNA-Seq,HCT116 single cell 014,GPL18573,Illumina NextSeq 500
62,SRR16195098,12/31/22 0:17,10/4/21 17:05,433651,62092177,433651,143,24,,https://sra-downloadb.be-md.ncbi.nlm.nih.gov/sos1/sra-pub-zq-38/SRR016/16195/SRR16195098/SRR16195098.lite.1,SRX12479456,GSM5609439,RNA-Seq,cDNA,TRANSCRIPTOMIC,PAIRED,0,0,ILLUMINA,NextSeq 500,SRP339960,PRJNA768428,3,768428,SRS10443007,SAMN22044890,simple,9606,Homo sapiens,GSM5609439,,,,,,,no,,,,,"ANGELA WU LAB, LIFS, HKUST",SRA1305581,,public,28575B61A354C1F7B878E2883F048B47,AEFE912D05040511E34A4DE3A2EF54ED,Smart-HCT-15,HCT116 cell line,cDNA,transcriptomic,RNA-Seq,HCT116 single cell 015,GPL18573,Illumina NextSeq 500
63,SRR16195097,12/31/22 0:17,10/4/21 17:05,341016,48827735,341016,143,19,,https://sra-downloadb.be-md.ncbi.nlm.nih.gov/sos8/sra-pub-zq-820/SRR016/16195/SRR16195097/SRR16195097.lite.1,SRX12479457,GSM5609440,RNA-Seq,cDNA,TRANSCRIPTOMIC,PAIRED,0,0,ILLUMINA,NextSeq 500,SRP339960,PRJNA768428,3,768428,SRS10443008,SAMN22044889,simple,9606,Homo sapiens,GSM5609440,,,,,,,no,,,,,"ANGELA WU LAB, LIFS, HKUST",SRA1305581,,public,05F7C1C65505C10694F24E4CE71415A5,C5C114435B9DDC937A4769C8DA10CF5B,Smart-HCT-16,HCT116 cell line,cDNA,transcriptomic,RNA-Seq,HCT116 single cell 016,GPL18573,Illumina NextSeq 500
64,SRR16195096,12/31/22 0:17,10/4/21 17:05,282750,40487352,282750,143,15,,https://sra-downloadb.be-md.ncbi.nlm.nih.gov/sos8/sra-pub-zq-818/SRR016/16195/SRR16195096/SRR16195096.lite.1,SRX12479458,GSM5609441,RNA-Seq,cDNA,TRANSCRIPTOMIC,PAIRED,0,0,ILLUMINA,NextSeq 500,SRP339960,PRJNA768428,3,768428,SRS10443009,SAMN22044888,simple,9606,Homo sapiens,GSM5609441,,,,,,,no,,,,,"ANGELA WU LAB, LIFS, HKUST",SRA1305581,,public,040F6B70B91C95CEAF2DD20973508EEA,2F16C48A0616D4E13985994738E1EF8B,Smart-HCT-17,HCT116 cell line,cDNA,transcriptomic,RNA-Seq,HCT116 single cell 017,GPL18573,Illumina NextSeq 500
65,SRR16195094,12/31/22 0:17,10/4/21 17:05,316601,45334436,316601,143,17,,https://sra-downloadb.be-md.ncbi.nlm.nih.gov/sos9/sra-pub-zq-924/SRR016/16195/SRR16195094/SRR16195094.lite.1,SRX12479460,GSM5609443,RNA-Seq,cDNA,TRANSCRIPTOMIC,PAIRED,0,0,ILLUMINA,NextSeq 500,SRP339960,PRJNA768428,3,768428,SRS10443010,SAMN22044886,simple,9606,Homo sapiens,GSM5609443,,,,,,,no,,,,,"ANGELA WU LAB, LIFS, HKUST",SRA1305581,,public,03513A32D1A393AC07634A9BAD70F74C,0A81FCF547B347054544A11759CBAFBF,Smart-HCT-19,HCT116 cell line,cDNA,transcriptomic,RNA-Seq,HCT116 single cell 019,GPL18573,Illumina NextSeq 500
66,SRR16195095,12/31/22 0:17,10/4/21 17:05,409057,58572401,409057,143,23,,https://sra-downloadb.be-md.ncbi.nlm.nih.gov/sos8/sra-pub-zq-818/SRR016/16195/SRR16195095/SRR16195095.lite.1,SRX12479459,GSM5609442,RNA-Seq,cDNA,TRANSCRIPTOMIC,PAIRED,0,0,ILLUMINA,NextSeq 500,SRP339960,PRJNA768428,3,768428,SRS10443011,SAMN22044887,simple,9606,Homo sapiens,GSM5609442,,,,,,,no,,,,,"ANGELA WU LAB, LIFS, HKUST",SRA1305581,,public,FC1E3828DEF13ED3AEF00AB4CAD8021D,ED92C9AD48CA95BE2A91D202E74EF07F,Smart-HCT-18,HCT116 cell line,cDNA,transcriptomic,RNA-Seq,HCT116 single cell 018,GPL18573,Illumina NextSeq 500
67,SRR16195093,12/31/22 0:17,10/4/21 17:05,301746,43206732,301746,143,16,,https://sra-downloadb.be-md.ncbi.nlm.nih.gov/sos1/sra-pub-zq-38/SRR016/16195/SRR16195093/SRR16195093.lite.1,SRX12479461,GSM5609444,RNA-Seq,cDNA,TRANSCRIPTOMIC,PAIRED,0,0,ILLUMINA,NextSeq 500,SRP339960,PRJNA768428,3,768428,SRS10443012,SAMN22044885,simple,9606,Homo sapiens,GSM5609444,,,,,,,no,,,,,"ANGELA WU LAB, LIFS, HKUST",SRA1305581,,public,82C9A02A97C0634F56B634752B71372C,ED9128440179DFD66495983F9757FAC6,Smart-HCT-20,HCT116 cell line,cDNA,transcriptomic,RNA-Seq,HCT116 single cell 020,GPL18573,Illumina NextSeq 500
68,SRR16195092,12/31/22 0:17,10/4/21 17:05,422269,60464923,422269,143,23,,https://sra-downloadb.be-md.ncbi.nlm.nih.gov/sos8/sra-pub-zq-818/SRR016/16195/SRR16195092/SRR16195092.lite.1,SRX12479462,GSM5609445,RNA-Seq,cDNA,TRANSCRIPTOMIC,PAIRED,0,0,ILLUMINA,NextSeq 500,SRP339960,PRJNA768428,3,768428,SRS10443013,SAMN22044884,simple,9606,Homo sapiens,GSM5609445,,,,,,,no,,,,,"ANGELA WU LAB, LIFS, HKUST",SRA1305581,,public,35FE53C348B51201C0842D78A997FC2A,1C73C5A2F8E6A2B6164D14C2C2D6E63E,Smart-HCT-21,HCT116 cell line,cDNA,transcriptomic,RNA-Seq,HCT116 single cell 021,GPL18573,Illumina NextSeq 500
69,SRR16195091,12/31/22 0:17,10/4/21 17:05,354771,50796446,354771,143,19,,https://sra-downloadb.be-md.ncbi.nlm.nih.gov/sos1/sra-pub-zq-38/SRR016/16195/SRR16195091/SRR16195091.lite.1,SRX12479463,GSM5609446,RNA-Seq,cDNA,TRANSCRIPTOMIC,PAIRED,0,0,ILLUMINA,NextSeq 500,SRP339960,PRJNA768428,3,768428,SRS10443014,SAMN22044883,simple,9606,Homo sapiens,GSM5609446,,,,,,,no,,,,,"ANGELA WU LAB, LIFS, HKUST",SRA1305581,,public,F895E3CE8B9B8BEF4127FAD263BE8553,318B19B29221D91D1B6E8B6F6CB028DE,Smart-HCT-22,HCT116 cell line,cDNA,transcriptomic,RNA-Seq,HCT116 single cell 022,GPL18573,Illumina NextSeq 500
70,SRR16195090,12/31/22 0:17,10/4/21 17:05,315931,45237844,315931,143,17,,https://sra-downloadb.be-md.ncbi.nlm.nih.gov/sos8/sra-pub-zq-818/SRR016/16195/SRR16195090/SRR16195090.lite.1,SRX12479464,GSM5609447,RNA-Seq,cDNA,TRANSCRIPTOMIC,PAIRED,0,0,ILLUMINA,NextSeq 500,SRP339960,PRJNA768428,3,768428,SRS10443015,SAMN22044882,simple,9606,Homo sapiens,GSM5609447,,,,,,,no,,,,,"ANGELA WU LAB, LIFS, HKUST",SRA1305581,,public,1F1A60A9E0D293DCE9E5206B38488887,C37A8EC42B3E4084E29FFBB3E2A6D42A,Smart-HCT-23,HCT116 cell line,cDNA,transcriptomic,RNA-Seq,HCT116 single cell 023,GPL18573,Illumina NextSeq 500
71,SRR16195089,12/31/22 0:17,10/4/21 17:05,352567,50486037,352567,143,19,,https://sra-downloadb.be-md.ncbi.nlm.nih.gov/sos8/sra-pub-zq-818/SRR016/16195/SRR16195089/SRR16195089.lite.1,SRX12479465,GSM5609448,RNA-Seq,cDNA,TRANSCRIPTOMIC,PAIRED,0,0,ILLUMINA,NextSeq 500,SRP339960,PRJNA768428,3,768428,SRS10443016,SAMN22044881,simple,9606,Homo sapiens,GSM5609448,,,,,,,no,,,,,"ANGELA WU LAB, LIFS, HKUST",SRA1305581,,public,99C8849E5A55B6A9167FD4EFA351EFF4,B0DF2097BD623A4B3F9A46DA21D5C0DA,Smart-HCT-24,HCT116 cell line,cDNA,transcriptomic,RNA-Seq,HCT116 single cell 024,GPL18573,Illumina NextSeq 500
72,SRR16195088,12/31/22 0:17,10/4/21 17:05,399736,57234757,399736,143,22,,https://sra-downloadb.be-md.ncbi.nlm.nih.gov/sos8/sra-pub-zq-818/SRR016/16195/SRR16195088/SRR16195088.lite.1,SRX12479466,GSM5609449,RNA-Seq,cDNA,TRANSCRIPTOMIC,PAIRED,0,0,ILLUMINA,NextSeq 500,SRP339960,PRJNA768428,3,768428,SRS10443017,SAMN22044880,simple,9606,Homo sapiens,GSM5609449,,,,,,,no,,,,,"ANGELA WU LAB, LIFS, HKUST",SRA1305581,,public,E4F5A2E379B7D01FF5781166235281DD,FB5EC7708C46A7C36A5AF620481F2AA0,Smart-HCT-25,HCT116 cell line,cDNA,transcriptomic,RNA-Seq,HCT116 single cell 025,GPL18573,Illumina NextSeq 500
73,SRR16195087,12/31/22 0:17,10/4/21 17:05,310170,44410054,310170,143,17,,https://sra-downloadb.be-md.ncbi.nlm.nih.gov/sos8/sra-pub-zq-818/SRR016/16195/SRR16195087/SRR16195087.lite.1,SRX12479467,GSM5609450,RNA-Seq,cDNA,TRANSCRIPTOMIC,PAIRED,0,0,ILLUMINA,NextSeq 500,SRP339960,PRJNA768428,3,768428,SRS10443018,SAMN22044879,simple,9606,Homo sapiens,GSM5609450,,,,,,,no,,,,,"ANGELA WU LAB, LIFS, HKUST",SRA1305581,,public,1B701B2BAD4FB2125134A06E807AFF18,2F9CB5C29AA72230F9A27B0B774582E2,Smart-HCT-26,HCT116 cell line,cDNA,transcriptomic,RNA-Seq,HCT116 single cell 026,GPL18573,Illumina NextSeq 500
74,SRR16195086,12/31/22 0:17,10/4/21 17:05,312942,44807008,312942,143,17,,https://sra-downloadb.be-md.ncbi.nlm.nih.gov/sos1/sra-pub-zq-38/SRR016/16195/SRR16195086/SRR16195086.lite.1,SRX12479468,GSM5609451,RNA-Seq,cDNA,TRANSCRIPTOMIC,PAIRED,0,0,ILLUMINA,NextSeq 500,SRP339960,PRJNA768428,3,768428,SRS10443019,SAMN22044878,simple,9606,Homo sapiens,GSM5609451,,,,,,,no,,,,,"ANGELA WU LAB, LIFS, HKUST",SRA1305581,,public,231E0BDA085ED54DEE4AEA7CE086E081,A0AE5B335DB2070A5FA442F1FEEA8061,Smart-HCT-27,HCT116 cell line,cDNA,transcriptomic,RNA-Seq,HCT116 single cell 027,GPL18573,Illumina NextSeq 500
75,SRR16195085,12/31/22 0:17,10/4/21 17:05,470051,67299181,470051,143,26,,https://sra-downloadb.be-md.ncbi.nlm.nih.gov/sos8/sra-pub-zq-818/SRR016/16195/SRR16195085/SRR16195085.lite.1,SRX12479469,GSM5609476,RNA-Seq,cDNA,TRANSCRIPTOMIC,PAIRED,0,0,ILLUMINA,NextSeq 500,SRP339960,PRJNA768428,3,768428,SRS10443020,SAMN22044853,simple,9606,Homo sapiens,GSM5609476,,,,,,,no,,,,,"ANGELA WU LAB, LIFS, HKUST",SRA1305581,,public,F2BA521792C32F6DC5848C9A148C6239,D4AA529E94DB6805C3CE4B845BF79E1B,Smart-HCT-52,HCT116 cell line,cDNA,transcriptomic,RNA-Seq,HCT116 single cell 052,GPL18573,Illumina NextSeq 500
76,SRR16195084,12/31/22 0:17,10/4/21 17:05,321834,46076621,321834,143,18,,https://sra-downloadb.be-md.ncbi.nlm.nih.gov/sos9/sra-pub-zq-922/SRR016/16195/SRR16195084/SRR16195084.lite.1,SRX12479470,GSM5609477,RNA-Seq,cDNA,TRANSCRIPTOMIC,PAIRED,0,0,ILLUMINA,NextSeq 500,SRP339960,PRJNA768428,3,768428,SRS10443021,SAMN22044852,simple,9606,Homo sapiens,GSM5609477,,,,,,,no,,,,,"ANGELA WU LAB, LIFS, HKUST",SRA1305581,,public,073A6A9BA1B73564ED12B00269E68194,CB2D1BB25246F12BE5D950E86724C82E,Smart-HCT-53,HCT116 cell line,cDNA,transcriptomic,RNA-Seq,HCT116 single cell 053,GPL18573,Illumina NextSeq 500
77,SRR16195083,12/31/22 0:17,10/4/21 17:05,496947,71155546,496947,143,27,,https://sra-downloadb.be-md.ncbi.nlm.nih.gov/sos8/sra-pub-zq-818/SRR016/16195/SRR16195083/SRR16195083.lite.1,SRX12479471,GSM5609478,RNA-Seq,cDNA,TRANSCRIPTOMIC,PAIRED,0,0,ILLUMINA,NextSeq 500,SRP339960,PRJNA768428,3,768428,SRS10443022,SAMN22044851,simple,9606,Homo sapiens,GSM5609478,,,,,,,no,,,,,"ANGELA WU LAB, LIFS, HKUST",SRA1305581,,public,58E008DD4CDE4B4488C3FE641FD4A0FD,9017EA4A5D9EBD3E185521E2BD363ADB,Smart-HCT-54,HCT116 cell line,cDNA,transcriptomic,RNA-Seq,HCT116 single cell 054,GPL18573,Illumina NextSeq 500
78,SRR16195082,12/31/22 0:17,10/4/21 17:05,464606,66525180,464606,143,26,,https://sra-downloadb.be-md.ncbi.nlm.nih.gov/sos8/sra-pub-zq-820/SRR016/16195/SRR16195082/SRR16195082.lite.1,SRX12479472,GSM5609479,RNA-Seq,cDNA,TRANSCRIPTOMIC,PAIRED,0,0,ILLUMINA,NextSeq 500,SRP339960,PRJNA768428,3,768428,SRS10443023,SAMN22044850,simple,9606,Homo sapiens,GSM5609479,,,,,,,no,,,,,"ANGELA WU LAB, LIFS, HKUST",SRA1305581,,public,D61CE2003479EC366CC063064DDB9006,C3A3FCA27F6DA2D75CE8C26994E1079C,Smart-HCT-55,HCT116 cell line,cDNA,transcriptomic,RNA-Seq,HCT116 single cell 055,GPL18573,Illumina NextSeq 500
79,SRR16195081,12/31/22 0:17,10/4/21 17:05,359642,51493216,359642,143,20,,https://sra-downloadb.be-md.ncbi.nlm.nih.gov/sos8/sra-pub-zq-818/SRR016/16195/SRR16195081/SRR16195081.lite.1,SRX12479473,GSM5609480,RNA-Seq,cDNA,TRANSCRIPTOMIC,PAIRED,0,0,ILLUMINA,NextSeq 500,SRP339960,PRJNA768428,3,768428,SRS10443024,SAMN22044849,simple,9606,Homo sapiens,GSM5609480,,,,,,,no,,,,,"ANGELA WU LAB, LIFS, HKUST",SRA1305581,,public,5B15AA4EB3050B4428BF45D354441E17,76324618ED752BD5EFAAE76EBA9F32EB,Smart-HCT-56,HCT116 cell line,cDNA,transcriptomic,RNA-Seq,HCT116 single cell 056,GPL18573,Illumina NextSeq 500
80,SRR16195080,12/31/22 0:17,10/4/21 17:05,540168,77345777,540168,143,30,,https://sra-downloadb.be-md.ncbi.nlm.nih.gov/sos8/sra-pub-zq-818/SRR016/16195/SRR16195080/SRR16195080.lite.1,SRX12479474,GSM5609481,RNA-Seq,cDNA,TRANSCRIPTOMIC,PAIRED,0,0,ILLUMINA,NextSeq 500,SRP339960,PRJNA768428,3,768428,SRS10443025,SAMN22044848,simple,9606,Homo sapiens,GSM5609481,,,,,,,no,,,,,"ANGELA WU LAB, LIFS, HKUST",SRA1305581,,public,BA6C9A30735634C14CF75267C605E143,1B9E2C9829777D80ED49E6C31EF94156,Smart-HCT-57,HCT116 cell line,cDNA,transcriptomic,RNA-Seq,HCT116 single cell 057,GPL18573,Illumina NextSeq 500
81,SRR16195079,12/31/22 0:17,10/4/21 17:05,533702,76420888,533702,143,29,,https://sra-downloadb.be-md.ncbi.nlm.nih.gov/sos8/sra-pub-zq-818/SRR016/16195/SRR16195079/SRR16195079.lite.1,SRX12479475,GSM5609482,RNA-Seq,cDNA,TRANSCRIPTOMIC,PAIRED,0,0,ILLUMINA,NextSeq 500,SRP339960,PRJNA768428,3,768428,SRS10443026,SAMN22044847,simple,9606,Homo sapiens,GSM5609482,,,,,,,no,,,,,"ANGELA WU LAB, LIFS, HKUST",SRA1305581,,public,DE5596A12BC7FF1FA7A97DB444D4832D,20C6687985B4B40A5DB943055482FB09,Smart-HCT-58,HCT116 cell line,cDNA,transcriptomic,RNA-Seq,HCT116 single cell 058,GPL18573,Illumina NextSeq 500
82,SRR16195078,12/31/22 0:17,10/4/21 17:05,485240,69481191,485240,143,27,,https://sra-downloadb.be-md.ncbi.nlm.nih.gov/sos8/sra-pub-zq-818/SRR016/16195/SRR16195078/SRR16195078.lite.1,SRX12479476,GSM5609483,RNA-Seq,cDNA,TRANSCRIPTOMIC,PAIRED,0,0,ILLUMINA,NextSeq 500,SRP339960,PRJNA768428,3,768428,SRS10443027,SAMN22044846,simple,9606,Homo sapiens,GSM5609483,,,,,,,no,,,,,"ANGELA WU LAB, LIFS, HKUST",SRA1305581,,public,E46515743FCC09701D9DE4C509AAB974,A255081CD5A8F879956887DB8B064073,Smart-HCT-59,HCT116 cell line,cDNA,transcriptomic,RNA-Seq,HCT116 single cell 059,GPL18573,Illumina NextSeq 500
83,SRR16195077,12/31/22 0:17,10/4/21 17:05,465700,66682161,465700,143,26,,https://sra-downloadb.be-md.ncbi.nlm.nih.gov/sos1/sra-pub-zq-38/SRR016/16195/SRR16195077/SRR16195077.lite.1,SRX12479477,GSM5609484,RNA-Seq,cDNA,TRANSCRIPTOMIC,PAIRED,0,0,ILLUMINA,NextSeq 500,SRP339960,PRJNA768428,3,768428,SRS10443028,SAMN22044845,simple,9606,Homo sapiens,GSM5609484,,,,,,,no,,,,,"ANGELA WU LAB, LIFS, HKUST",SRA1305581,,public,E7D3EC8CA637581E78A6E715CC1B63C8,61036FD8BA384C1CFCBD642CE44281A2,Smart-HCT-60,HCT116 cell line,cDNA,transcriptomic,RNA-Seq,HCT116 single cell 060,GPL18573,Illumina NextSeq 500
84,SRR16195076,12/31/22 0:17,10/4/21 17:05,516285,73919585,516285,143,28,,https://sra-downloadb.be-md.ncbi.nlm.nih.gov/sos8/sra-pub-zq-820/SRR016/16195/SRR16195076/SRR16195076.lite.1,SRX12479478,GSM5609485,RNA-Seq,cDNA,TRANSCRIPTOMIC,PAIRED,0,0,ILLUMINA,NextSeq 500,SRP339960,PRJNA768428,3,768428,SRS10443029,SAMN22044844,simple,9606,Homo sapiens,GSM5609485,,,,,,,no,,,,,"ANGELA WU LAB, LIFS, HKUST",SRA1305581,,public,2DA1D0EBFB43F96E3EA4B8EAADA2441A,B1340CC0B0422051CAE8025A40A356B6,Smart-HCT-61,HCT116 cell line,cDNA,transcriptomic,RNA-Seq,HCT116 single cell 061,GPL18573,Illumina NextSeq 500
85,SRR16195075,12/31/22 0:17,10/4/21 17:05,376508,53905731,376508,143,21,,https://sra-downloadb.be-md.ncbi.nlm.nih.gov/sos8/sra-pub-zq-818/SRR016/16195/SRR16195075/SRR16195075.lite.1,SRX12479479,GSM5609486,RNA-Seq,cDNA,TRANSCRIPTOMIC,PAIRED,0,0,ILLUMINA,NextSeq 500,SRP339960,PRJNA768428,3,768428,SRS10443030,SAMN22044843,simple,9606,Homo sapiens,GSM5609486,,,,,,,no,,,,,"ANGELA WU LAB, LIFS, HKUST",SRA1305581,,public,E73F185DF93813275A9F43AF426A7D55,FD3B5F2A068B2A204D56D2603290797F,Smart-HCT-62,HCT116 cell line,cDNA,transcriptomic,RNA-Seq,HCT116 single cell 062,GPL18573,Illumina NextSeq 500
86,SRR16195074,12/31/22 0:17,10/4/21 17:05,294892,42225177,294892,143,16,,https://sra-downloadb.be-md.ncbi.nlm.nih.gov/sos8/sra-pub-zq-818/SRR016/16195/SRR16195074/SRR16195074.lite.1,SRX12479480,GSM5609487,RNA-Seq,cDNA,TRANSCRIPTOMIC,PAIRED,0,0,ILLUMINA,NextSeq 500,SRP339960,PRJNA768428,3,768428,SRS10443031,SAMN22044842,simple,9606,Homo sapiens,GSM5609487,,,,,,,no,,,,,"ANGELA WU LAB, LIFS, HKUST",SRA1305581,,public,46904E9358D23C128FED0E5A2F9EA2A3,E4A4B86AC7AF3766E075C73418066A4D,Smart-HCT-63,HCT116 cell line,cDNA,transcriptomic,RNA-Seq,HCT116 single cell 063,GPL18573,Illumina NextSeq 500
87,SRR16195073,12/31/22 0:17,10/4/21 17:05,358896,51381056,358896,143,20,,https://sra-downloadb.be-md.ncbi.nlm.nih.gov/sos9/sra-pub-zq-924/SRR016/16195/SRR16195073/SRR16195073.lite.1,SRX12479481,GSM5609488,RNA-Seq,cDNA,TRANSCRIPTOMIC,PAIRED,0,0,ILLUMINA,NextSeq 500,SRP339960,PRJNA768428,3,768428,SRS10443032,SAMN22044841,simple,9606,Homo sapiens,GSM5609488,,,,,,,no,,,,,"ANGELA WU LAB, LIFS, HKUST",SRA1305581,,public,4600C57F4AB46419F779B50838DD5C10,C3071655DB19B40705581F1C7FB76C2A,Smart-HCT-64,HCT116 cell line,cDNA,transcriptomic,RNA-Seq,HCT116 single cell 064,GPL18573,Illumina NextSeq 500
88,SRR16195072,12/31/22 0:17,10/4/21 17:05,356309,51016666,356309,143,20,,https://sra-downloadb.be-md.ncbi.nlm.nih.gov/sos8/sra-pub-zq-818/SRR016/16195/SRR16195072/SRR16195072.lite.1,SRX12479482,GSM5609489,RNA-Seq,cDNA,TRANSCRIPTOMIC,PAIRED,0,0,ILLUMINA,NextSeq 500,SRP339960,PRJNA768428,3,768428,SRS10443033,SAMN22044840,simple,9606,Homo sapiens,GSM5609489,,,,,,,no,,,,,"ANGELA WU LAB, LIFS, HKUST",SRA1305581,,public,2176B54CA79B510B86D9D45001382934,234C86C534D4C7292289887508470431,Smart-HCT-65,HCT116 cell line,cDNA,transcriptomic,RNA-Seq,HCT116 single cell 065,GPL18573,Illumina NextSeq 500
89,SRR16195071,12/31/22 0:17,10/4/21 17:05,517759,74139422,517759,143,29,,https://sra-downloadb.be-md.ncbi.nlm.nih.gov/sos9/sra-pub-zq-924/SRR016/16195/SRR16195071/SRR16195071.lite.1,SRX12479483,GSM5609490,RNA-Seq,cDNA,TRANSCRIPTOMIC,PAIRED,0,0,ILLUMINA,NextSeq 500,SRP339960,PRJNA768428,3,768428,SRS10443034,SAMN22044839,simple,9606,Homo sapiens,GSM5609490,,,,,,,no,,,,,"ANGELA WU LAB, LIFS, HKUST",SRA1305581,,public,E393E3ED17D5D67A90D94D89B58CFC72,608A07AF1EB2F6639D99539FCE3E0689,Smart-HCT-66,HCT116 cell line,cDNA,transcriptomic,RNA-Seq,HCT116 single cell 066,GPL18573,Illumina NextSeq 500
90,SRR16195070,12/31/22 0:17,10/4/21 17:05,418628,59938515,418628,143,23,,https://sra-downloadb.be-md.ncbi.nlm.nih.gov/sos8/sra-pub-zq-818/SRR016/16195/SRR16195070/SRR16195070.lite.1,SRX12479484,GSM5609491,RNA-Seq,cDNA,TRANSCRIPTOMIC,PAIRED,0,0,ILLUMINA,NextSeq 500,SRP339960,PRJNA768428,3,768428,SRS10443035,SAMN22044838,simple,9606,Homo sapiens,GSM5609491,,,,,,,no,,,,,"ANGELA WU LAB, LIFS, HKUST",SRA1305581,,public,235575F8692F92B2D28168919210B1F2,6EA03485009EB2CC54F34745D148619D,Smart-HCT-67,HCT116 cell line,cDNA,transcriptomic,RNA-Seq,HCT116 single cell 067,GPL18573,Illumina NextSeq 500
91,SRR16195069,12/31/22 0:17,10/4/21 17:05,328139,46981129,328139,143,18,,https://sra-downloadb.be-md.ncbi.nlm.nih.gov/sos8/sra-pub-zq-818/SRR016/16195/SRR16195069/SRR16195069.lite.1,SRX12479485,GSM5609492,RNA-Seq,cDNA,TRANSCRIPTOMIC,PAIRED,0,0,ILLUMINA,NextSeq 500,SRP339960,PRJNA768428,3,768428,SRS10443036,SAMN22044837,simple,9606,Homo sapiens,GSM5609492,,,,,,,no,,,,,"ANGELA WU LAB, LIFS, HKUST",SRA1305581,,public,80485F36890786346491C2AD38E52FFF,715C914AA1C7701E9D38132F5F22D569,Smart-HCT-68,HCT116 cell line,cDNA,transcriptomic,RNA-Seq,HCT116 single cell 068,GPL18573,Illumina NextSeq 500
92,SRR16195068,12/31/22 0:17,10/4/21 17:05,425386,60904102,425386,143,23,,https://sra-downloadb.be-md.ncbi.nlm.nih.gov/sos8/sra-pub-zq-818/SRR016/16195/SRR16195068/SRR16195068.lite.1,SRX12479486,GSM5609493,RNA-Seq,cDNA,TRANSCRIPTOMIC,PAIRED,0,0,ILLUMINA,NextSeq 500,SRP339960,PRJNA768428,3,768428,SRS10443037,SAMN22044836,simple,9606,Homo sapiens,GSM5609493,,,,,,,no,,,,,"ANGELA WU LAB, LIFS, HKUST",SRA1305581,,public,111E9AEB4197E31A230239FC2BC4BB88,81BE89B51582944031FE368EE5E99A09,Smart-HCT-69,HCT116 cell line,cDNA,transcriptomic,RNA-Seq,HCT116 single cell 069,GPL18573,Illumina NextSeq 500
93,SRR16195067,12/31/22 0:17,10/4/21 17:05,481919,69003143,481919,143,27,,https://sra-downloadb.be-md.ncbi.nlm.nih.gov/sos8/sra-pub-zq-818/SRR016/16195/SRR16195067/SRR16195067.lite.1,SRX12479487,GSM5609494,RNA-Seq,cDNA,TRANSCRIPTOMIC,PAIRED,0,0,ILLUMINA,NextSeq 500,SRP339960,PRJNA768428,3,768428,SRS10443038,SAMN22044835,simple,9606,Homo sapiens,GSM5609494,,,,,,,no,,,,,"ANGELA WU LAB, LIFS, HKUST",SRA1305581,,public,C7ABAC3F759824C13D85FFF9CFEB310F,4535132EBFBE10E699AD149261915135,Smart-HCT-70,HCT116 cell line,cDNA,transcriptomic,RNA-Seq,HCT116 single cell 070,GPL18573,Illumina NextSeq 500
94,SRR16195066,12/31/22 0:17,10/4/21 17:05,402207,57591724,402207,143,22,,https://sra-downloadb.be-md.ncbi.nlm.nih.gov/sos1/sra-pub-zq-38/SRR016/16195/SRR16195066/SRR16195066.lite.1,SRX12479488,GSM5609495,RNA-Seq,cDNA,TRANSCRIPTOMIC,PAIRED,0,0,ILLUMINA,NextSeq 500,SRP339960,PRJNA768428,3,768428,SRS10443039,SAMN22044834,simple,9606,Homo sapiens,GSM5609495,,,,,,,no,,,,,"ANGELA WU LAB, LIFS, HKUST",SRA1305581,,public,8D9081113071AE305D6B2A062FAB73AF,D2C986F05F3283BD8659DBD6E3C8D66E,Smart-HCT-71,HCT116 cell line,cDNA,transcriptomic,RNA-Seq,HCT116 single cell 071,GPL18573,Illumina NextSeq 500
95,SRR16195065,12/31/22 0:17,10/4/21 17:05,459289,65769460,459289,143,25,,https://sra-downloadb.be-md.ncbi.nlm.nih.gov/sos1/sra-pub-zq-38/SRR016/16195/SRR16195065/SRR16195065.lite.1,SRX12479489,GSM5609496,RNA-Seq,cDNA,TRANSCRIPTOMIC,PAIRED,0,0,ILLUMINA,NextSeq 500,SRP339960,PRJNA768428,3,768428,SRS10443040,SAMN22044833,simple,9606,Homo sapiens,GSM5609496,,,,,,,no,,,,,"ANGELA WU LAB, LIFS, HKUST",SRA1305581,,public,204E7BF6065B279176F62D8455C5CB40,7FC16CA65A7CCBDE7ED1402FFD58BEB6,Smart-HCT-72,HCT116 cell line,cDNA,transcriptomic,RNA-Seq,HCT116 single cell 072,GPL18573,Illumina NextSeq 500
96,SRR16195064,12/31/22 0:17,10/4/21 17:05,491664,70395826,491664,143,27,,https://sra-downloadb.be-md.ncbi.nlm.nih.gov/sos8/sra-pub-zq-818/SRR016/16195/SRR16195064/SRR16195064.lite.1,SRX12479490,GSM5609497,RNA-Seq,cDNA,TRANSCRIPTOMIC,PAIRED,0,0,ILLUMINA,NextSeq 500,SRP339960,PRJNA768428,3,768428,SRS10443041,SAMN22044832,simple,9606,Homo sapiens,GSM5609497,,,,,,,no,,,,,"ANGELA WU LAB, LIFS, HKUST",SRA1305581,,public,8D1E64F2531A4AD4A8449BE45F741463,778948245B9D94E3E54FC7A5E62228C3,Smart-HCT-73,HCT116 cell line,cDNA,transcriptomic,RNA-Seq,HCT116 single cell 073,GPL18573,Illumina NextSeq 500
97,SRR16195063,12/31/22 0:17,10/4/21 17:05,354026,50688775,354026,143,19,,https://sra-downloadb.be-md.ncbi.nlm.nih.gov/sos8/sra-pub-zq-818/SRR016/16195/SRR16195063/SRR16195063.lite.1,SRX12479491,GSM5609498,RNA-Seq,cDNA,TRANSCRIPTOMIC,PAIRED,0,0,ILLUMINA,NextSeq 500,SRP339960,PRJNA768428,3,768428,SRS10443042,SAMN22044831,simple,9606,Homo sapiens,GSM5609498,,,,,,,no,,,,,"ANGELA WU LAB, LIFS, HKUST",SRA1305581,,public,3B811924C75C1D8546E2ABB843D92743,E5D9A602BF3E2A4507861889BBECE5F6,Smart-HCT-74,HCT116 cell line,cDNA,transcriptomic,RNA-Seq,HCT116 single cell 074,GPL18573,Illumina NextSeq 500
98,SRR16195062,12/31/22 0:17,10/4/21 17:05,359725,51504423,359725,143,20,,https://sra-downloadb.be-md.ncbi.nlm.nih.gov/sos1/sra-pub-zq-38/SRR016/16195/SRR16195062/SRR16195062.lite.1,SRX12479492,GSM5609499,RNA-Seq,cDNA,TRANSCRIPTOMIC,PAIRED,0,0,ILLUMINA,NextSeq 500,SRP339960,PRJNA768428,3,768428,SRS10443043,SAMN22044830,simple,9606,Homo sapiens,GSM5609499,,,,,,,no,,,,,"ANGELA WU LAB, LIFS, HKUST",SRA1305581,,public,1E8D6A2C08ED76D7BE17C9A96869E35C,0750E63D1A178102832E1C679D3BB4CE,Smart-HCT-75,HCT116 cell line,cDNA,transcriptomic,RNA-Seq,HCT116 single cell 075,GPL18573,Illumina NextSeq 500
99,SRR16195061,12/31/22 0:17,10/4/21 17:05,418042,59876474,418042,143,24,,https://sra-downloadb.be-md.ncbi.nlm.nih.gov/sos8/sra-pub-zq-818/SRR016/16195/SRR16195061/SRR16195061.lite.1,SRX12479493,GSM5609644,OTHER,other,TRANSCRIPTOMIC,PAIRED,0,0,ILLUMINA,NextSeq 500,SRP339960,PRJNA768428,3,768428,SRS10443044,SAMN22044685,simple,9606,Homo sapiens,GSM5609644,,,,,,,no,,,,,"ANGELA WU LAB, LIFS, HKUST",SRA1305581,,public,F9895DF2155701FA27680093BCD85FFC,9B03FCE51C05A24C3D5874C64A471A8C,HUVEC+H9 scONEseq 026,HUVEC+H9 cell line co-culture,other,transcriptomic,OTHER,Normal single cell 026,GPL18573,Illumina NextSeq 500
100,SRR16195060,12/31/22 0:17,10/4/21 17:05,26481,3792743,26481,143,1,,https://sra-downloadb.be-md.ncbi.nlm.nih.gov/sos8/sra-pub-zq-818/SRR016/16195/SRR16195060/SRR16195060.lite.1,SRX12479494,GSM5609645,OTHER,other,TRANSCRIPTOMIC,PAIRED,0,0,ILLUMINA,NextSeq 500,SRP339960,PRJNA768428,3,768428,SRS10443045,SAMN22044684,simple,9606,Homo sapiens,GSM5609645,,,,,,,no,,,,,"ANGELA WU LAB, LIFS, HKUST",SRA1305581,,public,B0B54B6A4356675089C9A0C89344AA29,E6E512F9625759F90F300339CF8A6140,HUVEC+H9 scONEseq 027,HUVEC+H9 cell line co-culture,other,transcriptomic,OTHER,Normal single cell 027,GPL18573,Illumina NextSeq 500
101,SRR16195059,12/31/22 0:17,10/4/21 17:05,37873,5424755,37873,143,2,,https://sra-downloadb.be-md.ncbi.nlm.nih.gov/sos1/sra-pub-zq-38/SRR016/16195/SRR16195059/SRR16195059.lite.1,SRX12479495,GSM5609646,OTHER,other,TRANSCRIPTOMIC,PAIRED,0,0,ILLUMINA,NextSeq 500,SRP339960,PRJNA768428,3,768428,SRS10443046,SAMN22044683,simple,9606,Homo sapiens,GSM5609646,,,,,,,no,,,,,"ANGELA WU LAB, LIFS, HKUST",SRA1305581,,public,35CAAA6E60CA5CB1CA6088549F4178B2,38B32825CDE93699B892AC815EC890F8,HUVEC+H9 scONEseq 028,HUVEC+H9 cell line co-culture,other,transcriptomic,OTHER,Normal single cell 028,GPL18573,Illumina NextSeq 500
102,SRR16195057,12/31/22 0:17,10/4/21 17:05,797982,114316945,797982,143,46,,https://sra-downloadb.be-md.ncbi.nlm.nih.gov/sos8/sra-pub-zq-818/SRR016/16195/SRR16195057/SRR16195057.lite.1,SRX12479497,GSM5609648,OTHER,other,TRANSCRIPTOMIC,PAIRED,0,0,ILLUMINA,NextSeq 500,SRP339960,PRJNA768428,3,768428,SRS10443047,SAMN22044681,simple,9606,Homo sapiens,GSM5609648,,,,,,,no,,,,,"ANGELA WU LAB, LIFS, HKUST",SRA1305581,,public,46089EFD4677A9DD0EDE164AEAA52227,201B361C69C0B2E75C6803EF4661237E,HUVEC+H9 scONEseq 030,HUVEC+H9 cell line co-culture,other,transcriptomic,OTHER,Normal single cell 030,GPL18573,Illumina NextSeq 500
103,SRR16195058,12/31/22 0:17,10/4/21 17:05,922248,132120299,922248,143,53,,https://sra-downloadb.be-md.ncbi.nlm.nih.gov/sos8/sra-pub-zq-818/SRR016/16195/SRR16195058/SRR16195058.lite.1,SRX12479496,GSM5609647,OTHER,other,TRANSCRIPTOMIC,PAIRED,0,0,ILLUMINA,NextSeq 500,SRP339960,PRJNA768428,3,768428,SRS10443048,SAMN22044682,simple,9606,Homo sapiens,GSM5609647,,,,,,,no,,,,,"ANGELA WU LAB, LIFS, HKUST",SRA1305581,,public,E03F31D57EF5FDE19E337A0B929AE48A,E89C63FA645858ACE633083AC6CBEC61,HUVEC+H9 scONEseq 029,HUVEC+H9 cell line co-culture,other,transcriptomic,OTHER,Normal single cell 029,GPL18573,Illumina NextSeq 500
104,SRR16195056,12/31/22 0:17,10/4/21 17:05,91461,13101944,91461,143,5,,https://sra-downloadb.be-md.ncbi.nlm.nih.gov/sos8/sra-pub-zq-818/SRR016/16195/SRR16195056/SRR16195056.lite.1,SRX12479498,GSM5609649,OTHER,other,TRANSCRIPTOMIC,PAIRED,0,0,ILLUMINA,NextSeq 500,SRP339960,PRJNA768428,3,768428,SRS10443049,SAMN22044680,simple,9606,Homo sapiens,GSM5609649,,,,,,,no,,,,,"ANGELA WU LAB, LIFS, HKUST",SRA1305581,,public,9686B55B9EA2BF041962F7F0A4C93D65,54F5F886BC1E4354E03354CD8E9A9D77,HUVEC+H9 scONEseq 031,HUVEC+H9 cell line co-culture,other,transcriptomic,OTHER,Normal single cell 031,GPL18573,Illumina NextSeq 500
105,SRR16195054,12/31/22 0:17,10/4/21 17:05,1418054,203088973,1418054,143,82,,https://sra-downloadb.be-md.ncbi.nlm.nih.gov/sos8/sra-pub-zq-818/SRR016/16195/SRR16195054/SRR16195054.lite.1,SRX12479500,GSM5609651,OTHER,other,TRANSCRIPTOMIC,PAIRED,0,0,ILLUMINA,NextSeq 500,SRP339960,PRJNA768428,3,768428,SRS10443050,SAMN22044678,simple,9606,Homo sapiens,GSM5609651,,,,,,,no,,,,,"ANGELA WU LAB, LIFS, HKUST",SRA1305581,,public,7C94171660DFBF1D7026AC0D4F06B00F,B5473A26FD5C65420EB2ABC88E372058,HUVEC+H9 scONEseq 033,HUVEC+H9 cell line co-culture,other,transcriptomic,OTHER,Normal single cell 033,GPL18573,Illumina NextSeq 500
106,SRR16195055,12/31/22 0:17,10/4/21 17:05,837089,119913476,837089,143,48,,https://sra-downloadb.be-md.ncbi.nlm.nih.gov/sos1/sra-pub-zq-38/SRR016/16195/SRR16195055/SRR16195055.lite.1,SRX12479499,GSM5609650,OTHER,other,TRANSCRIPTOMIC,PAIRED,0,0,ILLUMINA,NextSeq 500,SRP339960,PRJNA768428,3,768428,SRS10443051,SAMN22044679,simple,9606,Homo sapiens,GSM5609650,,,,,,,no,,,,,"ANGELA WU LAB, LIFS, HKUST",SRA1305581,,public,AE49A6B29AF590B3010FABA5B387A87B,A11E492B9973795F8C7B603291B8D7F8,HUVEC+H9 scONEseq 032,HUVEC+H9 cell line co-culture,other,transcriptomic,OTHER,Normal single cell 032,GPL18573,Illumina NextSeq 500
107,SRR16195053,12/31/22 0:17,10/4/21 17:05,1388503,198890347,1388503,143,79,,https://sra-downloadb.be-md.ncbi.nlm.nih.gov/sos9/sra-pub-zq-922/SRR016/16195/SRR16195053/SRR16195053.lite.1,SRX12479501,GSM5609652,OTHER,other,TRANSCRIPTOMIC,PAIRED,0,0,ILLUMINA,NextSeq 500,SRP339960,PRJNA768428,3,768428,SRS10443052,SAMN22044677,simple,9606,Homo sapiens,GSM5609652,,,,,,,no,,,,,"ANGELA WU LAB, LIFS, HKUST",SRA1305581,,public,81925DA5FAEB166508B14674FE03F6C6,3647428A0BE36225B6B8AF9D32030B54,HUVEC+H9 scONEseq 034,HUVEC+H9 cell line co-culture,other,transcriptomic,OTHER,Normal single cell 034,GPL18573,Illumina NextSeq 500
108,SRR16195051,12/31/22 0:17,10/4/21 17:05,1408669,201765833,1408669,143,81,,https://sra-downloadb.be-md.ncbi.nlm.nih.gov/sos8/sra-pub-zq-820/SRR016/16195/SRR16195051/SRR16195051.lite.1,SRX12479503,GSM5609654,OTHER,other,TRANSCRIPTOMIC,PAIRED,0,0,ILLUMINA,NextSeq 500,SRP339960,PRJNA768428,3,768428,SRS10443053,SAMN22044675,simple,9606,Homo sapiens,GSM5609654,,,,,,,no,,,,,"ANGELA WU LAB, LIFS, HKUST",SRA1305581,,public,685B4247445DFA406527396C011FD9C0,29800331B81A56DB61D1FECC2BE89A9D,HUVEC+H9 scONEseq 036,HUVEC+H9 cell line co-culture,other,transcriptomic,OTHER,Normal single cell 036,GPL18573,Illumina NextSeq 500
109,SRR16195052,12/31/22 0:17,10/4/21 17:05,1388002,198772515,1388002,143,81,,https://sra-downloadb.be-md.ncbi.nlm.nih.gov/sos8/sra-pub-zq-818/SRR016/16195/SRR16195052/SRR16195052.lite.1,SRX12479502,GSM5609653,OTHER,other,TRANSCRIPTOMIC,PAIRED,0,0,ILLUMINA,NextSeq 500,SRP339960,PRJNA768428,3,768428,SRS10443054,SAMN22044676,simple,9606,Homo sapiens,GSM5609653,,,,,,,no,,,,,"ANGELA WU LAB, LIFS, HKUST",SRA1305581,,public,4EDCAF491DF5606FE6A62ED837704E09,E4B5F3B65D65E16685FD1CCDA58525B3,HUVEC+H9 scONEseq 035,HUVEC+H9 cell line co-culture,other,transcriptomic,OTHER,Normal single cell 035,GPL18573,Illumina NextSeq 500
110,SRR16195050,12/31/22 0:17,10/4/21 17:05,1233347,176697291,1233347,143,70,,https://sra-downloadb.be-md.ncbi.nlm.nih.gov/sos8/sra-pub-zq-818/SRR016/16195/SRR16195050/SRR16195050.lite.1,SRX12479504,GSM5609655,OTHER,other,TRANSCRIPTOMIC,PAIRED,0,0,ILLUMINA,NextSeq 500,SRP339960,PRJNA768428,3,768428,SRS10443055,SAMN22044674,simple,9606,Homo sapiens,GSM5609655,,,,,,,no,,,,,"ANGELA WU LAB, LIFS, HKUST",SRA1305581,,public,B515362F1FA267E5B3C79D0F4BC5E430,75381DA432DE752BB9F126E1332611AC,HUVEC+H9 scONEseq 037,HUVEC+H9 cell line co-culture,other,transcriptomic,OTHER,Normal single cell 037,GPL18573,Illumina NextSeq 500
111,SRR16195049,12/31/22 0:17,10/4/21 17:05,1130302,161933979,1130302,143,64,,https://sra-downloadb.be-md.ncbi.nlm.nih.gov/sos8/sra-pub-zq-818/SRR016/16195/SRR16195049/SRR16195049.lite.1,SRX12479505,GSM5609656,OTHER,other,TRANSCRIPTOMIC,PAIRED,0,0,ILLUMINA,NextSeq 500,SRP339960,PRJNA768428,3,768428,SRS10443056,SAMN22044673,simple,9606,Homo sapiens,GSM5609656,,,,,,,no,,,,,"ANGELA WU LAB, LIFS, HKUST",SRA1305581,,public,1B1D082A963531652527E994755CECE5,4FCDA6F0906AF6DF7859B831D124B9EA,HUVEC+H9 scONEseq 038,HUVEC+H9 cell line co-culture,other,transcriptomic,OTHER,Normal single cell 038,GPL18573,Illumina NextSeq 500
112,SRR16195048,12/31/22 0:17,10/4/21 17:05,1317023,188682797,1317023,143,75,,https://sra-downloadb.be-md.ncbi.nlm.nih.gov/sos8/sra-pub-zq-818/SRR016/16195/SRR16195048/SRR16195048.lite.1,SRX12479506,GSM5609657,OTHER,other,TRANSCRIPTOMIC,PAIRED,0,0,ILLUMINA,NextSeq 500,SRP339960,PRJNA768428,3,768428,SRS10443057,SAMN22044672,simple,9606,Homo sapiens,GSM5609657,,,,,,,no,,,,,"ANGELA WU LAB, LIFS, HKUST",SRA1305581,,public,5344E04E41DE80596E8549885626422E,5AA64031D9FA3B139BA6908AD20ED44F,HUVEC+H9 scONEseq 039,HUVEC+H9 cell line co-culture,other,transcriptomic,OTHER,Normal single cell 039,GPL18573,Illumina NextSeq 500
113,SRR16195047,12/31/22 0:17,10/4/21 17:05,1103713,158127344,1103713,143,63,,https://sra-downloadb.be-md.ncbi.nlm.nih.gov/sos8/sra-pub-zq-818/SRR016/16195/SRR16195047/SRR16195047.lite.1,SRX12479507,GSM5609658,OTHER,other,TRANSCRIPTOMIC,PAIRED,0,0,ILLUMINA,NextSeq 500,SRP339960,PRJNA768428,3,768428,SRS10443059,SAMN22044671,simple,9606,Homo sapiens,GSM5609658,,,,,,,no,,,,,"ANGELA WU LAB, LIFS, HKUST",SRA1305581,,public,D7DD4702EE0A0DE3FC46C0C2EE28379D,510FDC9DCF8158F684B7E755839D90BB,HUVEC+H9 scONEseq 040,HUVEC+H9 cell line co-culture,other,transcriptomic,OTHER,Normal single cell 040,GPL18573,Illumina NextSeq 500
114,SRR16195046,12/31/22 0:17,10/4/21 17:05,338974,48550147,338974,143,19,,https://sra-downloadb.be-md.ncbi.nlm.nih.gov/sos1/sra-pub-zq-38/SRR016/16195/SRR16195046/SRR16195046.lite.1,SRX12479508,GSM5609659,OTHER,other,TRANSCRIPTOMIC,PAIRED,0,0,ILLUMINA,NextSeq 500,SRP339960,PRJNA768428,3,768428,SRS10443058,SAMN22044670,simple,9606,Homo sapiens,GSM5609659,,,,,,,no,,,,,"ANGELA WU LAB, LIFS, HKUST",SRA1305581,,public,DC83F552CC0D6CD64BC887F9E649EDA2,21964E68FE25AAEA31EDBFCD6C8070E8,HUVEC+H9 scONEseq 041,HUVEC+H9 cell line co-culture,other,transcriptomic,OTHER,Normal single cell 041,GPL18573,Illumina NextSeq 500
115,SRR16195045,12/31/22 0:17,10/4/21 17:05,416451,59657046,416451,143,23,,https://sra-downloadb.be-md.ncbi.nlm.nih.gov/sos1/sra-pub-zq-38/SRR016/16195/SRR16195045/SRR16195045.lite.1,SRX12479509,GSM5609660,OTHER,other,TRANSCRIPTOMIC,PAIRED,0,0,ILLUMINA,NextSeq 500,SRP339960,PRJNA768428,3,768428,SRS10443060,SAMN22044669,simple,9606,Homo sapiens,GSM5609660,,,,,,,no,,,,,"ANGELA WU LAB, LIFS, HKUST",SRA1305581,,public,35A077A27556ED2BA1F4EA7309854BE8,A47DACCFA6071B256D9472077F36915B,HUVEC+H9 scONEseq 042,HUVEC+H9 cell line co-culture,other,transcriptomic,OTHER,Normal single cell 042,GPL18573,Illumina NextSeq 500
116,SRR16195043,12/31/22 0:17,10/4/21 17:05,1369554,196159255,1369554,143,79,,https://sra-downloadb.be-md.ncbi.nlm.nih.gov/sos8/sra-pub-zq-818/SRR016/16195/SRR16195043/SRR16195043.lite.1,SRX12479511,GSM5609662,OTHER,other,TRANSCRIPTOMIC,PAIRED,0,0,ILLUMINA,NextSeq 500,SRP339960,PRJNA768428,3,768428,SRS10443061,SAMN22044667,simple,9606,Homo sapiens,GSM5609662,,,,,,,no,,,,,"ANGELA WU LAB, LIFS, HKUST",SRA1305581,,public,16EA793B1F85B6393EF7788AE12BEFDA,E6FCAB6FE741CC407FEB60B984DCD395,HUVEC+H9 scONEseq 044,HUVEC+H9 cell line co-culture,other,transcriptomic,OTHER,Normal single cell 044,GPL18573,Illumina NextSeq 500
117,SRR16195044,12/31/22 0:17,10/4/21 17:05,248358,35578290,248358,143,14,,https://sra-downloadb.be-md.ncbi.nlm.nih.gov/sos8/sra-pub-zq-818/SRR016/16195/SRR16195044/SRR16195044.lite.1,SRX12479510,GSM5609661,OTHER,other,TRANSCRIPTOMIC,PAIRED,0,0,ILLUMINA,NextSeq 500,SRP339960,PRJNA768428,3,768428,SRS10443062,SAMN22044668,simple,9606,Homo sapiens,GSM5609661,,,,,,,no,,,,,"ANGELA WU LAB, LIFS, HKUST",SRA1305581,,public,7749D23BF129C0AAEFCF1808793A1E89,2A21CB1FF076474071A7AE46CE418012,HUVEC+H9 scONEseq 043,HUVEC+H9 cell line co-culture,other,transcriptomic,OTHER,Normal single cell 043,GPL18573,Illumina NextSeq 500
118,SRR16195042,12/31/22 0:17,10/4/21 17:04,27335,3916109,27335,143,1,,https://sra-downloadb.be-md.ncbi.nlm.nih.gov/sos1/sra-pub-zq-38/SRR016/16195/SRR16195042/SRR16195042.lite.1,SRX12479512,GSM5609663,OTHER,other,TRANSCRIPTOMIC,PAIRED,0,0,ILLUMINA,NextSeq 500,SRP339960,PRJNA768428,3,768428,SRS10443063,SAMN22044666,simple,9606,Homo sapiens,GSM5609663,,,,,,,no,,,,,"ANGELA WU LAB, LIFS, HKUST",SRA1305581,,public,E576C94DA735A8EBFA11946264D103C7,355B7E5C655D0E34B21DA935055CBCDF,HUVEC+H9 scONEseq 045,HUVEC+H9 cell line co-culture,other,transcriptomic,OTHER,Normal single cell 045,GPL18573,Illumina NextSeq 500
119,SRR16195041,12/31/22 0:17,10/4/21 17:04,57935,8300218,57935,143,3,,https://sra-downloadb.be-md.ncbi.nlm.nih.gov/sos8/sra-pub-zq-818/SRR016/16195/SRR16195041/SRR16195041.lite.1,SRX12479513,GSM5609664,OTHER,other,TRANSCRIPTOMIC,PAIRED,0,0,ILLUMINA,NextSeq 500,SRP339960,PRJNA768428,3,768428,SRS10443065,SAMN22044665,simple,9606,Homo sapiens,GSM5609664,,,,,,,no,,,,,"ANGELA WU LAB, LIFS, HKUST",SRA1305581,,public,5E0586194A6DABCD68FD7BB477774A11,0184D0DA053DB890B5BD209682D9E367,HUVEC+H9 scONEseq 046,HUVEC+H9 cell line co-culture,other,transcriptomic,OTHER,Normal single cell 046,GPL18573,Illumina NextSeq 500
120,SRR16195040,12/31/22 0:17,10/4/21 17:05,308765,44238372,308765,143,17,,https://sra-downloadb.be-md.ncbi.nlm.nih.gov/sos8/sra-pub-zq-818/SRR016/16195/SRR16195040/SRR16195040.lite.1,SRX12479514,GSM5609665,OTHER,other,TRANSCRIPTOMIC,PAIRED,0,0,ILLUMINA,NextSeq 500,SRP339960,PRJNA768428,3,768428,SRS10443064,SAMN22044664,simple,9606,Homo sapiens,GSM5609665,,,,,,,no,,,,,"ANGELA WU LAB, LIFS, HKUST",SRA1305581,,public,DAFF7FB040E9DB9D5CD19360C9B63E5D,EEC8B583A488F85D0516CD3CD6BF4B57,HUVEC+H9 scONEseq 047,HUVEC+H9 cell line co-culture,other,transcriptomic,OTHER,Normal single cell 047,GPL18573,Illumina NextSeq 500
121,SRR16195039,12/31/22 0:17,10/4/21 17:05,473402,67828183,473402,143,27,,https://sra-downloadb.be-md.ncbi.nlm.nih.gov/sos8/sra-pub-zq-818/SRR016/16195/SRR16195039/SRR16195039.lite.1,SRX12479515,GSM5609666,OTHER,other,TRANSCRIPTOMIC,PAIRED,0,0,ILLUMINA,NextSeq 500,SRP339960,PRJNA768428,3,768428,SRS10443066,SAMN22044663,simple,9606,Homo sapiens,GSM5609666,,,,,,,no,,,,,"ANGELA WU LAB, LIFS, HKUST",SRA1305581,,public,545B7689E804561E6FE4C773C902F7B8,2084B6E3C74217CCDBF04FB06E9014F7,HUVEC+H9 scONEseq 048,HUVEC+H9 cell line co-culture,other,transcriptomic,OTHER,Normal single cell 048,GPL18573,Illumina NextSeq 500
122,SRR16195038,12/31/22 0:17,10/4/21 17:05,1340193,191935736,1340193,143,77,,https://sra-downloadb.be-md.ncbi.nlm.nih.gov/sos8/sra-pub-zq-818/SRR016/16195/SRR16195038/SRR16195038.lite.1,SRX12479516,GSM5609667,OTHER,other,TRANSCRIPTOMIC,PAIRED,0,0,ILLUMINA,NextSeq 500,SRP339960,PRJNA768428,3,768428,SRS10443067,SAMN22044662,simple,9606,Homo sapiens,GSM5609667,,,,,,,no,,,,,"ANGELA WU LAB, LIFS, HKUST",SRA1305581,,public,1578E2DB2EE7DC1D80AD71F14CA67C86,46DAC8FD468739F4F0C52540EECF53EF,HUVEC+H9 scONEseq 049,HUVEC+H9 cell line co-culture,other,transcriptomic,OTHER,Normal single cell 049,GPL18573,Illumina NextSeq 500
123,SRR16195036,12/31/22 0:17,10/4/21 17:05,2648502,394985279,2648502,149,170,,https://sra-downloadb.be-md.ncbi.nlm.nih.gov/sos8/sra-pub-zq-818/SRR016/16195/SRR16195036/SRR16195036.lite.1,SRX12479518,GSM5609813,OTHER,other,TRANSCRIPTOMIC,PAIRED,0,0,ILLUMINA,NextSeq 500,SRP339960,PRJNA768428,3,768428,SRS10443068,SAMN22044516,simple,9606,Homo sapiens,GSM5609813,,,,,,,no,,,,,"ANGELA WU LAB, LIFS, HKUST",SRA1305581,,public,C82824D9B9870164B1D8747356D50C00,6E16C9D3C8715026AB057F23D5AABFB3,NPC43 scONEseq 128,NPC43 cell line,other,transcriptomic,OTHER,NPC single cell 128,GPL18573,Illumina NextSeq 500
124,SRR16195037,12/31/22 0:17,10/4/21 17:06,2744202,410663455,2744202,149,172,,https://sra-downloadb.be-md.ncbi.nlm.nih.gov/sos1/sra-pub-zq-38/SRR016/16195/SRR16195037/SRR16195037.lite.1,SRX12479517,GSM5609812,OTHER,other,TRANSCRIPTOMIC,PAIRED,0,0,ILLUMINA,NextSeq 500,SRP339960,PRJNA768428,3,768428,SRS10443069,SAMN22044517,simple,9606,Homo sapiens,GSM5609812,,,,,,,no,,,,,"ANGELA WU LAB, LIFS, HKUST",SRA1305581,,public,CF9BC2D8B419FF91824BB14D27049CDD,3C5E1E7629A4D17270C98D84A6632CB8,NPC43 scONEseq 127,NPC43 cell line,other,transcriptomic,OTHER,NPC single cell 127,GPL18573,Illumina NextSeq 500
125,SRR16195035,12/31/22 0:17,10/4/21 17:05,3297669,490923241,3297669,148,207,,https://sra-downloadb.be-md.ncbi.nlm.nih.gov/sos8/sra-pub-zq-818/SRR016/16195/SRR16195035/SRR16195035.lite.1,SRX12479519,GSM5609814,OTHER,other,TRANSCRIPTOMIC,PAIRED,0,0,ILLUMINA,NextSeq 500,SRP339960,PRJNA768428,3,768428,SRS10443070,SAMN22044515,simple,9606,Homo sapiens,GSM5609814,,,,,,,no,,,,,"ANGELA WU LAB, LIFS, HKUST",SRA1305581,,public,B1FEB5604F155CCBC1B710AFD435BEF0,2EC784824B6332B2F7CDBB5AAC1A2015,NPC43 scONEseq 129,NPC43 cell line,other,transcriptomic,OTHER,NPC single cell 129,GPL18573,Illumina NextSeq 500
126,SRR16195034,12/31/22 0:17,10/4/21 17:06,3440656,513412436,3440656,149,216,,https://sra-downloadb.be-md.ncbi.nlm.nih.gov/sos8/sra-pub-zq-818/SRR016/16195/SRR16195034/SRR16195034.lite.1,SRX12479520,GSM5609815,OTHER,other,TRANSCRIPTOMIC,PAIRED,0,0,ILLUMINA,NextSeq 500,SRP339960,PRJNA768428,3,768428,SRS10443071,SAMN22044514,simple,9606,Homo sapiens,GSM5609815,,,,,,,no,,,,,"ANGELA WU LAB, LIFS, HKUST",SRA1305581,,public,BECCFEBCB575F3CBCEF99DE63211A65F,29A28EF50FA87C4B460FEF6BE6B00F88,NPC43 scONEseq 130,NPC43 cell line,other,transcriptomic,OTHER,NPC single cell 130,GPL18573,Illumina NextSeq 500
127,SRR16195033,12/31/22 0:17,10/4/21 17:06,2647750,395692213,2647750,149,167,,https://sra-downloadb.be-md.ncbi.nlm.nih.gov/sos1/sra-pub-zq-38/SRR016/16195/SRR16195033/SRR16195033.lite.1,SRX12479521,GSM5609816,OTHER,other,TRANSCRIPTOMIC,PAIRED,0,0,ILLUMINA,NextSeq 500,SRP339960,PRJNA768428,3,768428,SRS10443073,SAMN22044513,simple,9606,Homo sapiens,GSM5609816,,,,,,,no,,,,,"ANGELA WU LAB, LIFS, HKUST",SRA1305581,,public,2334589664D856B34A7F93ED93AA79B2,BED32A0003884506AE834C6C7B7252C3,NPC43 scONEseq 131,NPC43 cell line,other,transcriptomic,OTHER,NPC single cell 131,GPL18573,Illumina NextSeq 500
128,SRR16195032,12/31/22 0:17,10/4/21 17:05,1855294,276096749,1855294,148,117,,https://sra-downloadb.be-md.ncbi.nlm.nih.gov/sos8/sra-pub-zq-818/SRR016/16195/SRR16195032/SRR16195032.lite.1,SRX12479522,GSM5609817,OTHER,other,TRANSCRIPTOMIC,PAIRED,0,0,ILLUMINA,NextSeq 500,SRP339960,PRJNA768428,3,768428,SRS10443072,SAMN22044512,simple,9606,Homo sapiens,GSM5609817,,,,,,,no,,,,,"ANGELA WU LAB, LIFS, HKUST",SRA1305581,,public,DACF4A5F50798FB3EB7C61A1BBB12E5C,1D623DAA61A1D07A44EB5653D8C02591,NPC43 scONEseq 132,NPC43 cell line,other,transcriptomic,OTHER,NPC single cell 132,GPL18573,Illumina NextSeq 500
129,SRR16195031,12/31/22 0:17,10/4/21 17:03,3528080,527017485,3528080,149,223,,https://sra-downloadb.be-md.ncbi.nlm.nih.gov/sos8/sra-pub-zq-818/SRR016/16195/SRR16195031/SRR16195031.lite.1,SRX12479523,GSM5609818,OTHER,other,TRANSCRIPTOMIC,PAIRED,0,0,ILLUMINA,NextSeq 500,SRP339960,PRJNA768428,3,768428,SRS10443074,SAMN22044511,simple,9606,Homo sapiens,GSM5609818,,,,,,,no,,,,,"ANGELA WU LAB, LIFS, HKUST",SRA1305581,,public,EF03C478E316A361ACCC84279664C260,B0460D2BB92E7868436E11EAD211C854,NPC43 scONEseq 133,NPC43 cell line,other,transcriptomic,OTHER,NPC single cell 133,GPL18573,Illumina NextSeq 500
130,SRR16195030,12/31/22 0:17,10/4/21 17:03,3312361,490479623,3312361,148,210,,https://sra-downloadb.be-md.ncbi.nlm.nih.gov/sos9/sra-pub-zq-922/SRR016/16195/SRR16195030/SRR16195030.lite.1,SRX12479524,GSM5609819,OTHER,other,TRANSCRIPTOMIC,PAIRED,0,0,ILLUMINA,NextSeq 500,SRP339960,PRJNA768428,3,768428,SRS10443076,SAMN22044510,simple,9606,Homo sapiens,GSM5609819,,,,,,,no,,,,,"ANGELA WU LAB, LIFS, HKUST",SRA1305581,,public,A84817E6A833329A73C9852FD710A22E,4554852D75378C148F145BC4E9BE7304,NPC43 scONEseq 134,NPC43 cell line,other,transcriptomic,OTHER,NPC single cell 134,GPL18573,Illumina NextSeq 500
131,SRR16195029,12/31/22 0:17,10/4/21 17:02,3371225,503353329,3371225,149,212,,https://sra-downloadb.be-md.ncbi.nlm.nih.gov/sos9/sra-pub-zq-922/SRR016/16195/SRR16195029/SRR16195029.lite.1,SRX12479525,GSM5609820,OTHER,other,TRANSCRIPTOMIC,PAIRED,0,0,ILLUMINA,NextSeq 500,SRP339960,PRJNA768428,3,768428,SRS10443075,SAMN22044509,simple,9606,Homo sapiens,GSM5609820,,,,,,,no,,,,,"ANGELA WU LAB, LIFS, HKUST",SRA1305581,,public,99E2B598CF44B8330620E6C77F9E0454,54916B9395F56AAA15DE14F1AAF898CA,NPC43 scONEseq 135,NPC43 cell line,other,transcriptomic,OTHER,NPC single cell 135,GPL18573,Illumina NextSeq 500
132,SRR16195028,12/31/22 0:17,10/4/21 17:03,4205885,624173159,4205885,148,266,,https://sra-downloadb.be-md.ncbi.nlm.nih.gov/sos1/sra-pub-zq-38/SRR016/16195/SRR16195028/SRR16195028.lite.1,SRX12479526,GSM5609821,OTHER,other,TRANSCRIPTOMIC,PAIRED,0,0,ILLUMINA,NextSeq 500,SRP339960,PRJNA768428,3,768428,SRS10443077,SAMN22044508,simple,9606,Homo sapiens,GSM5609821,,,,,,,no,,,,,"ANGELA WU LAB, LIFS, HKUST",SRA1305581,,public,A34CB49986ED45A015D7717A5FBD016C,787FEE2B9B4668BEEAD6F867DC280920,NPC43 scONEseq 136,NPC43 cell line,other,transcriptomic,OTHER,NPC single cell 136,GPL18573,Illumina NextSeq 500
133,SRR16195027,12/31/22 0:17,10/4/21 17:02,2897129,434301777,2897129,149,183,,https://sra-downloadb.be-md.ncbi.nlm.nih.gov/sos1/sra-pub-zq-38/SRR016/16195/SRR16195027/SRR16195027.lite.1,SRX12479527,GSM5609822,OTHER,other,TRANSCRIPTOMIC,PAIRED,0,0,ILLUMINA,NextSeq 500,SRP339960,PRJNA768428,3,768428,SRS10443079,SAMN22044507,simple,9606,Homo sapiens,GSM5609822,,,,,,,no,,,,,"ANGELA WU LAB, LIFS, HKUST",SRA1305581,,public,6195F811E01294438196A8A1DE7C1C60,FDA5C700B6213F48567F51CB9065FA25,NPC43 scONEseq 137,NPC43 cell line,other,transcriptomic,OTHER,NPC single cell 137,GPL18573,Illumina NextSeq 500
134,SRR16195026,12/31/22 0:17,10/4/21 17:03,4248669,635022570,4248669,149,268,,https://sra-downloadb.be-md.ncbi.nlm.nih.gov/sos9/sra-pub-zq-924/SRR016/16195/SRR16195026/SRR16195026.lite.1,SRX12479528,GSM5609823,OTHER,other,TRANSCRIPTOMIC,PAIRED,0,0,ILLUMINA,NextSeq 500,SRP339960,PRJNA768428,3,768428,SRS10443078,SAMN22044506,simple,9606,Homo sapiens,GSM5609823,,,,,,,no,,,,,"ANGELA WU LAB, LIFS, HKUST",SRA1305581,,public,3A3622536245DCB9656DD4A443DA54EF,51929433806B4B478A0F564C447E966C,NPC43 scONEseq 138,NPC43 cell line,other,transcriptomic,OTHER,NPC single cell 138,GPL18573,Illumina NextSeq 500
135,SRR16195025,12/31/22 0:17,10/4/21 17:03,4052716,606178232,4052716,149,257,,https://sra-downloadb.be-md.ncbi.nlm.nih.gov/sos8/sra-pub-zq-818/SRR016/16195/SRR16195025/SRR16195025.lite.1,SRX12479529,GSM5609824,OTHER,other,TRANSCRIPTOMIC,PAIRED,0,0,ILLUMINA,NextSeq 500,SRP339960,PRJNA768428,3,768428,SRS10443080,SAMN22044505,simple,9606,Homo sapiens,GSM5609824,,,,,,,no,,,,,"ANGELA WU LAB, LIFS, HKUST",SRA1305581,,public,81FD72C3AD46C101EE99E77FCB958D1E,6C19A7D57CB6E8918D86DEC7BCF22105,NPC43 scONEseq 139,NPC43 cell line,other,transcriptomic,OTHER,NPC single cell 139,GPL18573,Illumina NextSeq 500
136,SRR16195024,12/31/22 0:17,10/4/21 17:02,3780237,565814879,3780237,149,238,,https://sra-downloadb.be-md.ncbi.nlm.nih.gov/sos8/sra-pub-zq-818/SRR016/16195/SRR16195024/SRR16195024.lite.1,SRX12479530,GSM5609825,OTHER,other,TRANSCRIPTOMIC,PAIRED,0,0,ILLUMINA,NextSeq 500,SRP339960,PRJNA768428,3,768428,SRS10443082,SAMN22044504,simple,9606,Homo sapiens,GSM5609825,,,,,,,no,,,,,"ANGELA WU LAB, LIFS, HKUST",SRA1305581,,public,B0A221D8E51B506CFCD09AC7EF04E7B8,04752C91695E3D11D10FE27368627786,NPC43 scONEseq 140,NPC43 cell line,other,transcriptomic,OTHER,NPC single cell 140,GPL18573,Illumina NextSeq 500
137,SRR16195023,12/31/22 0:17,10/4/21 17:01,845441,123295459,845441,145,52,,https://sra-downloadb.be-md.ncbi.nlm.nih.gov/sos8/sra-pub-zq-820/SRR016/16195/SRR16195023/SRR16195023.lite.1,SRX12479531,GSM5609826,OTHER,other,TRANSCRIPTOMIC,PAIRED,0,0,ILLUMINA,NextSeq 500,SRP339960,PRJNA768428,3,768428,SRS10443081,SAMN22044503,simple,9606,Homo sapiens,GSM5609826,,,,,,,no,,,,,"ANGELA WU LAB, LIFS, HKUST",SRA1305581,,public,5819E2FDFB0E6E97E7201C0D0C35FA39,0875A34A9BE7A9F847B4FB7F14E0B8F0,NPC43 scONEseq 141,NPC43 cell line,other,transcriptomic,OTHER,NPC single cell 141,GPL18573,Illumina NextSeq 500
138,SRR16195022,12/31/22 0:17,10/4/21 17:01,13566,1984781,13566,146,0,,https://sra-downloadb.be-md.ncbi.nlm.nih.gov/sos1/sra-pub-zq-38/SRR016/16195/SRR16195022/SRR16195022.lite.1,SRX12479532,GSM5609827,OTHER,other,TRANSCRIPTOMIC,PAIRED,0,0,ILLUMINA,NextSeq 500,SRP339960,PRJNA768428,3,768428,SRS10443083,SAMN22044502,simple,9606,Homo sapiens,GSM5609827,,,,,,,no,,,,,"ANGELA WU LAB, LIFS, HKUST",SRA1305581,,public,769E9E6D036509533B5D9A5CE0FE93FC,63347BE3256D86416DFD8BA20F9F90D2,NPC43 scONEseq 142,NPC43 cell line,other,transcriptomic,OTHER,NPC single cell 142,GPL18573,Illumina NextSeq 500
139,SRR16195021,12/31/22 0:17,10/4/21 17:01,2343871,340047206,2343871,145,148,,https://sra-downloadb.be-md.ncbi.nlm.nih.gov/sos8/sra-pub-zq-820/SRR016/16195/SRR16195021/SRR16195021.lite.1,SRX12479533,GSM5609828,OTHER,other,TRANSCRIPTOMIC,PAIRED,0,0,ILLUMINA,NextSeq 500,SRP339960,PRJNA768428,3,768428,SRS10443084,SAMN22044501,simple,9606,Homo sapiens,GSM5609828,,,,,,,no,,,,,"ANGELA WU LAB, LIFS, HKUST",SRA1305581,,public,2151EC95D1D749A638218D77B4C32882,92D03F96EC1C46BE46A3895332BE3B88,NPC43 scONEseq 143,NPC43 cell line,other,transcriptomic,OTHER,NPC single cell 143,GPL18573,Illumina NextSeq 500
140,SRR16195020,12/31/22 0:17,10/4/21 17:02,2187918,325655045,2187918,148,138,,https://sra-downloadb.be-md.ncbi.nlm.nih.gov/sos8/sra-pub-zq-818/SRR016/16195/SRR16195020/SRR16195020.lite.1,SRX12479534,GSM5609829,OTHER,other,TRANSCRIPTOMIC,PAIRED,0,0,ILLUMINA,NextSeq 500,SRP339960,PRJNA768428,3,768428,SRS10443085,SAMN22044500,simple,9606,Homo sapiens,GSM5609829,,,,,,,no,,,,,"ANGELA WU LAB, LIFS, HKUST",SRA1305581,,public,6E8B590405218D67221D05417588DC0A,A1CBE2E8591DFCF53D7CA83FF2FB9823,NPC43 scONEseq 144,NPC43 cell line,other,transcriptomic,OTHER,NPC single cell 144,GPL18573,Illumina NextSeq 500
141,SRR16195019,12/31/22 0:17,10/4/21 17:02,2817613,419053359,2817613,148,178,,https://sra-downloadb.be-md.ncbi.nlm.nih.gov/sos8/sra-pub-zq-818/SRR016/16195/SRR16195019/SRR16195019.lite.1,SRX12479535,GSM5609830,OTHER,other,TRANSCRIPTOMIC,PAIRED,0,0,ILLUMINA,NextSeq 500,SRP339960,PRJNA768428,3,768428,SRS10443086,SAMN22044499,simple,9606,Homo sapiens,GSM5609830,,,,,,,no,,,,,"ANGELA WU LAB, LIFS, HKUST",SRA1305581,,public,06BF7F9F27D0A4827E6EA5A14DF46CAC,A059154456AD088E9AD45E8270285B9B,NPC43 scONEseq 145,NPC43 cell line,other,transcriptomic,OTHER,NPC single cell 145,GPL18573,Illumina NextSeq 500
142,SRR16195018,12/31/22 0:17,10/4/21 17:02,3454729,511909885,3454729,148,219,,https://sra-downloadb.be-md.ncbi.nlm.nih.gov/sos8/sra-pub-zq-818/SRR016/16195/SRR16195018/SRR16195018.lite.1,SRX12479536,GSM5609831,OTHER,other,TRANSCRIPTOMIC,PAIRED,0,0,ILLUMINA,NextSeq 500,SRP339960,PRJNA768428,3,768428,SRS10443087,SAMN22044498,simple,9606,Homo sapiens,GSM5609831,,,,,,,no,,,,,"ANGELA WU LAB, LIFS, HKUST",SRA1305581,,public,A1D2E07F7B56CB25222C8D2A3A3B4FF1,12966242CB6A5A2F16B9C389F327FFB9,NPC43 scONEseq 146,NPC43 cell line,other,transcriptomic,OTHER,NPC single cell 146,GPL18573,Illumina NextSeq 500
143,SRR16195017,12/31/22 0:17,10/4/21 17:02,2667286,394583299,2667286,147,169,,https://sra-downloadb.be-md.ncbi.nlm.nih.gov/sos1/sra-pub-zq-38/SRR016/16195/SRR16195017/SRR16195017.lite.1,SRX12479537,GSM5609832,OTHER,other,TRANSCRIPTOMIC,PAIRED,0,0,ILLUMINA,NextSeq 500,SRP339960,PRJNA768428,3,768428,SRS10443088,SAMN22044497,simple,9606,Homo sapiens,GSM5609832,,,,,,,no,,,,,"ANGELA WU LAB, LIFS, HKUST",SRA1305581,,public,C9ABC0644CC89847FD121E40E2CFF1E7,AE097233E6F57D2AF3DC9E6C3573D866,NPC43 scONEseq 147,NPC43 cell line,other,transcriptomic,OTHER,NPC single cell 147,GPL18573,Illumina NextSeq 500
144,SRR16195016,12/31/22 0:17,10/4/21 17:01,1564141,233202839,1564141,149,98,,https://sra-downloadb.be-md.ncbi.nlm.nih.gov/sos8/sra-pub-zq-818/SRR016/16195/SRR16195016/SRR16195016.lite.1,SRX12479538,GSM5609833,OTHER,other,TRANSCRIPTOMIC,PAIRED,0,0,ILLUMINA,NextSeq 500,SRP339960,PRJNA768428,3,768428,SRS10443089,SAMN22044496,simple,9606,Homo sapiens,GSM5609833,,,,,,,no,,,,,"ANGELA WU LAB, LIFS, HKUST",SRA1305581,,public,5C48AD99E98D957B44C3A50013DBF67F,32D875DE59BEC1D713D4ABAA64500CA4,NPC43 scONEseq 148,NPC43 cell line,other,transcriptomic,OTHER,NPC single cell 148,GPL18573,Illumina NextSeq 500
145,SRR16195015,12/31/22 0:17,10/4/21 17:02,3719452,554627123,3719452,149,235,,https://sra-downloadb.be-md.ncbi.nlm.nih.gov/sos8/sra-pub-zq-818/SRR016/16195/SRR16195015/SRR16195015.lite.1,SRX12479539,GSM5609834,OTHER,other,TRANSCRIPTOMIC,PAIRED,0,0,ILLUMINA,NextSeq 500,SRP339960,PRJNA768428,3,768428,SRS10443090,SAMN22044495,simple,9606,Homo sapiens,GSM5609834,,,,,,,no,,,,,"ANGELA WU LAB, LIFS, HKUST",SRA1305581,,public,027C3B28DDF358B35537EBD37EAD6F19,57D1769779EC82DA42B1149978E1CA1C,NPC43 scONEseq 149,NPC43 cell line,other,transcriptomic,OTHER,NPC single cell 149,GPL18573,Illumina NextSeq 500
146,SRR16195014,12/31/22 0:17,10/4/21 17:01,2764807,412787814,2764807,149,175,,https://sra-downloadb.be-md.ncbi.nlm.nih.gov/sos8/sra-pub-zq-818/SRR016/16195/SRR16195014/SRR16195014.lite.1,SRX12479540,GSM5609835,OTHER,other,TRANSCRIPTOMIC,PAIRED,0,0,ILLUMINA,NextSeq 500,SRP339960,PRJNA768428,3,768428,SRS10443091,SAMN22044494,simple,9606,Homo sapiens,GSM5609835,,,,,,,no,,,,,"ANGELA WU LAB, LIFS, HKUST",SRA1305581,,public,A2B7793283E31E2BF089A167009057C0,85E3D0F9D78242F36C72CEB7CF28E1EA,NPC43 scONEseq 150,NPC43 cell line,other,transcriptomic,OTHER,NPC single cell 150,GPL18573,Illumina NextSeq 500
147,SRR16195013,12/31/22 0:17,10/4/21 17:02,3613998,540813545,3613998,149,227,,https://sra-downloadb.be-md.ncbi.nlm.nih.gov/sos1/sra-pub-zq-38/SRR016/16195/SRR16195013/SRR16195013.lite.1,SRX12479541,GSM5609740,OTHER,other,TRANSCRIPTOMIC,PAIRED,0,0,ILLUMINA,NextSeq 500,SRP339960,PRJNA768428,3,768428,SRS10443092,SAMN22044589,simple,9606,Homo sapiens,GSM5609740,,,,,,,no,,,,,"ANGELA WU LAB, LIFS, HKUST",SRA1305581,,public,A78F29687EF92ACFB5F747E9508A917B,24DA06D7B89BC3F14E08C03E6C0862CD,NPC43 scONEseq 055,NPC43 cell line,other,transcriptomic,OTHER,NPC single cell 055,GPL18573,Illumina NextSeq 500
148,SRR16195012,12/31/22 0:17,10/4/21 17:02,3246957,486888107,3246957,149,205,,https://sra-downloadb.be-md.ncbi.nlm.nih.gov/sos8/sra-pub-zq-818/SRR016/16195/SRR16195012/SRR16195012.lite.1,SRX12479542,GSM5609741,OTHER,other,TRANSCRIPTOMIC,PAIRED,0,0,ILLUMINA,NextSeq 500,SRP339960,PRJNA768428,3,768428,SRS10443093,SAMN22044588,simple,9606,Homo sapiens,GSM5609741,,,,,,,no,,,,,"ANGELA WU LAB, LIFS, HKUST",SRA1305581,,public,9AA246A466AC2B28713EC2684C9CACC8,9B20509262547468293300915AA2D333,NPC43 scONEseq 056,NPC43 cell line,other,transcriptomic,OTHER,NPC single cell 056,GPL18573,Illumina NextSeq 500
149,SRR16195011,12/31/22 0:17,10/4/21 17:02,3390423,507766251,3390423,149,214,,https://sra-downloadb.be-md.ncbi.nlm.nih.gov/sos8/sra-pub-zq-818/SRR016/16195/SRR16195011/SRR16195011.lite.1,SRX12479543,GSM5609742,OTHER,other,TRANSCRIPTOMIC,PAIRED,0,0,ILLUMINA,NextSeq 500,SRP339960,PRJNA768428,3,768428,SRS10443094,SAMN22044587,simple,9606,Homo sapiens,GSM5609742,,,,,,,no,,,,,"ANGELA WU LAB, LIFS, HKUST",SRA1305581,,public,6101AA267110D1B391E2984DB7D744C6,9AFB8B6D077A70D079B357936FF6A3D4,NPC43 scONEseq 057,NPC43 cell line,other,transcriptomic,OTHER,NPC single cell 057,GPL18573,Illumina NextSeq 500
150,SRR16195010,12/31/22 0:17,10/4/21 17:02,3728197,557950936,3728197,149,235,,https://sra-downloadb.be-md.ncbi.nlm.nih.gov/sos8/sra-pub-zq-818/SRR016/16195/SRR16195010/SRR16195010.lite.1,SRX12479544,GSM5609743,OTHER,other,TRANSCRIPTOMIC,PAIRED,0,0,ILLUMINA,NextSeq 500,SRP339960,PRJNA768428,3,768428,SRS10443095,SAMN22044586,simple,9606,Homo sapiens,GSM5609743,,,,,,,no,,,,,"ANGELA WU LAB, LIFS, HKUST",SRA1305581,,public,71B12F03623A7CC40C17126EC37C16F2,496D1740B40AA6AEFEA6BFBDE1D24800,NPC43 scONEseq 058,NPC43 cell line,other,transcriptomic,OTHER,NPC single cell 058,GPL18573,Illumina NextSeq 500
151,SRR16195009,12/31/22 0:17,10/4/21 17:01,2432808,364574296,2432808,149,153,,https://sra-downloadb.be-md.ncbi.nlm.nih.gov/sos9/sra-pub-zq-924/SRR016/16195/SRR16195009/SRR16195009.lite.1,SRX12479545,GSM5609744,OTHER,other,TRANSCRIPTOMIC,PAIRED,0,0,ILLUMINA,NextSeq 500,SRP339960,PRJNA768428,3,768428,SRS10443096,SAMN22044585,simple,9606,Homo sapiens,GSM5609744,,,,,,,no,,,,,"ANGELA WU LAB, LIFS, HKUST",SRA1305581,,public,4237D651CFC2044C33589B5089551338,17B00FC88DA9CA8BEC1546502A453C62,NPC43 scONEseq 059,NPC43 cell line,other,transcriptomic,OTHER,NPC single cell 059,GPL18573,Illumina NextSeq 500
152,SRR16195008,12/31/22 0:17,10/4/21 17:02,3414502,511272499,3414502,149,215,,https://sra-downloadb.be-md.ncbi.nlm.nih.gov/sos8/sra-pub-zq-818/SRR016/16195/SRR16195008/SRR16195008.lite.1,SRX12479546,GSM5609745,OTHER,other,TRANSCRIPTOMIC,PAIRED,0,0,ILLUMINA,NextSeq 500,SRP339960,PRJNA768428,3,768428,SRS10443097,SAMN22044584,simple,9606,Homo sapiens,GSM5609745,,,,,,,no,,,,,"ANGELA WU LAB, LIFS, HKUST",SRA1305581,,public,7DFDA6A94432F6B733E67E6E323D001A,80C948859C7EAE970414EEAA07873D90,NPC43 scONEseq 060,NPC43 cell line,other,transcriptomic,OTHER,NPC single cell 060,GPL18573,Illumina NextSeq 500
153,SRR16195007,12/31/22 0:17,10/4/21 17:02,3063802,458431478,3063802,149,193,,https://sra-downloadb.be-md.ncbi.nlm.nih.gov/sos1/sra-pub-zq-38/SRR016/16195/SRR16195007/SRR16195007.lite.1,SRX12479547,GSM5609746,OTHER,other,TRANSCRIPTOMIC,PAIRED,0,0,ILLUMINA,NextSeq 500,SRP339960,PRJNA768428,3,768428,SRS10443098,SAMN22044583,simple,9606,Homo sapiens,GSM5609746,,,,,,,no,,,,,"ANGELA WU LAB, LIFS, HKUST",SRA1305581,,public,DE76C6D9A92F0D3F42B75D71A1BBBAAF,D552FB387156186871674EFB4D3B3A63,NPC43 scONEseq 061,NPC43 cell line,other,transcriptomic,OTHER,NPC single cell 061,GPL18573,Illumina NextSeq 500
154,SRR16195006,12/31/22 0:17,10/4/21 17:02,3236364,484421287,3236364,149,205,,https://sra-downloadb.be-md.ncbi.nlm.nih.gov/sos1/sra-pub-zq-38/SRR016/16195/SRR16195006/SRR16195006.lite.1,SRX12479548,GSM5609747,OTHER,other,TRANSCRIPTOMIC,PAIRED,0,0,ILLUMINA,NextSeq 500,SRP339960,PRJNA768428,3,768428,SRS10443099,SAMN22044582,simple,9606,Homo sapiens,GSM5609747,,,,,,,no,,,,,"ANGELA WU LAB, LIFS, HKUST",SRA1305581,,public,57F0DFA9E4B602ED0502643ECB4E0842,0ABB2FE0B30FDC81151C4635182376EC,NPC43 scONEseq 062,NPC43 cell line,other,transcriptomic,OTHER,NPC single cell 062,GPL18573,Illumina NextSeq 500
155,SRR16195005,12/31/22 0:17,10/4/21 17:02,3037314,455318979,3037314,149,191,,https://sra-downloadb.be-md.ncbi.nlm.nih.gov/sos8/sra-pub-zq-818/SRR016/16195/SRR16195005/SRR16195005.lite.1,SRX12479549,GSM5609748,OTHER,other,TRANSCRIPTOMIC,PAIRED,0,0,ILLUMINA,NextSeq 500,SRP339960,PRJNA768428,3,768428,SRS10443100,SAMN22044581,simple,9606,Homo sapiens,GSM5609748,,,,,,,no,,,,,"ANGELA WU LAB, LIFS, HKUST",SRA1305581,,public,4090F6B2644C441B3B6D5E8D63392F1C,5748E7F57ADEB260430BB56E7C8E8A40,NPC43 scONEseq 063,NPC43 cell line,other,transcriptomic,OTHER,NPC single cell 063,GPL18573,Illumina NextSeq 500
156,SRR16195004,12/31/22 0:17,10/4/21 17:01,2425655,362835567,2425655,149,153,,https://sra-downloadb.be-md.ncbi.nlm.nih.gov/sos8/sra-pub-zq-818/SRR016/16195/SRR16195004/SRR16195004.lite.1,SRX12479550,GSM5609749,OTHER,other,TRANSCRIPTOMIC,PAIRED,0,0,ILLUMINA,NextSeq 500,SRP339960,PRJNA768428,3,768428,SRS10443101,SAMN22044580,simple,9606,Homo sapiens,GSM5609749,,,,,,,no,,,,,"ANGELA WU LAB, LIFS, HKUST",SRA1305581,,public,BB5A7FE45633ECE5F8722C2828538158,EBFB0E8CE4FD7E38BD6D7F0C6714E4A0,NPC43 scONEseq 064,NPC43 cell line,other,transcriptomic,OTHER,NPC single cell 064,GPL18573,Illumina NextSeq 500
157,SRR16195003,12/31/22 0:17,10/4/21 17:02,3196991,478859441,3196991,149,203,,https://sra-downloadb.be-md.ncbi.nlm.nih.gov/sos8/sra-pub-zq-818/SRR016/16195/SRR16195003/SRR16195003.lite.1,SRX12479551,GSM5609750,OTHER,other,TRANSCRIPTOMIC,PAIRED,0,0,ILLUMINA,NextSeq 500,SRP339960,PRJNA768428,3,768428,SRS10443102,SAMN22044579,simple,9606,Homo sapiens,GSM5609750,,,,,,,no,,,,,"ANGELA WU LAB, LIFS, HKUST",SRA1305581,,public,3F93E61E44D4D80829FD3BA844188A84,24B50DE4C8B07552F478030407B8178F,NPC43 scONEseq 065,NPC43 cell line,other,transcriptomic,OTHER,NPC single cell 065,GPL18573,Illumina NextSeq 500
158,SRR16195002,12/31/22 0:17,10/4/21 17:02,3195633,479029116,3195633,149,201,,https://sra-downloadb.be-md.ncbi.nlm.nih.gov/sos8/sra-pub-zq-818/SRR016/16195/SRR16195002/SRR16195002.lite.1,SRX12479552,GSM5609751,OTHER,other,TRANSCRIPTOMIC,PAIRED,0,0,ILLUMINA,NextSeq 500,SRP339960,PRJNA768428,3,768428,SRS10443103,SAMN22044578,simple,9606,Homo sapiens,GSM5609751,,,,,,,no,,,,,"ANGELA WU LAB, LIFS, HKUST",SRA1305581,,public,2C1BAEF53D26C0EF17C2C33DEA5667C4,0C0EB80E0EAEC76CB183258215F0A523,NPC43 scONEseq 066,NPC43 cell line,other,transcriptomic,OTHER,NPC single cell 066,GPL18573,Illumina NextSeq 500
159,SRR16195001,12/31/22 0:17,10/4/21 17:02,3413277,511889206,3413277,149,217,,https://sra-downloadb.be-md.ncbi.nlm.nih.gov/sos8/sra-pub-zq-818/SRR016/16195/SRR16195001/SRR16195001.lite.1,SRX12479553,GSM5609752,OTHER,other,TRANSCRIPTOMIC,PAIRED,0,0,ILLUMINA,NextSeq 500,SRP339960,PRJNA768428,3,768428,SRS10443104,SAMN22044577,simple,9606,Homo sapiens,GSM5609752,,,,,,,no,,,,,"ANGELA WU LAB, LIFS, HKUST",SRA1305581,,public,377746DC58FF3D5F57FB1E1BAD610E9A,091F4F435536232187ED0063152059A6,NPC43 scONEseq 067,NPC43 cell line,other,transcriptomic,OTHER,NPC single cell 067,GPL18573,Illumina NextSeq 500
160,SRR16195000,12/31/22 0:17,10/4/21 17:02,3534872,529903513,3534872,149,224,,https://sra-downloadb.be-md.ncbi.nlm.nih.gov/sos8/sra-pub-zq-818/SRR016/16195/SRR16195000/SRR16195000.lite.1,SRX12479554,GSM5609753,OTHER,other,TRANSCRIPTOMIC,PAIRED,0,0,ILLUMINA,NextSeq 500,SRP339960,PRJNA768428,3,768428,SRS10443105,SAMN22044576,simple,9606,Homo sapiens,GSM5609753,,,,,,,no,,,,,"ANGELA WU LAB, LIFS, HKUST",SRA1305581,,public,5CC01373060269C5FE82166954AEE4B9,7616B8572C8C2E9A9C7160B7CC95F7AF,NPC43 scONEseq 068,NPC43 cell line,other,transcriptomic,OTHER,NPC single cell 068,GPL18573,Illumina NextSeq 500
161,SRR16194999,12/31/22 0:17,10/4/21 17:02,3007042,450475967,3007042,149,190,,https://sra-downloadb.be-md.ncbi.nlm.nih.gov/sos8/sra-pub-zq-820/SRR016/16194/SRR16194999/SRR16194999.lite.1,SRX12479555,GSM5609754,OTHER,other,TRANSCRIPTOMIC,PAIRED,0,0,ILLUMINA,NextSeq 500,SRP339960,PRJNA768428,3,768428,SRS10443106,SAMN22044575,simple,9606,Homo sapiens,GSM5609754,,,,,,,no,,,,,"ANGELA WU LAB, LIFS, HKUST",SRA1305581,,public,38229E773A166583DCFC8E95C18461FC,DC4F6B88C10DA9D0A170CC2085B311A9,NPC43 scONEseq 069,NPC43 cell line,other,transcriptomic,OTHER,NPC single cell 069,GPL18573,Illumina NextSeq 500
162,SRR16194998,12/31/22 0:17,10/4/21 17:01,3021819,452636889,3021819,149,191,,https://sra-downloadb.be-md.ncbi.nlm.nih.gov/sos8/sra-pub-zq-818/SRR016/16194/SRR16194998/SRR16194998.lite.1,SRX12479556,GSM5609755,OTHER,other,TRANSCRIPTOMIC,PAIRED,0,0,ILLUMINA,NextSeq 500,SRP339960,PRJNA768428,3,768428,SRS10443107,SAMN22044574,simple,9606,Homo sapiens,GSM5609755,,,,,,,no,,,,,"ANGELA WU LAB, LIFS, HKUST",SRA1305581,,public,E793835C9BA801594902F3011ECC8391,ACAA01F51561F48D078CCAD4C38710F9,NPC43 scONEseq 070,NPC43 cell line,other,transcriptomic,OTHER,NPC single cell 070,GPL18573,Illumina NextSeq 500
163,SRR16194997,12/31/22 0:17,10/4/21 17:01,2766293,414667451,2766293,149,175,,https://sra-downloadb.be-md.ncbi.nlm.nih.gov/sos8/sra-pub-zq-818/SRR016/16194/SRR16194997/SRR16194997.lite.1,SRX12479557,GSM5609756,OTHER,other,TRANSCRIPTOMIC,PAIRED,0,0,ILLUMINA,NextSeq 500,SRP339960,PRJNA768428,3,768428,SRS10443109,SAMN22044573,simple,9606,Homo sapiens,GSM5609756,,,,,,,no,,,,,"ANGELA WU LAB, LIFS, HKUST",SRA1305581,,public,1788996A3E190AD0592F17BA7C6FA20F,1E284B753A67C572AF8F894ABA4CDD76,NPC43 scONEseq 071,NPC43 cell line,other,transcriptomic,OTHER,NPC single cell 071,GPL18573,Illumina NextSeq 500
164,SRR16194996,12/31/22 0:17,10/4/21 17:01,2272569,340026336,2272569,149,144,,https://sra-downloadb.be-md.ncbi.nlm.nih.gov/sos8/sra-pub-zq-818/SRR016/16194/SRR16194996/SRR16194996.lite.1,SRX12479558,GSM5609757,OTHER,other,TRANSCRIPTOMIC,PAIRED,0,0,ILLUMINA,NextSeq 500,SRP339960,PRJNA768428,3,768428,SRS10443108,SAMN22044572,simple,9606,Homo sapiens,GSM5609757,,,,,,,no,,,,,"ANGELA WU LAB, LIFS, HKUST",SRA1305581,,public,CF15BCA8E1F5303AA66D42186C06572A,DE9263FD98D688826345C71E9EBB64A6,NPC43 scONEseq 072,NPC43 cell line,other,transcriptomic,OTHER,NPC single cell 072,GPL18573,Illumina NextSeq 500
165,SRR16194995,12/31/22 0:17,10/4/21 17:02,3629213,543967399,3629213,149,231,,https://sra-downloadb.be-md.ncbi.nlm.nih.gov/sos8/sra-pub-zq-818/SRR016/16194/SRR16194995/SRR16194995.lite.1,SRX12479559,GSM5609758,OTHER,other,TRANSCRIPTOMIC,PAIRED,0,0,ILLUMINA,NextSeq 500,SRP339960,PRJNA768428,3,768428,SRS10443110,SAMN22044571,simple,9606,Homo sapiens,GSM5609758,,,,,,,no,,,,,"ANGELA WU LAB, LIFS, HKUST",SRA1305581,,public,76DB6CF5D14EAE73CCA1CFE69466ABA5,E7F427D90E8129374170CDFC6ACC2E69,NPC43 scONEseq 073,NPC43 cell line,other,transcriptomic,OTHER,NPC single cell 073,GPL18573,Illumina NextSeq 500
166,SRR16194994,12/31/22 0:17,10/4/21 17:02,3477282,520996709,3477282,149,219,,https://sra-downloadb.be-md.ncbi.nlm.nih.gov/sos8/sra-pub-zq-818/SRR016/16194/SRR16194994/SRR16194994.lite.1,SRX12479560,GSM5609759,OTHER,other,TRANSCRIPTOMIC,PAIRED,0,0,ILLUMINA,NextSeq 500,SRP339960,PRJNA768428,3,768428,SRS10443111,SAMN22044570,simple,9606,Homo sapiens,GSM5609759,,,,,,,no,,,,,"ANGELA WU LAB, LIFS, HKUST",SRA1305581,,public,1596C60AA6A44804D1284B7FE5410C91,47E0466C05C8452A7A3627188BB368EE,NPC43 scONEseq 074,NPC43 cell line,other,transcriptomic,OTHER,NPC single cell 074,GPL18573,Illumina NextSeq 500
167,SRR16194993,12/31/22 0:17,10/4/21 17:02,2889035,432929883,2889035,149,184,,https://sra-downloadb.be-md.ncbi.nlm.nih.gov/sos8/sra-pub-zq-820/SRR016/16194/SRR16194993/SRR16194993.lite.1,SRX12479561,GSM5609760,OTHER,other,TRANSCRIPTOMIC,PAIRED,0,0,ILLUMINA,NextSeq 500,SRP339960,PRJNA768428,3,768428,SRS10443112,SAMN22044569,simple,9606,Homo sapiens,GSM5609760,,,,,,,no,,,,,"ANGELA WU LAB, LIFS, HKUST",SRA1305581,,public,60EEED890172CA269FD98DE94E8BD090,1D2BA11D327247C4D961D9AEB5F7152D,NPC43 scONEseq 075,NPC43 cell line,other,transcriptomic,OTHER,NPC single cell 075,GPL18573,Illumina NextSeq 500
168,SRR16194992,12/31/22 0:17,10/4/21 17:02,3779907,565929614,3779907,149,241,,https://sra-downloadb.be-md.ncbi.nlm.nih.gov/sos1/sra-pub-zq-38/SRR016/16194/SRR16194992/SRR16194992.lite.1,SRX12479562,GSM5609761,OTHER,other,TRANSCRIPTOMIC,PAIRED,0,0,ILLUMINA,NextSeq 500,SRP339960,PRJNA768428,3,768428,SRS10443113,SAMN22044568,simple,9606,Homo sapiens,GSM5609761,,,,,,,no,,,,,"ANGELA WU LAB, LIFS, HKUST",SRA1305581,,public,83064617A6BE58DA95F1C98634CEF7F8,7F8B441F5922AC1B6ABD819C12F4063E,NPC43 scONEseq 076,NPC43 cell line,other,transcriptomic,OTHER,NPC single cell 076,GPL18573,Illumina NextSeq 500
169,SRR16194991,12/31/22 0:17,10/4/21 17:01,3265369,488610587,3265369,149,207,,https://sra-downloadb.be-md.ncbi.nlm.nih.gov/sos8/sra-pub-zq-818/SRR016/16194/SRR16194991/SRR16194991.lite.1,SRX12479563,GSM5609762,OTHER,other,TRANSCRIPTOMIC,PAIRED,0,0,ILLUMINA,NextSeq 500,SRP339960,PRJNA768428,3,768428,SRS10443114,SAMN22044567,simple,9606,Homo sapiens,GSM5609762,,,,,,,no,,,,,"ANGELA WU LAB, LIFS, HKUST",SRA1305581,,public,C7C6C69B9D8386A27DD26FA92CD4BF0A,F2FE3F6A53F09CAF2B3C4678369F19AD,NPC43 scONEseq 077,NPC43 cell line,other,transcriptomic,OTHER,NPC single cell 077,GPL18573,Illumina NextSeq 500
170,SRR16194990,12/31/22 0:17,10/4/21 17:02,3122244,467824663,3122244,149,199,,https://sra-downloadb.be-md.ncbi.nlm.nih.gov/sos8/sra-pub-zq-820/SRR016/16194/SRR16194990/SRR16194990.lite.1,SRX12479564,GSM5609763,OTHER,other,TRANSCRIPTOMIC,PAIRED,0,0,ILLUMINA,NextSeq 500,SRP339960,PRJNA768428,3,768428,SRS10443115,SAMN22044566,simple,9606,Homo sapiens,GSM5609763,,,,,,,no,,,,,"ANGELA WU LAB, LIFS, HKUST",SRA1305581,,public,3012B1206F5D92E835C09E3C95D010F3,B78317B7B69F611175184FCC2B7BE878,NPC43 scONEseq 078,NPC43 cell line,other,transcriptomic,OTHER,NPC single cell 078,GPL18573,Illumina NextSeq 500
171,SRR16194989,12/31/22 0:17,10/4/21 17:01,2784629,415595002,2784629,149,176,,https://sra-downloadb.be-md.ncbi.nlm.nih.gov/sos8/sra-pub-zq-818/SRR016/16194/SRR16194989/SRR16194989.lite.1,SRX12479565,GSM5609836,OTHER,other,TRANSCRIPTOMIC,PAIRED,0,0,ILLUMINA,NextSeq 500,SRP339960,PRJNA768428,3,768428,SRS10443116,SAMN22044493,simple,9606,Homo sapiens,GSM5609836,,,,,,,no,,,,,"ANGELA WU LAB, LIFS, HKUST",SRA1305581,,public,0B04A7720A8744910D182371A2BD1659,F1339081A185DB3D45E9E440A64A48E1,NPC43 scONEseq 151,NPC43 cell line,other,transcriptomic,OTHER,NPC single cell 151,GPL18573,Illumina NextSeq 500
172,SRR16194988,12/31/22 0:17,10/4/21 17:02,4037776,601302980,4037776,148,260,,https://sra-downloadb.be-md.ncbi.nlm.nih.gov/sos8/sra-pub-zq-818/SRR016/16194/SRR16194988/SRR16194988.lite.1,SRX12479566,GSM5609837,OTHER,other,TRANSCRIPTOMIC,PAIRED,0,0,ILLUMINA,NextSeq 500,SRP339960,PRJNA768428,3,768428,SRS10443117,SAMN22044492,simple,9606,Homo sapiens,GSM5609837,,,,,,,no,,,,,"ANGELA WU LAB, LIFS, HKUST",SRA1305581,,public,7AD7A08D6356DE509E7020F9F544109E,E245BEC56803159DB72B88F203C57CE2,NPC43 scONEseq 152,NPC43 cell line,other,transcriptomic,OTHER,NPC single cell 152,GPL18573,Illumina NextSeq 500
173,SRR16194987,12/31/22 0:17,10/4/21 17:02,3991317,595632624,3991317,149,253,,https://sra-downloadb.be-md.ncbi.nlm.nih.gov/sos8/sra-pub-zq-818/SRR016/16194/SRR16194987/SRR16194987.lite.1,SRX12479567,GSM5609838,OTHER,other,TRANSCRIPTOMIC,PAIRED,0,0,ILLUMINA,NextSeq 500,SRP339960,PRJNA768428,3,768428,SRS10443118,SAMN22044491,simple,9606,Homo sapiens,GSM5609838,,,,,,,no,,,,,"ANGELA WU LAB, LIFS, HKUST",SRA1305581,,public,AEB04787708BE725BCEB75AADA6E8992,E9B03B39309DAF0000A312471E81E496,NPC43 scONEseq 153,NPC43 cell line,other,transcriptomic,OTHER,NPC single cell 153,GPL18573,Illumina NextSeq 500
174,SRR16194986,12/31/22 0:17,10/4/21 17:01,2914359,435696360,2914359,149,184,,https://sra-downloadb.be-md.ncbi.nlm.nih.gov/sos8/sra-pub-zq-818/SRR016/16194/SRR16194986/SRR16194986.lite.1,SRX12479568,GSM5609839,OTHER,other,TRANSCRIPTOMIC,PAIRED,0,0,ILLUMINA,NextSeq 500,SRP339960,PRJNA768428,3,768428,SRS10443119,SAMN22044490,simple,9606,Homo sapiens,GSM5609839,,,,,,,no,,,,,"ANGELA WU LAB, LIFS, HKUST",SRA1305581,,public,DAF5B977D7D98D70F9C735EC552C6D5A,9D0052F3A06A0E849691C59A18ECCEF3,NPC43 scONEseq 154,NPC43 cell line,other,transcriptomic,OTHER,NPC single cell 154,GPL18573,Illumina NextSeq 500
175,SRR16194985,12/31/22 0:17,10/4/21 17:03,3057694,450726524,3057694,147,195,,https://sra-downloadb.be-md.ncbi.nlm.nih.gov/sos8/sra-pub-zq-818/SRR016/16194/SRR16194985/SRR16194985.lite.1,SRX12479569,GSM5609840,OTHER,other,TRANSCRIPTOMIC,PAIRED,0,0,ILLUMINA,NextSeq 500,SRP339960,PRJNA768428,3,768428,SRS10443120,SAMN22044489,simple,9606,Homo sapiens,GSM5609840,,,,,,,no,,,,,"ANGELA WU LAB, LIFS, HKUST",SRA1305581,,public,F6222F9756968A69651A6CA515CF4521,4FD4249D4E97354DFEB2B19E2BC424C8,NPC43 scONEseq 155,NPC43 cell line,other,transcriptomic,OTHER,NPC single cell 155,GPL18573,Illumina NextSeq 500
176,SRR16194984,12/31/22 0:17,10/4/21 17:01,1930157,287850842,1930157,149,122,,https://sra-downloadb.be-md.ncbi.nlm.nih.gov/sos1/sra-pub-zq-38/SRR016/16194/SRR16194984/SRR16194984.lite.1,SRX12479570,GSM5609841,OTHER,other,TRANSCRIPTOMIC,PAIRED,0,0,ILLUMINA,NextSeq 500,SRP339960,PRJNA768428,3,768428,SRS10443121,SAMN22044488,simple,9606,Homo sapiens,GSM5609841,,,,,,,no,,,,,"ANGELA WU LAB, LIFS, HKUST",SRA1305581,,public,67700FA53BA276E56207547E93CC2135,997EB2348A89B4B62E139FB8255E5D6B,NPC43 scONEseq 156,NPC43 cell line,other,transcriptomic,OTHER,NPC single cell 156,GPL18573,Illumina NextSeq 500
177,SRR16194983,12/31/22 0:17,10/4/21 17:02,3659211,546469760,3659211,149,232,,https://sra-downloadb.be-md.ncbi.nlm.nih.gov/sos9/sra-pub-zq-924/SRR016/16194/SRR16194983/SRR16194983.lite.1,SRX12479571,GSM5609842,OTHER,other,TRANSCRIPTOMIC,PAIRED,0,0,ILLUMINA,NextSeq 500,SRP339960,PRJNA768428,3,768428,SRS10443122,SAMN22044487,simple,9606,Homo sapiens,GSM5609842,,,,,,,no,,,,,"ANGELA WU LAB, LIFS, HKUST",SRA1305581,,public,A1DFAC270AD57F319A55EA1D2CD1D79F,5562972737BB6F0C247C9E4E7D4D8537,NPC43 scONEseq 157,NPC43 cell line,other,transcriptomic,OTHER,NPC single cell 157,GPL18573,Illumina NextSeq 500
178,SRR16194982,12/31/22 0:17,10/4/21 17:01,2597189,388469868,2597189,149,165,,https://sra-downloadb.be-md.ncbi.nlm.nih.gov/sos8/sra-pub-zq-818/SRR016/16194/SRR16194982/SRR16194982.lite.1,SRX12479572,GSM5609843,OTHER,other,TRANSCRIPTOMIC,PAIRED,0,0,ILLUMINA,NextSeq 500,SRP339960,PRJNA768428,3,768428,SRS10443123,SAMN22044486,simple,9606,Homo sapiens,GSM5609843,,,,,,,no,,,,,"ANGELA WU LAB, LIFS, HKUST",SRA1305581,,public,EE5D2A893D24CF0745EE0FE0D8F6A7EF,74CE4FAF9D935745157D47573F51722E,NPC43 scONEseq 158,NPC43 cell line,other,transcriptomic,OTHER,NPC single cell 158,GPL18573,Illumina NextSeq 500
179,SRR16194981,12/31/22 0:17,10/4/21 17:01,3066525,455697013,3066525,148,194,,https://sra-downloadb.be-md.ncbi.nlm.nih.gov/sos1/sra-pub-zq-38/SRR016/16194/SRR16194981/SRR16194981.lite.1,SRX12479573,GSM5609844,OTHER,other,TRANSCRIPTOMIC,PAIRED,0,0,ILLUMINA,NextSeq 500,SRP339960,PRJNA768428,3,768428,SRS10443124,SAMN22044485,simple,9606,Homo sapiens,GSM5609844,,,,,,,no,,,,,"ANGELA WU LAB, LIFS, HKUST",SRA1305581,,public,54CAC98A48F71C50BDC09AD58612A918,7C7A64143003D9AAC53B7F29B1B5DE02,NPC43 scONEseq 159,NPC43 cell line,other,transcriptomic,OTHER,NPC single cell 159,GPL18573,Illumina NextSeq 500
180,SRR16194980,12/31/22 0:17,10/4/21 17:02,3053708,455670401,3053708,149,194,,https://sra-downloadb.be-md.ncbi.nlm.nih.gov/sos1/sra-pub-zq-38/SRR016/16194/SRR16194980/SRR16194980.lite.1,SRX12479574,GSM5609845,OTHER,other,TRANSCRIPTOMIC,PAIRED,0,0,ILLUMINA,NextSeq 500,SRP339960,PRJNA768428,3,768428,SRS10443125,SAMN22044484,simple,9606,Homo sapiens,GSM5609845,,,,,,,no,,,,,"ANGELA WU LAB, LIFS, HKUST",SRA1305581,,public,4C426D1B1767B77BD2B7DEDE1D2C96D4,64C0614EF3ECDA1DF9F26927CA59CB9B,NPC43 scONEseq 160,NPC43 cell line,other,transcriptomic,OTHER,NPC single cell 160,GPL18573,Illumina NextSeq 500
181,SRR16194979,12/31/22 0:17,10/4/21 17:02,3195335,477730299,3195335,149,202,,https://sra-downloadb.be-md.ncbi.nlm.nih.gov/sos1/sra-pub-zq-38/SRR016/16194/SRR16194979/SRR16194979.lite.1,SRX12479575,GSM5609846,OTHER,other,TRANSCRIPTOMIC,PAIRED,0,0,ILLUMINA,NextSeq 500,SRP339960,PRJNA768428,3,768428,SRS10443126,SAMN22044483,simple,9606,Homo sapiens,GSM5609846,,,,,,,no,,,,,"ANGELA WU LAB, LIFS, HKUST",SRA1305581,,public,8183A130DF54939170E4E1AB167E6297,4C3C8E08E235981E399D8A2F01C4E124,NPC43 scONEseq 161,NPC43 cell line,other,transcriptomic,OTHER,NPC single cell 161,GPL18573,Illumina NextSeq 500
182,SRR16194978,12/31/22 0:17,10/4/21 17:01,3129619,467707776,3129619,149,197,,https://sra-downloadb.be-md.ncbi.nlm.nih.gov/sos8/sra-pub-zq-820/SRR016/16194/SRR16194978/SRR16194978.lite.1,SRX12479576,GSM5609847,OTHER,other,TRANSCRIPTOMIC,PAIRED,0,0,ILLUMINA,NextSeq 500,SRP339960,PRJNA768428,3,768428,SRS10443127,SAMN22044482,simple,9606,Homo sapiens,GSM5609847,,,,,,,no,,,,,"ANGELA WU LAB, LIFS, HKUST",SRA1305581,,public,A15D12F0039F1D05D48FDDAA06D08758,5F333AA66FEAF26E653B5F868EBCD76B,NPC43 scONEseq 162,NPC43 cell line,other,transcriptomic,OTHER,NPC single cell 162,GPL18573,Illumina NextSeq 500
183,SRR16194977,12/31/22 0:17,10/4/21 17:02,3415995,510462224,3415995,149,217,,https://sra-downloadb.be-md.ncbi.nlm.nih.gov/sos8/sra-pub-zq-818/SRR016/16194/SRR16194977/SRR16194977.lite.1,SRX12479577,GSM5609848,OTHER,other,TRANSCRIPTOMIC,PAIRED,0,0,ILLUMINA,NextSeq 500,SRP339960,PRJNA768428,3,768428,SRS10443128,SAMN22044481,simple,9606,Homo sapiens,GSM5609848,,,,,,,no,,,,,"ANGELA WU LAB, LIFS, HKUST",SRA1305581,,public,E28C17619BFF6848B8A0CB4F56C0D72A,380EB9720695698728A574FA2E3C7522,NPC43 scONEseq 163,NPC43 cell line,other,transcriptomic,OTHER,NPC single cell 163,GPL18573,Illumina NextSeq 500
184,SRR16194976,12/31/22 0:17,10/4/21 17:01,1862761,278242957,1862761,149,118,,https://sra-downloadb.be-md.ncbi.nlm.nih.gov/sos8/sra-pub-zq-818/SRR016/16194/SRR16194976/SRR16194976.lite.1,SRX12479578,GSM5609849,OTHER,other,TRANSCRIPTOMIC,PAIRED,0,0,ILLUMINA,NextSeq 500,SRP339960,PRJNA768428,3,768428,SRS10443129,SAMN22044480,simple,9606,Homo sapiens,GSM5609849,,,,,,,no,,,,,"ANGELA WU LAB, LIFS, HKUST",SRA1305581,,public,B936621220B0CCB4FCCE5DDD15E2494E,6D02BEFD3F6CAC1FF5B687241EE24667,NPC43 scONEseq 164,NPC43 cell line,other,transcriptomic,OTHER,NPC single cell 164,GPL18573,Illumina NextSeq 500
185,SRR16194975,12/31/22 0:17,10/4/21 17:01,3034335,453186009,3034335,149,193,,https://sra-downloadb.be-md.ncbi.nlm.nih.gov/sos1/sra-pub-zq-38/SRR016/16194/SRR16194975/SRR16194975.lite.1,SRX12479579,GSM5609850,OTHER,other,TRANSCRIPTOMIC,PAIRED,0,0,ILLUMINA,NextSeq 500,SRP339960,PRJNA768428,3,768428,SRS10443131,SAMN22044479,simple,9606,Homo sapiens,GSM5609850,,,,,,,no,,,,,"ANGELA WU LAB, LIFS, HKUST",SRA1305581,,public,D13F5D9DC41D5F998966C5CE088DE2B2,160F3BC2B3C84210D54CC45461A648F6,NPC43 scONEseq 165,NPC43 cell line,other,transcriptomic,OTHER,NPC single cell 165,GPL18573,Illumina NextSeq 500
186,SRR16194974,12/31/22 0:17,10/4/21 17:01,2767629,412910871,2767629,149,175,,https://sra-downloadb.be-md.ncbi.nlm.nih.gov/sos1/sra-pub-zq-38/SRR016/16194/SRR16194974/SRR16194974.lite.1,SRX12479580,GSM5609851,OTHER,other,TRANSCRIPTOMIC,PAIRED,0,0,ILLUMINA,NextSeq 500,SRP339960,PRJNA768428,3,768428,SRS10443130,SAMN22044478,simple,9606,Homo sapiens,GSM5609851,,,,,,,no,,,,,"ANGELA WU LAB, LIFS, HKUST",SRA1305581,,public,0D4BA35FAFD70DC9B4D8AA7418545734,D3F070D049C798D07A61CA782E2C668B,NPC43 scONEseq 166,NPC43 cell line,other,transcriptomic,OTHER,NPC single cell 166,GPL18573,Illumina NextSeq 500
187,SRR16194973,12/31/22 0:17,10/4/21 17:01,2696609,402839251,2696609,149,171,,https://sra-downloadb.be-md.ncbi.nlm.nih.gov/sos8/sra-pub-zq-818/SRR016/16194/SRR16194973/SRR16194973.lite.1,SRX12479581,GSM5609852,OTHER,other,TRANSCRIPTOMIC,PAIRED,0,0,ILLUMINA,NextSeq 500,SRP339960,PRJNA768428,3,768428,SRS10443132,SAMN22044477,simple,9606,Homo sapiens,GSM5609852,,,,,,,no,,,,,"ANGELA WU LAB, LIFS, HKUST",SRA1305581,,public,2B9F94062D37484F72967236BAEB8B98,717B9980441A2CCC3D522B3BF998C7A0,NPC43 scONEseq 167,NPC43 cell line,other,transcriptomic,OTHER,NPC single cell 167,GPL18573,Illumina NextSeq 500
188,SRR16194972,12/31/22 0:17,10/4/21 17:01,2477012,366090744,2477012,147,159,,https://sra-downloadb.be-md.ncbi.nlm.nih.gov/sos8/sra-pub-zq-820/SRR016/16194/SRR16194972/SRR16194972.lite.1,SRX12479582,GSM5609853,OTHER,other,TRANSCRIPTOMIC,PAIRED,0,0,ILLUMINA,NextSeq 500,SRP339960,PRJNA768428,3,768428,SRS10443133,SAMN22044476,simple,9606,Homo sapiens,GSM5609853,,,,,,,no,,,,,"ANGELA WU LAB, LIFS, HKUST",SRA1305581,,public,950F3774D869402D7FE6E32E7321308C,A69B1DA76512E15FA6E92419009ADFED,NPC43 scONEseq 168,NPC43 cell line,other,transcriptomic,OTHER,NPC single cell 168,GPL18573,Illumina NextSeq 500
189,SRR16194971,12/31/22 0:17,10/4/21 17:01,2995727,448432118,2995727,149,190,,https://sra-downloadb.be-md.ncbi.nlm.nih.gov/sos8/sra-pub-zq-820/SRR016/16194/SRR16194971/SRR16194971.lite.1,SRX12479583,GSM5609854,OTHER,other,TRANSCRIPTOMIC,PAIRED,0,0,ILLUMINA,NextSeq 500,SRP339960,PRJNA768428,3,768428,SRS10443134,SAMN22044475,simple,9606,Homo sapiens,GSM5609854,,,,,,,no,,,,,"ANGELA WU LAB, LIFS, HKUST",SRA1305581,,public,701C1D4117F601F1D514A7FC519FEDF0,59C57FAC43DA951A23CF19801DF791BA,NPC43 scONEseq 169,NPC43 cell line,other,transcriptomic,OTHER,NPC single cell 169,GPL18573,Illumina NextSeq 500
190,SRR16194969,12/31/22 0:17,10/4/21 17:00,344406,49309832,344406,143,19,,https://sra-downloadb.be-md.ncbi.nlm.nih.gov/sos8/sra-pub-zq-820/SRR016/16194/SRR16194969/SRR16194969.lite.1,SRX12479585,GSM5609500,RNA-Seq,cDNA,TRANSCRIPTOMIC,PAIRED,0,0,ILLUMINA,NextSeq 500,SRP339960,PRJNA768428,3,768428,SRS10443136,SAMN22044829,simple,9606,Homo sapiens,GSM5609500,,,,,,,no,,,,,"ANGELA WU LAB, LIFS, HKUST",SRA1305581,,public,7D5C5B0F2FC7BC86F26B307AFD4B1292,E345DBE9540F0959F9AB12FD6DA632C5,Smart-HCT-76,HCT116 cell line,cDNA,transcriptomic,RNA-Seq,HCT116 single cell 076,GPL18573,Illumina NextSeq 500
191,SRR16194968,12/31/22 0:17,10/4/21 17:00,341332,48872151,341332,143,19,,https://sra-downloadb.be-md.ncbi.nlm.nih.gov/sos8/sra-pub-zq-818/SRR016/16194/SRR16194968/SRR16194968.lite.1,SRX12479586,GSM5609501,RNA-Seq,cDNA,TRANSCRIPTOMIC,PAIRED,0,0,ILLUMINA,NextSeq 500,SRP339960,PRJNA768428,3,768428,SRS10443137,SAMN22044828,simple,9606,Homo sapiens,GSM5609501,,,,,,,no,,,,,"ANGELA WU LAB, LIFS, HKUST",SRA1305581,,public,DC63DF4747587969058F90E07F8078CD,19A71CF5D4F888D57B0A8FEA9D080186,Smart-HCT-77,HCT116 cell line,cDNA,transcriptomic,RNA-Seq,HCT116 single cell 077,GPL18573,Illumina NextSeq 500
192,SRR16194967,12/31/22 0:17,10/4/21 17:00,443924,63564359,443924,143,25,,https://sra-downloadb.be-md.ncbi.nlm.nih.gov/sos1/sra-pub-zq-38/SRR016/16194/SRR16194967/SRR16194967.lite.1,SRX12479587,GSM5609502,RNA-Seq,cDNA,TRANSCRIPTOMIC,PAIRED,0,0,ILLUMINA,NextSeq 500,SRP339960,PRJNA768428,3,768428,SRS10443138,SAMN22044827,simple,9606,Homo sapiens,GSM5609502,,,,,,,no,,,,,"ANGELA WU LAB, LIFS, HKUST",SRA1305581,,public,9AA93F3A2BB72E798565433BF420A262,37E17B9CABEE72150720C9545F29FB40,Smart-HCT-78,HCT116 cell line,cDNA,transcriptomic,RNA-Seq,HCT116 single cell 078,GPL18573,Illumina NextSeq 500
193,SRR16194966,12/31/22 0:17,10/4/21 17:00,361987,51827573,361987,143,20,,https://sra-downloadb.be-md.ncbi.nlm.nih.gov/sos1/sra-pub-zq-38/SRR016/16194/SRR16194966/SRR16194966.lite.1,SRX12479588,GSM5609503,RNA-Seq,cDNA,TRANSCRIPTOMIC,PAIRED,0,0,ILLUMINA,NextSeq 500,SRP339960,PRJNA768428,3,768428,SRS10443139,SAMN22044826,simple,9606,Homo sapiens,GSM5609503,,,,,,,no,,,,,"ANGELA WU LAB, LIFS, HKUST",SRA1305581,,public,C5B2621A7D53D565DD0EA578CDC72E26,8FD217FDD3081831EB6901B761A4C5A7,Smart-HCT-79,HCT116 cell line,cDNA,transcriptomic,RNA-Seq,HCT116 single cell 079,GPL18573,Illumina NextSeq 500
194,SRR16194970,12/31/22 0:17,10/4/21 17:01,2834035,424015721,2834035,149,179,,https://sra-downloadb.be-md.ncbi.nlm.nih.gov/sos8/sra-pub-zq-818/SRR016/16194/SRR16194970/SRR16194970.lite.1,SRX12479584,GSM5609855,OTHER,other,TRANSCRIPTOMIC,PAIRED,0,0,ILLUMINA,NextSeq 500,SRP339960,PRJNA768428,3,768428,SRS10443135,SAMN22044474,simple,9606,Homo sapiens,GSM5609855,,,,,,,no,,,,,"ANGELA WU LAB, LIFS, HKUST",SRA1305581,,public,92F8A0B2B839F3F068216A0B6EA6DAC7,BF8CEE1CF9C226E432647812A9A783AD,NPC43 scONEseq 170,NPC43 cell line,other,transcriptomic,OTHER,NPC single cell 170,GPL18573,Illumina NextSeq 500
195,SRR16194965,12/31/22 0:17,10/4/21 17:00,362175,51858249,362175,143,20,,https://sra-downloadb.be-md.ncbi.nlm.nih.gov/sos1/sra-pub-zq-38/SRR016/16194/SRR16194965/SRR16194965.lite.1,SRX12479589,GSM5609504,RNA-Seq,cDNA,TRANSCRIPTOMIC,PAIRED,0,0,ILLUMINA,NextSeq 500,SRP339960,PRJNA768428,3,768428,SRS10443140,SAMN22044825,simple,9606,Homo sapiens,GSM5609504,,,,,,,no,,,,,"ANGELA WU LAB, LIFS, HKUST",SRA1305581,,public,F33C567856D5BEFC6EEECB55592A6368,7EA79F27959BA16DE6A8DE0B8359D75C,Smart-HCT-80,HCT116 cell line,cDNA,transcriptomic,RNA-Seq,HCT116 single cell 080,GPL18573,Illumina NextSeq 500
196,SRR16194964,12/31/22 0:17,10/4/21 20:28,447695,64102095,447695,143,25,,https://sra-downloadb.be-md.ncbi.nlm.nih.gov/sos8/sra-pub-zq-818/SRR016/16194/SRR16194964/SRR16194964.lite.1,SRX12479590,GSM5609505,RNA-Seq,cDNA,TRANSCRIPTOMIC,PAIRED,0,0,ILLUMINA,NextSeq 500,SRP339960,PRJNA768428,3,768428,SRS10443141,SAMN22044824,simple,9606,Homo sapiens,GSM5609505,,,,,,,no,,,,,"ANGELA WU LAB, LIFS, HKUST",SRA1305581,,public,9682DD4ABD201E8D2DCDD71C105C72B1,70A1E806CE801C98E575601BC82A6EF5,Smart-HCT-81,HCT116 cell line,cDNA,transcriptomic,RNA-Seq,HCT116 single cell 081,GPL18573,Illumina NextSeq 500
197,SRR16194963,12/31/22 0:17,10/4/21 20:28,409030,58566573,409030,143,23,,https://sra-downloadb.be-md.ncbi.nlm.nih.gov/sos9/sra-pub-zq-922/SRR016/16194/SRR16194963/SRR16194963.lite.1,SRX12479591,GSM5609506,RNA-Seq,cDNA,TRANSCRIPTOMIC,PAIRED,0,0,ILLUMINA,NextSeq 500,SRP339960,PRJNA768428,3,768428,SRS10443142,SAMN22044823,simple,9606,Homo sapiens,GSM5609506,,,,,,,no,,,,,"ANGELA WU LAB, LIFS, HKUST",SRA1305581,,public,ABA14F063A367618984F08D58CD405EE,5445290F469344564F414915C6182ADF,Smart-HCT-82,HCT116 cell line,cDNA,transcriptomic,RNA-Seq,HCT116 single cell 082,GPL18573,Illumina NextSeq 500
198,SRR16194962,12/31/22 0:17,10/4/21 20:22,360625,51638448,360625,143,20,,https://sra-downloadb.be-md.ncbi.nlm.nih.gov/sos1/sra-pub-zq-38/SRR016/16194/SRR16194962/SRR16194962.lite.1,SRX12479592,GSM5609507,RNA-Seq,cDNA,TRANSCRIPTOMIC,PAIRED,0,0,ILLUMINA,NextSeq 500,SRP339960,PRJNA768428,3,768428,SRS10443143,SAMN22044822,simple,9606,Homo sapiens,GSM5609507,,,,,,,no,,,,,"ANGELA WU LAB, LIFS, HKUST",SRA1305581,,public,F26199B76C47B13F6C16FA14CBF4A8C9,E6B953AAC9E31B577117C895C00FB63F,Smart-HCT-83,HCT116 cell line,cDNA,transcriptomic,RNA-Seq,HCT116 single cell 083,GPL18573,Illumina NextSeq 500
199,SRR16194961,12/31/22 0:17,10/4/21 20:22,363583,52061711,363583,143,20,,https://sra-downloadb.be-md.ncbi.nlm.nih.gov/sos8/sra-pub-zq-818/SRR016/16194/SRR16194961/SRR16194961.lite.1,SRX12479593,GSM5609508,RNA-Seq,cDNA,TRANSCRIPTOMIC,PAIRED,0,0,ILLUMINA,NextSeq 500,SRP339960,PRJNA768428,3,768428,SRS10443144,SAMN22044821,simple,9606,Homo sapiens,GSM5609508,,,,,,,no,,,,,"ANGELA WU LAB, LIFS, HKUST",SRA1305581,,public,71E595B9B7BDBD54017951B26C165C74,10531A27D5AA8F7670DC89FBF3499EF5,Smart-HCT-84,HCT116 cell line,cDNA,transcriptomic,RNA-Seq,HCT116 single cell 084,GPL18573,Illumina NextSeq 500
200,SRR16194960,12/31/22 0:17,10/4/21 20:22,388914,55682024,388914,143,21,,https://sra-downloadb.be-md.ncbi.nlm.nih.gov/sos1/sra-pub-zq-38/SRR016/16194/SRR16194960/SRR16194960.lite.1,SRX12479594,GSM5609509,RNA-Seq,cDNA,TRANSCRIPTOMIC,PAIRED,0,0,ILLUMINA,NextSeq 500,SRP339960,PRJNA768428,3,768428,SRS10443145,SAMN22044820,simple,9606,Homo sapiens,GSM5609509,,,,,,,no,,,,,"ANGELA WU LAB, LIFS, HKUST",SRA1305581,,public,AE3F437342DC4CCDBC1AC2153FA66869,D9C0D0C8F16E6643F9DF1BED4F22BE43,Smart-HCT-85,HCT116 cell line,cDNA,transcriptomic,RNA-Seq,HCT116 single cell 085,GPL18573,Illumina NextSeq 500
201,SRR16194959,12/31/22 0:17,10/4/21 20:22,377409,54039512,377409,143,21,,https://sra-downloadb.be-md.ncbi.nlm.nih.gov/sos1/sra-pub-zq-38/SRR016/16194/SRR16194959/SRR16194959.lite.1,SRX12479595,GSM5609510,RNA-Seq,cDNA,TRANSCRIPTOMIC,PAIRED,0,0,ILLUMINA,NextSeq 500,SRP339960,PRJNA768428,3,768428,SRS10443146,SAMN22044819,simple,9606,Homo sapiens,GSM5609510,,,,,,,no,,,,,"ANGELA WU LAB, LIFS, HKUST",SRA1305581,,public,98681FB18CCEF33B66DF24E4791C7405,8494BDD6B1DB3137A4CB4D08773C85A6,Smart-HCT-86,HCT116 cell line,cDNA,transcriptomic,RNA-Seq,HCT116 single cell 086,GPL18573,Illumina NextSeq 500
202,SRR16194958,12/31/22 0:17,10/4/21 20:22,409314,58605693,409314,143,22,,https://sra-downloadb.be-md.ncbi.nlm.nih.gov/sos8/sra-pub-zq-818/SRR016/16194/SRR16194958/SRR16194958.lite.1,SRX12479596,GSM5609511,RNA-Seq,cDNA,TRANSCRIPTOMIC,PAIRED,0,0,ILLUMINA,NextSeq 500,SRP339960,PRJNA768428,3,768428,SRS10443147,SAMN22044818,simple,9606,Homo sapiens,GSM5609511,,,,,,,no,,,,,"ANGELA WU LAB, LIFS, HKUST",SRA1305581,,public,BB49C956E6C11BF1F702B044A8368BD5,E69580F3D454C63B31C10BC1F4E5D555,Smart-HCT-87,HCT116 cell line,cDNA,transcriptomic,RNA-Seq,HCT116 single cell 087,GPL18573,Illumina NextSeq 500
203,SRR16194957,12/31/22 0:17,10/4/21 20:22,351032,50262965,351032,143,19,,https://sra-downloadb.be-md.ncbi.nlm.nih.gov/sos8/sra-pub-zq-818/SRR016/16194/SRR16194957/SRR16194957.lite.1,SRX12479597,GSM5609512,RNA-Seq,cDNA,TRANSCRIPTOMIC,PAIRED,0,0,ILLUMINA,NextSeq 500,SRP339960,PRJNA768428,3,768428,SRS10443148,SAMN22044817,simple,9606,Homo sapiens,GSM5609512,,,,,,,no,,,,,"ANGELA WU LAB, LIFS, HKUST",SRA1305581,,public,CABDDD0A4AECCF941B4B846678296327,2B7EF02A9FA6C33B0ED449D8218EADB4,Smart-HCT-88,HCT116 cell line,cDNA,transcriptomic,RNA-Seq,HCT116 single cell 088,GPL18573,Illumina NextSeq 500
204,SRR16194956,12/31/22 0:17,10/4/21 20:22,365226,52293636,365226,143,20,,https://sra-downloadb.be-md.ncbi.nlm.nih.gov/sos8/sra-pub-zq-818/SRR016/16194/SRR16194956/SRR16194956.lite.1,SRX12479598,GSM5609513,RNA-Seq,cDNA,TRANSCRIPTOMIC,PAIRED,0,0,ILLUMINA,NextSeq 500,SRP339960,PRJNA768428,3,768428,SRS10443149,SAMN22044816,simple,9606,Homo sapiens,GSM5609513,,,,,,,no,,,,,"ANGELA WU LAB, LIFS, HKUST",SRA1305581,,public,9AC4EB9999FCD7AED664586B2E15236B,6E9337039CF0D2ED85C0AF0228FEA6E4,Smart-HCT-89,HCT116 cell line,cDNA,transcriptomic,RNA-Seq,HCT116 single cell 089,GPL18573,Illumina NextSeq 500
205,SRR16194955,12/31/22 0:17,10/4/21 20:22,396574,56784516,396574,143,22,,https://sra-downloadb.be-md.ncbi.nlm.nih.gov/sos9/sra-pub-zq-924/SRR016/16194/SRR16194955/SRR16194955.lite.1,SRX12479599,GSM5609514,RNA-Seq,cDNA,TRANSCRIPTOMIC,PAIRED,0,0,ILLUMINA,NextSeq 500,SRP339960,PRJNA768428,3,768428,SRS10443150,SAMN22044815,simple,9606,Homo sapiens,GSM5609514,,,,,,,no,,,,,"ANGELA WU LAB, LIFS, HKUST",SRA1305581,,public,94DCAAA8E83ACACCFBA45F21B4F2C620,254ECE644B3EA921B701273E3D051498,Smart-HCT-90,HCT116 cell line,cDNA,transcriptomic,RNA-Seq,HCT116 single cell 090,GPL18573,Illumina NextSeq 500
206,SRR16194954,12/31/22 0:17,10/4/21 20:22,362339,51881717,362339,143,20,,https://sra-downloadb.be-md.ncbi.nlm.nih.gov/sos1/sra-pub-zq-38/SRR016/16194/SRR16194954/SRR16194954.lite.1,SRX12479600,GSM5609515,RNA-Seq,cDNA,TRANSCRIPTOMIC,PAIRED,0,0,ILLUMINA,NextSeq 500,SRP339960,PRJNA768428,3,768428,SRS10443151,SAMN22044814,simple,9606,Homo sapiens,GSM5609515,,,,,,,no,,,,,"ANGELA WU LAB, LIFS, HKUST",SRA1305581,,public,435A2B1CB1393A641AF8D6E44B7AB883,9F9831AB1921E03B5FC7BC71EEC0CCDF,Smart-HCT-91,HCT116 cell line,cDNA,transcriptomic,RNA-Seq,HCT116 single cell 091,GPL18573,Illumina NextSeq 500
207,SRR16194953,12/31/22 0:17,10/4/21 20:22,405033,57995784,405033,143,22,,https://sra-downloadb.be-md.ncbi.nlm.nih.gov/sos1/sra-pub-zq-38/SRR016/16194/SRR16194953/SRR16194953.lite.1,SRX12479601,GSM5609516,RNA-Seq,cDNA,TRANSCRIPTOMIC,PAIRED,0,0,ILLUMINA,NextSeq 500,SRP339960,PRJNA768428,3,768428,SRS10443152,SAMN22044813,simple,9606,Homo sapiens,GSM5609516,,,,,,,no,,,,,"ANGELA WU LAB, LIFS, HKUST",SRA1305581,,public,7D2C67D4F02486259BC6FF366F7B431B,0E02FFB080A57F9480AA48B9C5F6BF1A,Smart-HCT-92,HCT116 cell line,cDNA,transcriptomic,RNA-Seq,HCT116 single cell 092,GPL18573,Illumina NextSeq 500
208,SRR16194952,12/31/22 0:17,10/4/21 20:22,286033,40951847,286033,143,16,,https://sra-downloadb.be-md.ncbi.nlm.nih.gov/sos8/sra-pub-zq-818/SRR016/16194/SRR16194952/SRR16194952.lite.1,SRX12479602,GSM5609517,RNA-Seq,cDNA,TRANSCRIPTOMIC,PAIRED,0,0,ILLUMINA,NextSeq 500,SRP339960,PRJNA768428,3,768428,SRS10443153,SAMN22044812,simple,9606,Homo sapiens,GSM5609517,,,,,,,no,,,,,"ANGELA WU LAB, LIFS, HKUST",SRA1305581,,public,834479BBC6961F339A6B29AB653CE5E2,88A7DF747D2F879BBD378556C9D8EE3F,Smart-HCT-93,HCT116 cell line,cDNA,transcriptomic,RNA-Seq,HCT116 single cell 093,GPL18573,Illumina NextSeq 500
209,SRR16194951,12/31/22 0:17,10/4/21 20:22,412116,59010528,412116,143,23,,https://sra-downloadb.be-md.ncbi.nlm.nih.gov/sos8/sra-pub-zq-818/SRR016/16194/SRR16194951/SRR16194951.lite.1,SRX12479603,GSM5609518,RNA-Seq,cDNA,TRANSCRIPTOMIC,PAIRED,0,0,ILLUMINA,NextSeq 500,SRP339960,PRJNA768428,3,768428,SRS10443154,SAMN22044811,simple,9606,Homo sapiens,GSM5609518,,,,,,,no,,,,,"ANGELA WU LAB, LIFS, HKUST",SRA1305581,,public,6FB440AB25346AC2C583008BA5164A0A,EAC5B36FD632219DE703AD1243F99FEA,Smart-HCT-94,HCT116 cell line,cDNA,transcriptomic,RNA-Seq,HCT116 single cell 094,GPL18573,Illumina NextSeq 500
210,SRR16194950,12/31/22 0:17,10/4/21 20:22,355380,50888154,355380,143,20,,https://sra-downloadb.be-md.ncbi.nlm.nih.gov/sos8/sra-pub-zq-818/SRR016/16194/SRR16194950/SRR16194950.lite.1,SRX12479604,GSM5609519,RNA-Seq,cDNA,TRANSCRIPTOMIC,PAIRED,0,0,ILLUMINA,NextSeq 500,SRP339960,PRJNA768428,3,768428,SRS10443156,SAMN22044810,simple,9606,Homo sapiens,GSM5609519,,,,,,,no,,,,,"ANGELA WU LAB, LIFS, HKUST",SRA1305581,,public,4F9D83AD036233569BC17DE10C30DAC7,527FB8D9D425231A2C3E5E1A639E3F56,Smart-HCT-95,HCT116 cell line,cDNA,transcriptomic,RNA-Seq,HCT116 single cell 095,GPL18573,Illumina NextSeq 500
211,SRR16194949,12/31/22 0:17,10/4/21 20:22,349752,50083054,349752,143,19,,https://sra-downloadb.be-md.ncbi.nlm.nih.gov/sos1/sra-pub-zq-38/SRR016/16194/SRR16194949/SRR16194949.lite.1,SRX12479605,GSM5609520,RNA-Seq,cDNA,TRANSCRIPTOMIC,PAIRED,0,0,ILLUMINA,NextSeq 500,SRP339960,PRJNA768428,3,768428,SRS10443155,SAMN22044809,simple,9606,Homo sapiens,GSM5609520,,,,,,,no,,,,,"ANGELA WU LAB, LIFS, HKUST",SRA1305581,,public,B1098B62E4F8DDD118DFB76D1DDDD264,03FB7CEA71CCC6E81C27B1269301B884,Smart-HCT-96,HCT116 cell line,cDNA,transcriptomic,RNA-Seq,HCT116 single cell 096,GPL18573,Illumina NextSeq 500
212,SRR16194948,12/31/22 0:17,10/4/21 20:28,2043973,292813522,2043973,143,118,,https://sra-downloadb.be-md.ncbi.nlm.nih.gov/sos8/sra-pub-zq-820/SRR016/16194/SRR16194948/SRR16194948.lite.1,SRX12479606,GSM5609521,OTHER,other,TRANSCRIPTOMIC,PAIRED,0,0,ILLUMINA,NextSeq 500,SRP339960,PRJNA768428,3,768428,SRS10443157,SAMN22044808,simple,9606,Homo sapiens,GSM5609521,,,,,,,no,,,,,"ANGELA WU LAB, LIFS, HKUST",SRA1305581,,public,D288D4B716D82B3A933EC2A7F4201FDD,01D9604AF897EC60AE4526F77D3A2609,HCT116 scONEseq 001,HCT116 cell line,other,transcriptomic,OTHER,HCT116 single cell 097,GPL18573,Illumina NextSeq 500
213,SRR16194947,12/31/22 0:17,10/4/21 20:22,1206983,172926636,1206983,143,69,,https://sra-downloadb.be-md.ncbi.nlm.nih.gov/sos8/sra-pub-zq-818/SRR016/16194/SRR16194947/SRR16194947.lite.1,SRX12479607,GSM5609522,OTHER,other,TRANSCRIPTOMIC,PAIRED,0,0,ILLUMINA,NextSeq 500,SRP339960,PRJNA768428,3,768428,SRS10443158,SAMN22044807,simple,9606,Homo sapiens,GSM5609522,,,,,,,no,,,,,"ANGELA WU LAB, LIFS, HKUST",SRA1305581,,public,7FAE8AAFD3B2213EB86B5DB5F3A14854,5769B32BC5E260073A9C3C151B9AC949,HCT116 scONEseq 002,HCT116 cell line,other,transcriptomic,OTHER,HCT116 single cell 098,GPL18573,Illumina NextSeq 500
214,SRR16194946,12/31/22 0:17,10/4/21 20:22,1408744,201813614,1408744,143,81,,https://sra-downloadb.be-md.ncbi.nlm.nih.gov/sos8/sra-pub-zq-818/SRR016/16194/SRR16194946/SRR16194946.lite.1,SRX12479608,GSM5609523,OTHER,other,TRANSCRIPTOMIC,PAIRED,0,0,ILLUMINA,NextSeq 500,SRP339960,PRJNA768428,3,768428,SRS10443160,SAMN22044806,simple,9606,Homo sapiens,GSM5609523,,,,,,,no,,,,,"ANGELA WU LAB, LIFS, HKUST",SRA1305581,,public,F8211E43F752E4BE1FBF426846F048EA,A6E0FB107496B498FE024A81ED15B9C3,HCT116 scONEseq 003,HCT116 cell line,other,transcriptomic,OTHER,HCT116 single cell 099,GPL18573,Illumina NextSeq 500
215,SRR16194945,12/31/22 0:17,10/4/21 20:22,1439079,206150726,1439079,143,82,,https://sra-downloadb.be-md.ncbi.nlm.nih.gov/sos8/sra-pub-zq-818/SRR016/16194/SRR16194945/SRR16194945.lite.1,SRX12479609,GSM5609668,OTHER,other,TRANSCRIPTOMIC,PAIRED,0,0,ILLUMINA,NextSeq 500,SRP339960,PRJNA768428,3,768428,SRS10443159,SAMN22044661,simple,9606,Homo sapiens,GSM5609668,,,,,,,no,,,,,"ANGELA WU LAB, LIFS, HKUST",SRA1305581,,public,708A7938E95704E27CDFAD84731BE351,99E6433D9A4D9DCC23A9D0E259D89983,HUVEC+H9 scONEseq 050,HUVEC+H9 cell line co-culture,other,transcriptomic,OTHER,Normal single cell 050,GPL18573,Illumina NextSeq 500
216,SRR16194944,12/31/22 0:17,10/4/21 20:22,1768622,253346031,1768622,143,102,,https://sra-downloadb.be-md.ncbi.nlm.nih.gov/sos8/sra-pub-zq-820/SRR016/16194/SRR16194944/SRR16194944.lite.1,SRX12479610,GSM5609669,OTHER,other,TRANSCRIPTOMIC,PAIRED,0,0,ILLUMINA,NextSeq 500,SRP339960,PRJNA768428,3,768428,SRS10443161,SAMN22044660,simple,9606,Homo sapiens,GSM5609669,,,,,,,no,,,,,"ANGELA WU LAB, LIFS, HKUST",SRA1305581,,public,7F4B9751B65425367572A40A1710F646,9B4E47F5D44F96D9A42337B623BDBF8D,HUVEC+H9 scONEseq 051,HUVEC+H9 cell line co-culture,other,transcriptomic,OTHER,Normal single cell 051,GPL18573,Illumina NextSeq 500
217,SRR16194943,12/31/22 0:17,10/4/21 20:22,1810733,259384730,1810733,143,104,,https://sra-downloadb.be-md.ncbi.nlm.nih.gov/sos8/sra-pub-zq-818/SRR016/16194/SRR16194943/SRR16194943.lite.1,SRX12479611,GSM5609670,OTHER,other,TRANSCRIPTOMIC,PAIRED,0,0,ILLUMINA,NextSeq 500,SRP339960,PRJNA768428,3,768428,SRS10443162,SAMN22044659,simple,9606,Homo sapiens,GSM5609670,,,,,,,no,,,,,"ANGELA WU LAB, LIFS, HKUST",SRA1305581,,public,DB3DD0AE8CAEB7F030AFFF0BB06DE59C,B6778BB834723DFEF14CD4159FA51A11,HUVEC+H9 scONEseq 052,HUVEC+H9 cell line co-culture,other,transcriptomic,OTHER,Normal single cell 052,GPL18573,Illumina NextSeq 500
218,SRR16194941,12/31/22 0:17,10/4/21 20:22,1236762,177188262,1236762,143,71,,https://sra-downloadb.be-md.ncbi.nlm.nih.gov/sos1/sra-pub-zq-38/SRR016/16194/SRR16194941/SRR16194941.lite.1,SRX12479613,GSM5609672,OTHER,other,TRANSCRIPTOMIC,PAIRED,0,0,ILLUMINA,NextSeq 500,SRP339960,PRJNA768428,3,768428,SRS10443163,SAMN22044657,simple,9606,Homo sapiens,GSM5609672,,,,,,,no,,,,,"ANGELA WU LAB, LIFS, HKUST",SRA1305581,,public,5E980C9B96FACA946F9708AB050208F8,4E235E804FED9460615A38E53C37CFE4,HUVEC+H9 scONEseq 054,HUVEC+H9 cell line co-culture,other,transcriptomic,OTHER,Normal single cell 054,GPL18573,Illumina NextSeq 500
219,SRR16194942,12/31/22 0:17,10/4/21 20:22,1418597,203216937,1418597,143,81,,https://sra-downloadb.be-md.ncbi.nlm.nih.gov/sos9/sra-pub-zq-924/SRR016/16194/SRR16194942/SRR16194942.lite.1,SRX12479612,GSM5609671,OTHER,other,TRANSCRIPTOMIC,PAIRED,0,0,ILLUMINA,NextSeq 500,SRP339960,PRJNA768428,3,768428,SRS10443164,SAMN22044658,simple,9606,Homo sapiens,GSM5609671,,,,,,,no,,,,,"ANGELA WU LAB, LIFS, HKUST",SRA1305581,,public,C9CEC1A2B0E8AE1868C24EDE364C2AEC,D4E14E0E99A90DD7CF25269DEF781C4D,HUVEC+H9 scONEseq 053,HUVEC+H9 cell line co-culture,other,transcriptomic,OTHER,Normal single cell 053,GPL18573,Illumina NextSeq 500
220,SRR16194940,12/31/22 0:17,10/4/21 20:22,1162536,166555935,1162536,143,66,,https://sra-downloadb.be-md.ncbi.nlm.nih.gov/sos1/sra-pub-zq-38/SRR016/16194/SRR16194940/SRR16194940.lite.1,SRX12479614,GSM5609673,OTHER,other,TRANSCRIPTOMIC,PAIRED,0,0,ILLUMINA,NextSeq 500,SRP339960,PRJNA768428,3,768428,SRS10443165,SAMN22044656,simple,9606,Homo sapiens,GSM5609673,,,,,,,no,,,,,"ANGELA WU LAB, LIFS, HKUST",SRA1305581,,public,7A3E6F8085794971A6BD9FAC4AE9C6FB,5744D284F8751D85B3B69E9745D4AF80,HUVEC+H9 scONEseq 055,HUVEC+H9 cell line co-culture,other,transcriptomic,OTHER,Normal single cell 055,GPL18573,Illumina NextSeq 500
221,SRR16194939,12/31/22 0:17,10/4/21 20:22,1107066,158575652,1107066,143,64,,https://sra-downloadb.be-md.ncbi.nlm.nih.gov/sos8/sra-pub-zq-818/SRR016/16194/SRR16194939/SRR16194939.lite.1,SRX12479615,GSM5609674,OTHER,other,TRANSCRIPTOMIC,PAIRED,0,0,ILLUMINA,NextSeq 500,SRP339960,PRJNA768428,3,768428,SRS10443166,SAMN22044655,simple,9606,Homo sapiens,GSM5609674,,,,,,,no,,,,,"ANGELA WU LAB, LIFS, HKUST",SRA1305581,,public,F345CACEBA31ED20E3453523A643D989,E151400FEAB8C2AFF552D558F369FCA5,HUVEC+H9 scONEseq 056,HUVEC+H9 cell line co-culture,other,transcriptomic,OTHER,Normal single cell 056,GPL18573,Illumina NextSeq 500
222,SRR16194938,12/31/22 0:17,10/4/21 20:23,1357157,194401705,1357157,143,78,,https://sra-downloadb.be-md.ncbi.nlm.nih.gov/sos1/sra-pub-zq-38/SRR016/16194/SRR16194938/SRR16194938.lite.1,SRX12479616,GSM5609675,OTHER,other,TRANSCRIPTOMIC,PAIRED,0,0,ILLUMINA,NextSeq 500,SRP339960,PRJNA768428,3,768428,SRS10443167,SAMN22044654,simple,9606,Homo sapiens,GSM5609675,,,,,,,no,,,,,"ANGELA WU LAB, LIFS, HKUST",SRA1305581,,public,0943B91977DBBBF6CE350C953AADA29D,DD62BB548549B0F60A4476D92D09D63E,HUVEC+H9 scONEseq 057,HUVEC+H9 cell line co-culture,other,transcriptomic,OTHER,Normal single cell 057,GPL18573,Illumina NextSeq 500
223,SRR16194937,12/31/22 0:17,10/4/21 20:22,1523261,218223184,1523261,143,87,,https://sra-downloadb.be-md.ncbi.nlm.nih.gov/sos9/sra-pub-zq-924/SRR016/16194/SRR16194937/SRR16194937.lite.1,SRX12479617,GSM5609676,OTHER,other,TRANSCRIPTOMIC,PAIRED,0,0,ILLUMINA,NextSeq 500,SRP339960,PRJNA768428,3,768428,SRS10443168,SAMN22044653,simple,9606,Homo sapiens,GSM5609676,,,,,,,no,,,,,"ANGELA WU LAB, LIFS, HKUST",SRA1305581,,public,25C7F276BFE33EF2C660BC710FA253B3,081CD7A13170CCD34082E7197F5AC89F,HUVEC+H9 scONEseq 058,HUVEC+H9 cell line co-culture,other,transcriptomic,OTHER,Normal single cell 058,GPL18573,Illumina NextSeq 500
224,SRR16194936,12/31/22 0:17,10/4/21 20:22,1671809,239484088,1671809,143,96,,https://sra-downloadb.be-md.ncbi.nlm.nih.gov/sos9/sra-pub-zq-924/SRR016/16194/SRR16194936/SRR16194936.lite.1,SRX12479618,GSM5609677,OTHER,other,TRANSCRIPTOMIC,PAIRED,0,0,ILLUMINA,NextSeq 500,SRP339960,PRJNA768428,3,768428,SRS10443169,SAMN22044652,simple,9606,Homo sapiens,GSM5609677,,,,,,,no,,,,,"ANGELA WU LAB, LIFS, HKUST",SRA1305581,,public,843C8109C90A21C38C782AE1EEEB9F56,18A4FE988AC6CF09325C817C439CDA25,HUVEC+H9 scONEseq 059,HUVEC+H9 cell line co-culture,other,transcriptomic,OTHER,Normal single cell 059,GPL18573,Illumina NextSeq 500
225,SRR16194935,12/31/22 0:17,10/4/21 20:22,1381278,197868903,1381278,143,79,,https://sra-downloadb.be-md.ncbi.nlm.nih.gov/sos8/sra-pub-zq-818/SRR016/16194/SRR16194935/SRR16194935.lite.1,SRX12479619,GSM5609678,OTHER,other,TRANSCRIPTOMIC,PAIRED,0,0,ILLUMINA,NextSeq 500,SRP339960,PRJNA768428,3,768428,SRS10443170,SAMN22044651,simple,9606,Homo sapiens,GSM5609678,,,,,,,no,,,,,"ANGELA WU LAB, LIFS, HKUST",SRA1305581,,public,01A77FCD531CBFC64809D3D15F74884D,49D767DDE413FBEC2698E2928F8B0A44,HUVEC+H9 scONEseq 060,HUVEC+H9 cell line co-culture,other,transcriptomic,OTHER,Normal single cell 060,GPL18573,Illumina NextSeq 500
226,SRR16194934,12/31/22 0:17,10/4/21 20:22,1078152,154433107,1078152,143,62,,https://sra-downloadb.be-md.ncbi.nlm.nih.gov/sos1/sra-pub-zq-38/SRR016/16194/SRR16194934/SRR16194934.lite.1,SRX12479620,GSM5609679,OTHER,other,TRANSCRIPTOMIC,PAIRED,0,0,ILLUMINA,NextSeq 500,SRP339960,PRJNA768428,3,768428,SRS10443172,SAMN22044650,simple,9606,Homo sapiens,GSM5609679,,,,,,,no,,,,,"ANGELA WU LAB, LIFS, HKUST",SRA1305581,,public,CAD6696C17E96061EFC86A051D40F3C7,1415653A32C2805A4136F883159EBF83,HUVEC+H9 scONEseq 061,HUVEC+H9 cell line co-culture,other,transcriptomic,OTHER,Normal single cell 061,GPL18573,Illumina NextSeq 500
227,SRR16194933,12/31/22 0:17,10/4/21 20:22,976058,139822511,976058,143,56,,https://sra-downloadb.be-md.ncbi.nlm.nih.gov/sos1/sra-pub-zq-38/SRR016/16194/SRR16194933/SRR16194933.lite.1,SRX12479621,GSM5609680,OTHER,other,TRANSCRIPTOMIC,PAIRED,0,0,ILLUMINA,NextSeq 500,SRP339960,PRJNA768428,3,768428,SRS10443171,SAMN22044649,simple,9606,Homo sapiens,GSM5609680,,,,,,,no,,,,,"ANGELA WU LAB, LIFS, HKUST",SRA1305581,,public,9662A4E79295871B2E37AB404EF944B0,73CA3CC4BE9E67B569A9A4AE329B3FFF,HUVEC+H9 scONEseq 062,HUVEC+H9 cell line co-culture,other,transcriptomic,OTHER,Normal single cell 062,GPL18573,Illumina NextSeq 500
228,SRR16194932,12/31/22 0:17,10/4/21 20:22,1116436,159943952,1116436,143,64,,https://sra-downloadb.be-md.ncbi.nlm.nih.gov/sos8/sra-pub-zq-818/SRR016/16194/SRR16194932/SRR16194932.lite.1,SRX12479622,GSM5609681,OTHER,other,TRANSCRIPTOMIC,PAIRED,0,0,ILLUMINA,NextSeq 500,SRP339960,PRJNA768428,3,768428,SRS10443173,SAMN22044648,simple,9606,Homo sapiens,GSM5609681,,,,,,,no,,,,,"ANGELA WU LAB, LIFS, HKUST",SRA1305581,,public,A94AA9C29A8E12D47C2934ED7CEA150B,B5891D46A03EAE1D2D44A016E49D882F,HUVEC+H9 scONEseq 063,HUVEC+H9 cell line co-culture,other,transcriptomic,OTHER,Normal single cell 063,GPL18573,Illumina NextSeq 500
229,SRR16194931,12/31/22 0:17,10/4/21 20:22,1002328,143586621,1002328,143,57,,https://sra-downloadb.be-md.ncbi.nlm.nih.gov/sos1/sra-pub-zq-38/SRR016/16194/SRR16194931/SRR16194931.lite.1,SRX12479623,GSM5609682,OTHER,other,TRANSCRIPTOMIC,PAIRED,0,0,ILLUMINA,NextSeq 500,SRP339960,PRJNA768428,3,768428,SRS10443174,SAMN22044647,simple,9606,Homo sapiens,GSM5609682,,,,,,,no,,,,,"ANGELA WU LAB, LIFS, HKUST",SRA1305581,,public,5CAA85636C181317494BC76301BB6749,948BA365D289687F359EC3A1FAAD6E9A,HUVEC+H9 scONEseq 064,HUVEC+H9 cell line co-culture,other,transcriptomic,OTHER,Normal single cell 064,GPL18573,Illumina NextSeq 500
230,SRR16194930,12/31/22 0:17,10/4/21 20:22,1454081,208273030,1454081,143,84,,https://sra-downloadb.be-md.ncbi.nlm.nih.gov/sos8/sra-pub-zq-818/SRR016/16194/SRR16194930/SRR16194930.lite.1,SRX12479624,GSM5609683,OTHER,other,TRANSCRIPTOMIC,PAIRED,0,0,ILLUMINA,NextSeq 500,SRP339960,PRJNA768428,3,768428,SRS10443175,SAMN22044646,simple,9606,Homo sapiens,GSM5609683,,,,,,,no,,,,,"ANGELA WU LAB, LIFS, HKUST",SRA1305581,,public,33EE3F71627A9B473850988705682AF4,1EC1DB77279CA0196414BC65EC272AE9,HUVEC+H9 scONEseq 065,HUVEC+H9 cell line co-culture,other,transcriptomic,OTHER,Normal single cell 065,GPL18573,Illumina NextSeq 500
231,SRR16194929,12/31/22 0:17,10/4/21 20:22,1387822,198762417,1387822,143,80,,https://sra-downloadb.be-md.ncbi.nlm.nih.gov/sos9/sra-pub-zq-922/SRR016/16194/SRR16194929/SRR16194929.lite.1,SRX12479625,GSM5609684,OTHER,other,TRANSCRIPTOMIC,PAIRED,0,0,ILLUMINA,NextSeq 500,SRP339960,PRJNA768428,3,768428,SRS10443176,SAMN22044645,simple,9606,Homo sapiens,GSM5609684,,,,,,,no,,,,,"ANGELA WU LAB, LIFS, HKUST",SRA1305581,,public,4356A2B2F20D8C249AE6FCBBEBD2A384,932B8C69FA9FA0CCD1FC62BD66B00F1D,HUVEC+H9 scONEseq 066,HUVEC+H9 cell line co-culture,other,transcriptomic,OTHER,Normal single cell 066,GPL18573,Illumina NextSeq 500
232,SRR16194928,12/31/22 0:17,10/4/21 20:22,1355838,194171619,1355838,143,79,,https://sra-downloadb.be-md.ncbi.nlm.nih.gov/sos8/sra-pub-zq-818/SRR016/16194/SRR16194928/SRR16194928.lite.1,SRX12479626,GSM5609685,OTHER,other,TRANSCRIPTOMIC,PAIRED,0,0,ILLUMINA,NextSeq 500,SRP339960,PRJNA768428,3,768428,SRS10443177,SAMN22044644,simple,9606,Homo sapiens,GSM5609685,,,,,,,no,,,,,"ANGELA WU LAB, LIFS, HKUST",SRA1305581,,public,4C0309D96A89A8129F57757913F62804,61929DEDCF9A639276D85944BB1848A9,HUVEC+H9 scONEseq 067,HUVEC+H9 cell line co-culture,other,transcriptomic,OTHER,Normal single cell 067,GPL18573,Illumina NextSeq 500
233,SRR16194927,12/31/22 0:17,10/4/21 21:45,8525320,1282853311,8525320,150,543,,https://sra-downloadb.be-md.ncbi.nlm.nih.gov/sos1/sra-pub-zq-38/SRR016/16194/SRR16194927/SRR16194927.lite.1,SRX12479627,GSM5609686,OTHER,other,TRANSCRIPTOMIC,PAIRED,0,0,ILLUMINA,NextSeq 500,SRP339960,PRJNA768428,3,768428,SRS10443178,SAMN22044643,simple,9606,Homo sapiens,GSM5609686,,,,,,,no,,,,,"ANGELA WU LAB, LIFS, HKUST",SRA1305581,,public,7286B50BCD932E2E9A8648DA9D4A7CC3,AEC9D8E6158A308B7C1C05CC832E97EE,NPC43 scONEseq 001,NPC43 cell line,other,transcriptomic,OTHER,NPC single cell 001,GPL18573,Illumina NextSeq 500
234,SRR16194926,12/31/22 0:17,10/4/21 21:35,8245707,1240600654,8245707,150,521,,https://sra-downloadb.be-md.ncbi.nlm.nih.gov/sos8/sra-pub-zq-818/SRR016/16194/SRR16194926/SRR16194926.lite.1,SRX12479628,GSM5609687,OTHER,other,TRANSCRIPTOMIC,PAIRED,0,0,ILLUMINA,NextSeq 500,SRP339960,PRJNA768428,3,768428,SRS10443179,SAMN22044642,simple,9606,Homo sapiens,GSM5609687,,,,,,,no,,,,,"ANGELA WU LAB, LIFS, HKUST",SRA1305581,,public,D2B4DD4F6A8E89BF89FA36306E7430B8,DA5833E6B5C83A8290CBA7F0BA9DD7A6,NPC43 scONEseq 002,NPC43 cell line,other,transcriptomic,OTHER,NPC single cell 002,GPL18573,Illumina NextSeq 500
235,SRR16194925,12/31/22 0:17,10/4/21 20:29,3379391,506493762,3379391,149,214,,https://sra-downloadb.be-md.ncbi.nlm.nih.gov/sos8/sra-pub-zq-818/SRR016/16194/SRR16194925/SRR16194925.lite.1,SRX12479629,GSM5609688,OTHER,other,TRANSCRIPTOMIC,PAIRED,0,0,ILLUMINA,NextSeq 500,SRP339960,PRJNA768428,3,768428,SRS10443180,SAMN22044641,simple,9606,Homo sapiens,GSM5609688,,,,,,,no,,,,,"ANGELA WU LAB, LIFS, HKUST",SRA1305581,,public,EB65D4F72BE619DF1FC4C3F62E722A22,C19DFE5B521FEFABAD7860A06D37B009,NPC43 scONEseq 003,NPC43 cell line,other,transcriptomic,OTHER,NPC single cell 003,GPL18573,Illumina NextSeq 500
236,SRR16194924,12/31/22 0:17,10/4/21 20:29,4058889,607273279,4058889,149,257,,https://sra-downloadb.be-md.ncbi.nlm.nih.gov/sos8/sra-pub-zq-818/SRR016/16194/SRR16194924/SRR16194924.lite.1,SRX12479630,GSM5609689,OTHER,other,TRANSCRIPTOMIC,PAIRED,0,0,ILLUMINA,NextSeq 500,SRP339960,PRJNA768428,3,768428,SRS10443181,SAMN22044640,simple,9606,Homo sapiens,GSM5609689,,,,,,,no,,,,,"ANGELA WU LAB, LIFS, HKUST",SRA1305581,,public,6A86EE3961E106427BE0F6EDB9A669C0,DDE495D16BFCD8D935828F43298A24B5,NPC43 scONEseq 004,NPC43 cell line,other,transcriptomic,OTHER,NPC single cell 004,GPL18573,Illumina NextSeq 500
237,SRR16194923,12/31/22 0:17,10/4/21 20:23,4270888,639257684,4270888,149,270,,https://sra-downloadb.be-md.ncbi.nlm.nih.gov/sos8/sra-pub-zq-818/SRR016/16194/SRR16194923/SRR16194923.lite.1,SRX12479631,GSM5609690,OTHER,other,TRANSCRIPTOMIC,PAIRED,0,0,ILLUMINA,NextSeq 500,SRP339960,PRJNA768428,3,768428,SRS10443182,SAMN22044639,simple,9606,Homo sapiens,GSM5609690,,,,,,,no,,,,,"ANGELA WU LAB, LIFS, HKUST",SRA1305581,,public,9B2E0FCE2D1ECB9FD88D48F9CB32D112,5466E70F5440B4FF190C74B154B6BCB8,NPC43 scONEseq 005,NPC43 cell line,other,transcriptomic,OTHER,NPC single cell 005,GPL18573,Illumina NextSeq 500
238,SRR16194922,12/31/22 0:17,10/4/21 20:22,2280062,341675098,2280062,149,144,,https://sra-downloadb.be-md.ncbi.nlm.nih.gov/sos8/sra-pub-zq-818/SRR016/16194/SRR16194922/SRR16194922.lite.1,SRX12479632,GSM5609691,OTHER,other,TRANSCRIPTOMIC,PAIRED,0,0,ILLUMINA,NextSeq 500,SRP339960,PRJNA768428,3,768428,SRS10443183,SAMN22044638,simple,9606,Homo sapiens,GSM5609691,,,,,,,no,,,,,"ANGELA WU LAB, LIFS, HKUST",SRA1305581,,public,AFB89C9E66869B3F61A438B3D339C3CF,EAED6E504554CDB622613F766BAD0369,NPC43 scONEseq 006,NPC43 cell line,other,transcriptomic,OTHER,NPC single cell 006,GPL18573,Illumina NextSeq 500
239,SRR16194921,12/31/22 0:17,10/4/21 20:29,3239832,485920813,3239832,149,205,,https://sra-downloadb.be-md.ncbi.nlm.nih.gov/sos8/sra-pub-zq-820/SRR016/16194/SRR16194921/SRR16194921.lite.1,SRX12479633,GSM5609764,OTHER,other,TRANSCRIPTOMIC,PAIRED,0,0,ILLUMINA,NextSeq 500,SRP339960,PRJNA768428,3,768428,SRS10443184,SAMN22044565,simple,9606,Homo sapiens,GSM5609764,,,,,,,no,,,,,"ANGELA WU LAB, LIFS, HKUST",SRA1305581,,public,25A6DC4433B39D7A83654C51AFBC05FE,467AE16042AA151EBA9ABA8EDB8D50E3,NPC43 scONEseq 079,NPC43 cell line,other,transcriptomic,OTHER,NPC single cell 079,GPL18573,Illumina NextSeq 500
240,SRR16194920,12/31/22 0:17,10/4/21 20:23,3025646,453870925,3025646,150,193,,https://sra-downloadb.be-md.ncbi.nlm.nih.gov/sos8/sra-pub-zq-818/SRR016/16194/SRR16194920/SRR16194920.lite.1,SRX12479634,GSM5609765,OTHER,other,TRANSCRIPTOMIC,PAIRED,0,0,ILLUMINA,NextSeq 500,SRP339960,PRJNA768428,3,768428,SRS10443185,SAMN22044564,simple,9606,Homo sapiens,GSM5609765,,,,,,,no,,,,,"ANGELA WU LAB, LIFS, HKUST",SRA1305581,,public,23558A6BDE2695BEA5518D55EEF1641F,0E10AFB3C945B7752626A492D02693C7,NPC43 scONEseq 080,NPC43 cell line,other,transcriptomic,OTHER,NPC single cell 080,GPL18573,Illumina NextSeq 500
241,SRR16194919,12/31/22 0:17,10/4/21 20:23,2854748,426283619,2854748,149,181,,https://sra-downloadb.be-md.ncbi.nlm.nih.gov/sos8/sra-pub-zq-818/SRR016/16194/SRR16194919/SRR16194919.lite.1,SRX12479635,GSM5609766,OTHER,other,TRANSCRIPTOMIC,PAIRED,0,0,ILLUMINA,NextSeq 500,SRP339960,PRJNA768428,3,768428,SRS10443186,SAMN22044563,simple,9606,Homo sapiens,GSM5609766,,,,,,,no,,,,,"ANGELA WU LAB, LIFS, HKUST",SRA1305581,,public,5915759D56D4C905C4AF9B9A69D30F64,3B25F54D7CB470F7648A69E2376F5EF3,NPC43 scONEseq 081,NPC43 cell line,other,transcriptomic,OTHER,NPC single cell 081,GPL18573,Illumina NextSeq 500
242,SRR16194918,12/31/22 0:17,10/4/21 20:23,3124877,467381284,3124877,149,197,,https://sra-downloadb.be-md.ncbi.nlm.nih.gov/sos8/sra-pub-zq-820/SRR016/16194/SRR16194918/SRR16194918.lite.1,SRX12479636,GSM5609767,OTHER,other,TRANSCRIPTOMIC,PAIRED,0,0,ILLUMINA,NextSeq 500,SRP339960,PRJNA768428,3,768428,SRS10443187,SAMN22044562,simple,9606,Homo sapiens,GSM5609767,,,,,,,no,,,,,"ANGELA WU LAB, LIFS, HKUST",SRA1305581,,public,F3851DF66B0FAFA18387D205E71D2862,C4A3EFDF91746EBFD12A272CF49E78EA,NPC43 scONEseq 082,NPC43 cell line,other,transcriptomic,OTHER,NPC single cell 082,GPL18573,Illumina NextSeq 500
243,SRR16194917,12/31/22 0:17,10/4/21 20:23,3385444,506619921,3385444,149,215,,https://sra-downloadb.be-md.ncbi.nlm.nih.gov/sos8/sra-pub-zq-818/SRR016/16194/SRR16194917/SRR16194917.lite.1,SRX12479637,GSM5609768,OTHER,other,TRANSCRIPTOMIC,PAIRED,0,0,ILLUMINA,NextSeq 500,SRP339960,PRJNA768428,3,768428,SRS10443188,SAMN22044561,simple,9606,Homo sapiens,GSM5609768,,,,,,,no,,,,,"ANGELA WU LAB, LIFS, HKUST",SRA1305581,,public,4D201FE46CDAE5AB5D94CB9A25317A46,341926B661C31DCC8FB291412981B014,NPC43 scONEseq 083,NPC43 cell line,other,transcriptomic,OTHER,NPC single cell 083,GPL18573,Illumina NextSeq 500
244,SRR16194916,12/31/22 0:17,10/4/21 20:23,3223620,481532462,3223620,149,205,,https://sra-downloadb.be-md.ncbi.nlm.nih.gov/sos8/sra-pub-zq-818/SRR016/16194/SRR16194916/SRR16194916.lite.1,SRX12479638,GSM5609769,OTHER,other,TRANSCRIPTOMIC,PAIRED,0,0,ILLUMINA,NextSeq 500,SRP339960,PRJNA768428,3,768428,SRS10443189,SAMN22044560,simple,9606,Homo sapiens,GSM5609769,,,,,,,no,,,,,"ANGELA WU LAB, LIFS, HKUST",SRA1305581,,public,842903F5AB487B9E5C212F00263C798A,3CD813591175F4F70953F25A28674451,NPC43 scONEseq 084,NPC43 cell line,other,transcriptomic,OTHER,NPC single cell 084,GPL18573,Illumina NextSeq 500
245,SRR16194915,12/31/22 0:17,10/4/21 20:22,2623282,392872320,2623282,149,166,,https://sra-downloadb.be-md.ncbi.nlm.nih.gov/sos8/sra-pub-zq-818/SRR016/16194/SRR16194915/SRR16194915.lite.1,SRX12479639,GSM5609770,OTHER,other,TRANSCRIPTOMIC,PAIRED,0,0,ILLUMINA,NextSeq 500,SRP339960,PRJNA768428,3,768428,SRS10443190,SAMN22044559,simple,9606,Homo sapiens,GSM5609770,,,,,,,no,,,,,"ANGELA WU LAB, LIFS, HKUST",SRA1305581,,public,5752D0182EA5325F46884B147936BF8F,C73796F16FF9DABB8ACD3368A17C61DE,NPC43 scONEseq 085,NPC43 cell line,other,transcriptomic,OTHER,NPC single cell 085,GPL18573,Illumina NextSeq 500
246,SRR16194914,12/31/22 0:17,10/4/21 20:23,2505611,374764427,2505611,149,159,,https://sra-downloadb.be-md.ncbi.nlm.nih.gov/sos8/sra-pub-zq-818/SRR016/16194/SRR16194914/SRR16194914.lite.1,SRX12479640,GSM5609771,OTHER,other,TRANSCRIPTOMIC,PAIRED,0,0,ILLUMINA,NextSeq 500,SRP339960,PRJNA768428,3,768428,SRS10443191,SAMN22044558,simple,9606,Homo sapiens,GSM5609771,,,,,,,no,,,,,"ANGELA WU LAB, LIFS, HKUST",SRA1305581,,public,97D55C83763E04C7C3547703C660428A,DBCF283699398BDF047397F6513E974E,NPC43 scONEseq 086,NPC43 cell line,other,transcriptomic,OTHER,NPC single cell 086,GPL18573,Illumina NextSeq 500
247,SRR16194913,12/31/22 0:17,10/4/21 20:23,3438885,514762717,3438885,149,217,,https://sra-downloadb.be-md.ncbi.nlm.nih.gov/sos1/sra-pub-zq-38/SRR016/16194/SRR16194913/SRR16194913.lite.1,SRX12479641,GSM5609772,OTHER,other,TRANSCRIPTOMIC,PAIRED,0,0,ILLUMINA,NextSeq 500,SRP339960,PRJNA768428,3,768428,SRS10443192,SAMN22044557,simple,9606,Homo sapiens,GSM5609772,,,,,,,no,,,,,"ANGELA WU LAB, LIFS, HKUST",SRA1305581,,public,15914FA63CA3C6E4521727486498136E,098480AB89ADD31969D27F9228C57A87,NPC43 scONEseq 087,NPC43 cell line,other,transcriptomic,OTHER,NPC single cell 087,GPL18573,Illumina NextSeq 500
248,SRR16194912,12/31/22 0:17,10/4/21 20:23,2362622,353523055,2362622,149,151,,https://sra-downloadb.be-md.ncbi.nlm.nih.gov/sos8/sra-pub-zq-818/SRR016/16194/SRR16194912/SRR16194912.lite.1,SRX12479642,GSM5609773,OTHER,other,TRANSCRIPTOMIC,PAIRED,0,0,ILLUMINA,NextSeq 500,SRP339960,PRJNA768428,3,768428,SRS10443193,SAMN22044556,simple,9606,Homo sapiens,GSM5609773,,,,,,,no,,,,,"ANGELA WU LAB, LIFS, HKUST",SRA1305581,,public,AD3D79B4CE25C8AD6BF6C6B635176ACB,BA2E696F1768A8D1C6B293A21746AC73,NPC43 scONEseq 088,NPC43 cell line,other,transcriptomic,OTHER,NPC single cell 088,GPL18573,Illumina NextSeq 500
249,SRR16194911,12/31/22 0:17,10/4/21 20:29,3673638,549904445,3673638,149,233,,https://sra-downloadb.be-md.ncbi.nlm.nih.gov/sos1/sra-pub-zq-38/SRR016/16194/SRR16194911/SRR16194911.lite.1,SRX12479643,GSM5609774,OTHER,other,TRANSCRIPTOMIC,PAIRED,0,0,ILLUMINA,NextSeq 500,SRP339960,PRJNA768428,3,768428,SRS10443194,SAMN22044555,simple,9606,Homo sapiens,GSM5609774,,,,,,,no,,,,,"ANGELA WU LAB, LIFS, HKUST",SRA1305581,,public,3F94E9C1421F2D6F1FC329A747F8033D,53579D2E58A9CE36FFC3DEF78EC7AA64,NPC43 scONEseq 089,NPC43 cell line,other,transcriptomic,OTHER,NPC single cell 089,GPL18573,Illumina NextSeq 500
250,SRR16194910,12/31/22 0:17,10/4/21 20:29,4050855,607204106,4050855,149,255,,https://sra-downloadb.be-md.ncbi.nlm.nih.gov/sos8/sra-pub-zq-818/SRR016/16194/SRR16194910/SRR16194910.lite.1,SRX12479644,GSM5609775,OTHER,other,TRANSCRIPTOMIC,PAIRED,0,0,ILLUMINA,NextSeq 500,SRP339960,PRJNA768428,3,768428,SRS10443195,SAMN22044554,simple,9606,Homo sapiens,GSM5609775,,,,,,,no,,,,,"ANGELA WU LAB, LIFS, HKUST",SRA1305581,,public,5D7F85B4844F2FC44F32A0194A3AB85F,11A6F12FBA837F43049593B17C463F7F,NPC43 scONEseq 090,NPC43 cell line,other,transcriptomic,OTHER,NPC single cell 090,GPL18573,Illumina NextSeq 500
251,SRR16194909,12/31/22 0:17,10/4/21 20:23,3077027,460017938,3077027,149,196,,https://sra-downloadb.be-md.ncbi.nlm.nih.gov/sos8/sra-pub-zq-818/SRR016/16194/SRR16194909/SRR16194909.lite.1,SRX12479645,GSM5609776,OTHER,other,TRANSCRIPTOMIC,PAIRED,0,0,ILLUMINA,NextSeq 500,SRP339960,PRJNA768428,3,768428,SRS10443196,SAMN22044553,simple,9606,Homo sapiens,GSM5609776,,,,,,,no,,,,,"ANGELA WU LAB, LIFS, HKUST",SRA1305581,,public,0AF51E524A323701D78FAAD81F6277B3,2A122FDEA4AFB52CB75E72970F9C9407,NPC43 scONEseq 091,NPC43 cell line,other,transcriptomic,OTHER,NPC single cell 091,GPL18573,Illumina NextSeq 500
252,SRR16194908,12/31/22 0:17,10/4/21 20:22,2401141,359921935,2401141,149,152,,https://sra-downloadb.be-md.ncbi.nlm.nih.gov/sos1/sra-pub-zq-38/SRR016/16194/SRR16194908/SRR16194908.lite.1,SRX12479646,GSM5609777,OTHER,other,TRANSCRIPTOMIC,PAIRED,0,0,ILLUMINA,NextSeq 500,SRP339960,PRJNA768428,3,768428,SRS10443197,SAMN22044552,simple,9606,Homo sapiens,GSM5609777,,,,,,,no,,,,,"ANGELA WU LAB, LIFS, HKUST",SRA1305581,,public,6995844967D1556163A0CF1CBCEED995,07D3A07648613FAEC46915986C9430CB,NPC43 scONEseq 092,NPC43 cell line,other,transcriptomic,OTHER,NPC single cell 092,GPL18573,Illumina NextSeq 500
253,SRR16194907,12/31/22 0:17,10/4/21 20:23,2923717,436928213,2923717,149,185,,https://sra-downloadb.be-md.ncbi.nlm.nih.gov/sos8/sra-pub-zq-818/SRR016/16194/SRR16194907/SRR16194907.lite.1,SRX12479647,GSM5609778,OTHER,other,TRANSCRIPTOMIC,PAIRED,0,0,ILLUMINA,NextSeq 500,SRP339960,PRJNA768428,3,768428,SRS10443198,SAMN22044551,simple,9606,Homo sapiens,GSM5609778,,,,,,,no,,,,,"ANGELA WU LAB, LIFS, HKUST",SRA1305581,,public,6463C118E1023699D00F6C58D778EFDC,A13FA5DF0CF5E01B2F53E3FA474AABA1,NPC43 scONEseq 093,NPC43 cell line,other,transcriptomic,OTHER,NPC single cell 093,GPL18573,Illumina NextSeq 500
254,SRR16194906,12/31/22 0:17,10/4/21 20:23,2839922,424945698,2839922,149,180,,https://sra-downloadb.be-md.ncbi.nlm.nih.gov/sos8/sra-pub-zq-818/SRR016/16194/SRR16194906/SRR16194906.lite.1,SRX12479648,GSM5609779,OTHER,other,TRANSCRIPTOMIC,PAIRED,0,0,ILLUMINA,NextSeq 500,SRP339960,PRJNA768428,3,768428,SRS10443199,SAMN22044550,simple,9606,Homo sapiens,GSM5609779,,,,,,,no,,,,,"ANGELA WU LAB, LIFS, HKUST",SRA1305581,,public,5AB44DB1B052CCDE3CBF764C679DBD24,BDB5F9D023256B99B7121AD96AAC253A,NPC43 scONEseq 094,NPC43 cell line,other,transcriptomic,OTHER,NPC single cell 094,GPL18573,Illumina NextSeq 500
255,SRR16195336,12/31/22 0:17,10/4/21 17:10,2366893,354510157,2366893,149,149,,https://sra-downloadb.be-md.ncbi.nlm.nih.gov/sos9/sra-pub-zq-924/SRR016/16195/SRR16195336/SRR16195336.lite.1,SRX12479649,GSM5609780,OTHER,other,TRANSCRIPTOMIC,PAIRED,0,0,ILLUMINA,NextSeq 500,SRP339960,PRJNA768428,3,768428,SRS10443200,SAMN22044549,simple,9606,Homo sapiens,GSM5609780,,,,,,,no,,,,,"ANGELA WU LAB, LIFS, HKUST",SRA1305581,,public,0AD352C6E585448C1B67C2DCFAD485EC,726D31BF00B748A01D8CDA0F9F92EFC5,NPC43 scONEseq 095,NPC43 cell line,other,transcriptomic,OTHER,NPC single cell 095,GPL18573,Illumina NextSeq 500
256,SRR16195335,12/31/22 0:17,10/4/21 17:10,2336369,349328415,2336369,149,148,,https://sra-downloadb.be-md.ncbi.nlm.nih.gov/sos8/sra-pub-zq-818/SRR016/16195/SRR16195335/SRR16195335.lite.1,SRX12479650,GSM5609781,OTHER,other,TRANSCRIPTOMIC,PAIRED,0,0,ILLUMINA,NextSeq 500,SRP339960,PRJNA768428,3,768428,SRS10443201,SAMN22044548,simple,9606,Homo sapiens,GSM5609781,,,,,,,no,,,,,"ANGELA WU LAB, LIFS, HKUST",SRA1305581,,public,CCDFE3F8039C81D64F9CF015A7393772,CA699112FFA4439F9DCA85AA7636E174,NPC43 scONEseq 096,NPC43 cell line,other,transcriptomic,OTHER,NPC single cell 096,GPL18573,Illumina NextSeq 500
257,SRR16195334,12/31/22 0:17,10/4/21 17:10,5298426,796570204,5298426,150,336,,https://sra-downloadb.be-md.ncbi.nlm.nih.gov/sos8/sra-pub-zq-818/SRR016/16195/SRR16195334/SRR16195334.lite.1,SRX12479651,GSM5609782,OTHER,other,TRANSCRIPTOMIC,PAIRED,0,0,ILLUMINA,NextSeq 500,SRP339960,PRJNA768428,3,768428,SRS10443202,SAMN22044547,simple,9606,Homo sapiens,GSM5609782,,,,,,,no,,,,,"ANGELA WU LAB, LIFS, HKUST",SRA1305581,,public,50A7AA7058D18A3B8C8238A70D8459BF,ACEB51FC4C2EF1309717D4FCBAC6394A,NPC43 scONEseq 097,NPC43 cell line,other,transcriptomic,OTHER,NPC single cell 097,GPL18573,Illumina NextSeq 500
258,SRR16195333,12/31/22 0:17,10/4/21 17:10,5241546,787716553,5241546,150,332,,https://sra-downloadb.be-md.ncbi.nlm.nih.gov/sos8/sra-pub-zq-818/SRR016/16195/SRR16195333/SRR16195333.lite.1,SRX12479652,GSM5609783,OTHER,other,TRANSCRIPTOMIC,PAIRED,0,0,ILLUMINA,NextSeq 500,SRP339960,PRJNA768428,3,768428,SRS10443203,SAMN22044546,simple,9606,Homo sapiens,GSM5609783,,,,,,,no,,,,,"ANGELA WU LAB, LIFS, HKUST",SRA1305581,,public,E92168418F1BE3B4E2D7A4E53A5E92C8,541466593EB40676E97796253D9FF4E7,NPC43 scONEseq 098,NPC43 cell line,other,transcriptomic,OTHER,NPC single cell 098,GPL18573,Illumina NextSeq 500
259,SRR16195332,12/31/22 0:17,10/4/21 17:09,3247135,485774223,3247135,149,205,,https://sra-downloadb.be-md.ncbi.nlm.nih.gov/sos8/sra-pub-zq-818/SRR016/16195/SRR16195332/SRR16195332.lite.1,SRX12479653,GSM5609784,OTHER,other,TRANSCRIPTOMIC,PAIRED,0,0,ILLUMINA,NextSeq 500,SRP339960,PRJNA768428,3,768428,SRS10443204,SAMN22044545,simple,9606,Homo sapiens,GSM5609784,,,,,,,no,,,,,"ANGELA WU LAB, LIFS, HKUST",SRA1305581,,public,C0A02F2C6D7CCB44B404B039CAA42C12,6A2D12368BD324BA65FE3D1F76B6755D,NPC43 scONEseq 099,NPC43 cell line,other,transcriptomic,OTHER,NPC single cell 099,GPL18573,Illumina NextSeq 500
260,SRR16195328,12/31/22 0:17,10/4/21 17:09,1748365,250495779,1748365,143,101,,https://sra-downloadb.be-md.ncbi.nlm.nih.gov/sos8/sra-pub-zq-818/SRR016/16195/SRR16195328/SRR16195328.lite.1,SRX12479657,GSM5609572,OTHER,other,TRANSCRIPTOMIC,PAIRED,0,0,ILLUMINA,NextSeq 500,SRP339960,PRJNA768428,3,768428,SRS10443208,SAMN22044757,simple,9606,Homo sapiens,GSM5609572,,,,,,,no,,,,,"ANGELA WU LAB, LIFS, HKUST",SRA1305581,,public,B95EED932255AB1B0DDCFAE3FB1C3C5A,6B929CB01A2C9575F034CC4345C55D2D,HCT116 scONEseq 052,HCT116 cell line,other,transcriptomic,OTHER,HCT116 single cell 148,GPL18573,Illumina NextSeq 500
261,SRR16195327,12/31/22 0:17,10/4/21 17:09,2038532,291931971,2038532,143,118,,https://sra-downloadb.be-md.ncbi.nlm.nih.gov/sos8/sra-pub-zq-818/SRR016/16195/SRR16195327/SRR16195327.lite.1,SRX12479658,GSM5609573,OTHER,other,TRANSCRIPTOMIC,PAIRED,0,0,ILLUMINA,NextSeq 500,SRP339960,PRJNA768428,3,768428,SRS10443209,SAMN22044756,simple,9606,Homo sapiens,GSM5609573,,,,,,,no,,,,,"ANGELA WU LAB, LIFS, HKUST",SRA1305581,,public,F39C133458DFE6CD4671395491913679,9B1096AFB4DA559EA25E96BEC1FD820C,HCT116 scONEseq 053,HCT116 cell line,other,transcriptomic,OTHER,HCT116 single cell 149,GPL18573,Illumina NextSeq 500
262,SRR16195331,12/31/22 0:17,10/4/21 17:09,1695960,252935159,1695960,149,107,,https://sra-downloadb.be-md.ncbi.nlm.nih.gov/sos8/sra-pub-zq-818/SRR016/16195/SRR16195331/SRR16195331.lite.1,SRX12479654,GSM5609785,OTHER,other,TRANSCRIPTOMIC,PAIRED,0,0,ILLUMINA,NextSeq 500,SRP339960,PRJNA768428,3,768428,SRS10443205,SAMN22044544,simple,9606,Homo sapiens,GSM5609785,,,,,,,no,,,,,"ANGELA WU LAB, LIFS, HKUST",SRA1305581,,public,30A875551DBC691F54180AE158056AA2,F815ADE67CB8B44391E94BEA67D6720A,NPC43 scONEseq 100,NPC43 cell line,other,transcriptomic,OTHER,NPC single cell 100,GPL18573,Illumina NextSeq 500
263,SRR16195330,12/31/22 0:17,10/4/21 17:09,2788903,415162173,2788903,148,176,,https://sra-downloadb.be-md.ncbi.nlm.nih.gov/sos8/sra-pub-zq-818/SRR016/16195/SRR16195330/SRR16195330.lite.1,SRX12479655,GSM5609786,OTHER,other,TRANSCRIPTOMIC,PAIRED,0,0,ILLUMINA,NextSeq 500,SRP339960,PRJNA768428,3,768428,SRS10443206,SAMN22044543,simple,9606,Homo sapiens,GSM5609786,,,,,,,no,,,,,"ANGELA WU LAB, LIFS, HKUST",SRA1305581,,public,D0FA526FE10E66ECDFD7487A9C66E092,49C6BB14455874A7D371684B4B9FD65F,NPC43 scONEseq 101,NPC43 cell line,other,transcriptomic,OTHER,NPC single cell 101,GPL18573,Illumina NextSeq 500
264,SRR16195329,12/31/22 0:17,10/4/21 17:09,3387950,502991532,3387950,148,215,,https://sra-downloadb.be-md.ncbi.nlm.nih.gov/sos8/sra-pub-zq-818/SRR016/16195/SRR16195329/SRR16195329.lite.1,SRX12479656,GSM5609787,OTHER,other,TRANSCRIPTOMIC,PAIRED,0,0,ILLUMINA,NextSeq 500,SRP339960,PRJNA768428,3,768428,SRS10443207,SAMN22044542,simple,9606,Homo sapiens,GSM5609787,,,,,,,no,,,,,"ANGELA WU LAB, LIFS, HKUST",SRA1305581,,public,2484C84660CCD0E843005B444328ECAF,EEBF49DF7E51B1D1EA1CE91ABE963953,NPC43 scONEseq 102,NPC43 cell line,other,transcriptomic,OTHER,NPC single cell 102,GPL18573,Illumina NextSeq 500
265,SRR16195325,12/31/22 0:17,10/4/21 17:08,1059038,151649430,1059038,143,61,,https://sra-downloadb.be-md.ncbi.nlm.nih.gov/sos1/sra-pub-zq-38/SRR016/16195/SRR16195325/SRR16195325.lite.1,SRX12479660,GSM5609575,OTHER,other,TRANSCRIPTOMIC,PAIRED,0,0,ILLUMINA,NextSeq 500,SRP339960,PRJNA768428,3,768428,SRS10443210,SAMN22044754,simple,9606,Homo sapiens,GSM5609575,,,,,,,no,,,,,"ANGELA WU LAB, LIFS, HKUST",SRA1305581,,public,4C445BD8C229AC0FA360C45FDB254B59,F37705126FF79CB2D19A8ECDB5B78DF3,HCT116 scONEseq 055,HCT116 cell line,other,transcriptomic,OTHER,HCT116 single cell 151,GPL18573,Illumina NextSeq 500
266,SRR16195326,12/31/22 0:17,10/4/21 17:09,1358229,194534605,1358229,143,78,,https://sra-downloadb.be-md.ncbi.nlm.nih.gov/sos8/sra-pub-zq-818/SRR016/16195/SRR16195326/SRR16195326.lite.1,SRX12479659,GSM5609574,OTHER,other,TRANSCRIPTOMIC,PAIRED,0,0,ILLUMINA,NextSeq 500,SRP339960,PRJNA768428,3,768428,SRS10443211,SAMN22044755,simple,9606,Homo sapiens,GSM5609574,,,,,,,no,,,,,"ANGELA WU LAB, LIFS, HKUST",SRA1305581,,public,21F73D47EFA6039CFBC643CD798E5513,E80D4D61F4F97C24C594A3F586CCB7C2,HCT116 scONEseq 054,HCT116 cell line,other,transcriptomic,OTHER,HCT116 single cell 150,GPL18573,Illumina NextSeq 500
267,SRR16195324,12/31/22 0:17,10/4/21 17:09,1029208,147396742,1029208,143,59,,https://sra-downloadb.be-md.ncbi.nlm.nih.gov/sos8/sra-pub-zq-818/SRR016/16195/SRR16195324/SRR16195324.lite.1,SRX12479661,GSM5609576,OTHER,other,TRANSCRIPTOMIC,PAIRED,0,0,ILLUMINA,NextSeq 500,SRP339960,PRJNA768428,3,768428,SRS10443212,SAMN22044753,simple,9606,Homo sapiens,GSM5609576,,,,,,,no,,,,,"ANGELA WU LAB, LIFS, HKUST",SRA1305581,,public,6A149B3D87F9572351D499DB453E39EC,EF165C67E3A21020BD1E00CED7FAE50E,HCT116 scONEseq 056,HCT116 cell line,other,transcriptomic,OTHER,HCT116 single cell 152,GPL18573,Illumina NextSeq 500
268,SRR16195323,12/31/22 0:17,10/4/21 17:09,1144588,163889541,1144588,143,66,,https://sra-downloadb.be-md.ncbi.nlm.nih.gov/sos1/sra-pub-zq-38/SRR016/16195/SRR16195323/SRR16195323.lite.1,SRX12479662,GSM5609577,OTHER,other,TRANSCRIPTOMIC,PAIRED,0,0,ILLUMINA,NextSeq 500,SRP339960,PRJNA768428,3,768428,SRS10443213,SAMN22044752,simple,9606,Homo sapiens,GSM5609577,,,,,,,no,,,,,"ANGELA WU LAB, LIFS, HKUST",SRA1305581,,public,E8FA430C4C2956FF0CAF8B0392856230,1FF32EBAD8B1423DDEB1436E1193F0BF,HCT116 scONEseq 057,HCT116 cell line,other,transcriptomic,OTHER,HCT116 single cell 153,GPL18573,Illumina NextSeq 500
269,SRR16195322,12/31/22 0:17,10/4/21 17:08,734302,105162684,734302,143,42,,https://sra-downloadb.be-md.ncbi.nlm.nih.gov/sos8/sra-pub-zq-818/SRR016/16195/SRR16195322/SRR16195322.lite.1,SRX12479663,GSM5609578,OTHER,other,TRANSCRIPTOMIC,PAIRED,0,0,ILLUMINA,NextSeq 500,SRP339960,PRJNA768428,3,768428,SRS10443215,SAMN22044751,simple,9606,Homo sapiens,GSM5609578,,,,,,,no,,,,,"ANGELA WU LAB, LIFS, HKUST",SRA1305581,,public,D5A855E4F5864A1B985D369F97D95676,E16ABDCCCD398BBACB5E34812DC77601,HCT116 scONEseq 058,HCT116 cell line,other,transcriptomic,OTHER,HCT116 single cell 154,GPL18573,Illumina NextSeq 500
270,SRR16195321,12/31/22 0:17,10/4/21 17:08,913789,130871068,913789,143,53,,https://sra-downloadb.be-md.ncbi.nlm.nih.gov/sos8/sra-pub-zq-818/SRR016/16195/SRR16195321/SRR16195321.lite.1,SRX12479664,GSM5609579,OTHER,other,TRANSCRIPTOMIC,PAIRED,0,0,ILLUMINA,NextSeq 500,SRP339960,PRJNA768428,3,768428,SRS10443214,SAMN22044750,simple,9606,Homo sapiens,GSM5609579,,,,,,,no,,,,,"ANGELA WU LAB, LIFS, HKUST",SRA1305581,,public,63F028FBB621F67BCD2C97FE4C498EF0,ECB4EF7B7DEE724BEB1092F11C609332,HCT116 scONEseq 059,HCT116 cell line,other,transcriptomic,OTHER,HCT116 single cell 155,GPL18573,Illumina NextSeq 500
271,SRR16195320,12/31/22 0:17,10/4/21 17:08,1157034,165694682,1157034,143,67,,https://sra-downloadb.be-md.ncbi.nlm.nih.gov/sos8/sra-pub-zq-818/SRR016/16195/SRR16195320/SRR16195320.lite.1,SRX12479665,GSM5609580,OTHER,other,TRANSCRIPTOMIC,PAIRED,0,0,ILLUMINA,NextSeq 500,SRP339960,PRJNA768428,3,768428,SRS10443216,SAMN22044749,simple,9606,Homo sapiens,GSM5609580,,,,,,,no,,,,,"ANGELA WU LAB, LIFS, HKUST",SRA1305581,,public,E3191F737A52838BD46C60B2782EB314,1272EBB3643908BA00D255B3A30801EF,HCT116 scONEseq 060,HCT116 cell line,other,transcriptomic,OTHER,HCT116 single cell 156,GPL18573,Illumina NextSeq 500
272,SRR16195319,12/31/22 0:17,10/4/21 17:09,1968431,281995724,1968431,143,113,,https://sra-downloadb.be-md.ncbi.nlm.nih.gov/sos8/sra-pub-zq-818/SRR016/16195/SRR16195319/SRR16195319.lite.1,SRX12479666,GSM5609581,OTHER,other,TRANSCRIPTOMIC,PAIRED,0,0,ILLUMINA,NextSeq 500,SRP339960,PRJNA768428,3,768428,SRS10443217,SAMN22044748,simple,9606,Homo sapiens,GSM5609581,,,,,,,no,,,,,"ANGELA WU LAB, LIFS, HKUST",SRA1305581,,public,13A7487E0D3934D1D776B2DE36588A54,72603A576985BA97E381105F0CDD3708,HCT116 scONEseq 061,HCT116 cell line,other,transcriptomic,OTHER,HCT116 single cell 157,GPL18573,Illumina NextSeq 500
273,SRR16195318,12/31/22 0:17,10/4/21 17:09,1827629,261826682,1827629,143,105,,https://sra-downloadb.be-md.ncbi.nlm.nih.gov/sos1/sra-pub-zq-38/SRR016/16195/SRR16195318/SRR16195318.lite.1,SRX12479667,GSM5609582,OTHER,other,TRANSCRIPTOMIC,PAIRED,0,0,ILLUMINA,NextSeq 500,SRP339960,PRJNA768428,3,768428,SRS10443218,SAMN22044747,simple,9606,Homo sapiens,GSM5609582,,,,,,,no,,,,,"ANGELA WU LAB, LIFS, HKUST",SRA1305581,,public,D769EF1A4FDC05718CDB1B80DD289084,0C535AA262680A7CE4FFA71E56A9513C,HCT116 scONEseq 062,HCT116 cell line,other,transcriptomic,OTHER,HCT116 single cell 158,GPL18573,Illumina NextSeq 500
274,SRR16195317,12/31/22 0:17,10/4/21 17:09,1861329,266671357,1861329,143,107,,https://sra-downloadb.be-md.ncbi.nlm.nih.gov/sos8/sra-pub-zq-818/SRR016/16195/SRR16195317/SRR16195317.lite.1,SRX12479668,GSM5609583,OTHER,other,TRANSCRIPTOMIC,PAIRED,0,0,ILLUMINA,NextSeq 500,SRP339960,PRJNA768428,3,768428,SRS10443219,SAMN22044746,simple,9606,Homo sapiens,GSM5609583,,,,,,,no,,,,,"ANGELA WU LAB, LIFS, HKUST",SRA1305581,,public,3F7963CFF47514AC3E8C9A3660B06DC0,70922B06BFB2410404BD5E4F7E4248C8,HCT116 scONEseq 063,HCT116 cell line,other,transcriptomic,OTHER,HCT116 single cell 159,GPL18573,Illumina NextSeq 500
275,SRR16195316,12/31/22 0:17,10/4/21 17:09,1605567,230049038,1605567,143,93,,https://sra-downloadb.be-md.ncbi.nlm.nih.gov/sos8/sra-pub-zq-818/SRR016/16195/SRR16195316/SRR16195316.lite.1,SRX12479669,GSM5609584,OTHER,other,TRANSCRIPTOMIC,PAIRED,0,0,ILLUMINA,NextSeq 500,SRP339960,PRJNA768428,3,768428,SRS10443220,SAMN22044745,simple,9606,Homo sapiens,GSM5609584,,,,,,,no,,,,,"ANGELA WU LAB, LIFS, HKUST",SRA1305581,,public,768641113C4083AA191CA30975562A61,6F0BEE7B70E97056ECFC5771845EFBB5,HCT116 scONEseq 064,HCT116 cell line,other,transcriptomic,OTHER,HCT116 single cell 160,GPL18573,Illumina NextSeq 500
276,SRR16195315,12/31/22 0:17,10/4/21 17:09,1051333,150584700,1051333,143,61,,https://sra-downloadb.be-md.ncbi.nlm.nih.gov/sos1/sra-pub-zq-38/SRR016/16195/SRR16195315/SRR16195315.lite.1,SRX12479670,GSM5609585,OTHER,other,TRANSCRIPTOMIC,PAIRED,0,0,ILLUMINA,NextSeq 500,SRP339960,PRJNA768428,3,768428,SRS10443221,SAMN22044744,simple,9606,Homo sapiens,GSM5609585,,,,,,,no,,,,,"ANGELA WU LAB, LIFS, HKUST",SRA1305581,,public,51FCD7552C4EB5E5AF92E2C6EACA94BA,D099D0E8565ECB6069FED967575C6C11,HCT116 scONEseq 065,HCT116 cell line,other,transcriptomic,OTHER,HCT116 single cell 161,GPL18573,Illumina NextSeq 500
277,SRR16195314,12/31/22 0:17,10/4/21 17:08,1129289,161752217,1129289,143,66,,https://sra-downloadb.be-md.ncbi.nlm.nih.gov/sos8/sra-pub-zq-818/SRR016/16195/SRR16195314/SRR16195314.lite.1,SRX12479671,GSM5609586,OTHER,other,TRANSCRIPTOMIC,PAIRED,0,0,ILLUMINA,NextSeq 500,SRP339960,PRJNA768428,3,768428,SRS10443222,SAMN22044743,simple,9606,Homo sapiens,GSM5609586,,,,,,,no,,,,,"ANGELA WU LAB, LIFS, HKUST",SRA1305581,,public,8E449D6B2A08E4445F59F5DEEE2F3A8A,361AE401C4EDAFC616A64E4F57F996B9,HCT116 scONEseq 066,HCT116 cell line,other,transcriptomic,OTHER,HCT116 single cell 162,GPL18573,Illumina NextSeq 500
278,SRR16195313,12/31/22 0:17,10/4/21 17:08,949088,135943830,949088,143,55,,https://sra-downloadb.be-md.ncbi.nlm.nih.gov/sos8/sra-pub-zq-818/SRR016/16195/SRR16195313/SRR16195313.lite.1,SRX12479672,GSM5609587,OTHER,other,TRANSCRIPTOMIC,PAIRED,0,0,ILLUMINA,NextSeq 500,SRP339960,PRJNA768428,3,768428,SRS10443223,SAMN22044742,simple,9606,Homo sapiens,GSM5609587,,,,,,,no,,,,,"ANGELA WU LAB, LIFS, HKUST",SRA1305581,,public,65ECFB4C2E863FC8D16DE69327272D99,AD5551BD7B155830AD01566C9B6EB6AF,HCT116 scONEseq 067,HCT116 cell line,other,transcriptomic,OTHER,HCT116 single cell 163,GPL18573,Illumina NextSeq 500
279,SRR16195312,12/31/22 0:17,10/4/21 17:09,2384156,341517076,2384156,143,138,,https://sra-downloadb.be-md.ncbi.nlm.nih.gov/sos8/sra-pub-zq-818/SRR016/16195/SRR16195312/SRR16195312.lite.1,SRX12479673,GSM5609588,OTHER,other,TRANSCRIPTOMIC,PAIRED,0,0,ILLUMINA,NextSeq 500,SRP339960,PRJNA768428,3,768428,SRS10443224,SAMN22044741,simple,9606,Homo sapiens,GSM5609588,,,,,,,no,,,,,"ANGELA WU LAB, LIFS, HKUST",SRA1305581,,public,C330E8C1DEDE198D6F0D37D1C7F5DE0E,D2E11CCF4A6FC854F2EE84C6B2918B4C,HCT116 scONEseq 068,HCT116 cell line,other,transcriptomic,OTHER,HCT116 single cell 164,GPL18573,Illumina NextSeq 500
280,SRR16195311,12/31/22 0:17,10/4/21 17:08,1222966,175135128,1222966,143,71,,https://sra-downloadb.be-md.ncbi.nlm.nih.gov/sos1/sra-pub-zq-38/SRR016/16195/SRR16195311/SRR16195311.lite.1,SRX12479674,GSM5609589,OTHER,other,TRANSCRIPTOMIC,PAIRED,0,0,ILLUMINA,NextSeq 500,SRP339960,PRJNA768428,3,768428,SRS10443225,SAMN22044740,simple,9606,Homo sapiens,GSM5609589,,,,,,,no,,,,,"ANGELA WU LAB, LIFS, HKUST",SRA1305581,,public,7988938A9DA55C0A27DD14D72D619FAD,3CB0F0182511ECEAAC46C58BD0027672,HCT116 scONEseq 069,HCT116 cell line,other,transcriptomic,OTHER,HCT116 single cell 165,GPL18573,Illumina NextSeq 500
281,SRR16195310,12/31/22 0:17,10/4/21 17:08,360501,51604085,360501,143,21,,https://sra-downloadb.be-md.ncbi.nlm.nih.gov/sos8/sra-pub-zq-818/SRR016/16195/SRR16195310/SRR16195310.lite.1,SRX12479675,GSM5609590,OTHER,other,TRANSCRIPTOMIC,PAIRED,0,0,ILLUMINA,NextSeq 500,SRP339960,PRJNA768428,3,768428,SRS10443226,SAMN22044739,simple,9606,Homo sapiens,GSM5609590,,,,,,,no,,,,,"ANGELA WU LAB, LIFS, HKUST",SRA1305581,,public,5414100AFFA547C165072A1CF58B75B5,61D6475A7D5B86965412693B9E45EFDE,HCT116 scONEseq 070,HCT116 cell line,other,transcriptomic,OTHER,HCT116 single cell 166,GPL18573,Illumina NextSeq 500
282,SRR16195309,12/31/22 0:17,10/4/21 17:09,2345271,335924721,2345271,143,137,,https://sra-downloadb.be-md.ncbi.nlm.nih.gov/sos8/sra-pub-zq-820/SRR016/16195/SRR16195309/SRR16195309.lite.1,SRX12479676,GSM5609591,OTHER,other,TRANSCRIPTOMIC,PAIRED,0,0,ILLUMINA,NextSeq 500,SRP339960,PRJNA768428,3,768428,SRS10443227,SAMN22044738,simple,9606,Homo sapiens,GSM5609591,,,,,,,no,,,,,"ANGELA WU LAB, LIFS, HKUST",SRA1305581,,public,656BACA06023DCD5D3C704EBC7874E42,CA90DC41156C7261C76F7E830FAE7B7F,HCT116 scONEseq 071,HCT116 cell line,other,transcriptomic,OTHER,HCT116 single cell 167,GPL18573,Illumina NextSeq 500
283,SRR16195308,12/31/22 0:17,10/4/21 17:09,1407769,201570554,1407769,143,82,,https://sra-downloadb.be-md.ncbi.nlm.nih.gov/sos1/sra-pub-zq-38/SRR016/16195/SRR16195308/SRR16195308.lite.1,SRX12479677,GSM5609592,OTHER,other,TRANSCRIPTOMIC,PAIRED,0,0,ILLUMINA,NextSeq 500,SRP339960,PRJNA768428,3,768428,SRS10443228,SAMN22044737,simple,9606,Homo sapiens,GSM5609592,,,,,,,no,,,,,"ANGELA WU LAB, LIFS, HKUST",SRA1305581,,public,05A7A227B3D409CD6323606FD9E23EA7,1DFF1B8DC4EBE3721F2C77643F5573ED,HCT116 scONEseq 072,HCT116 cell line,other,transcriptomic,OTHER,HCT116 single cell 168,GPL18573,Illumina NextSeq 500
284,SRR16195307,12/31/22 0:17,10/4/21 17:09,2067969,296227077,2067969,143,119,,https://sra-downloadb.be-md.ncbi.nlm.nih.gov/sos9/sra-pub-zq-922/SRR016/16195/SRR16195307/SRR16195307.lite.1,SRX12479678,GSM5609593,OTHER,other,TRANSCRIPTOMIC,PAIRED,0,0,ILLUMINA,NextSeq 500,SRP339960,PRJNA768428,3,768428,SRS10443229,SAMN22044736,simple,9606,Homo sapiens,GSM5609593,,,,,,,no,,,,,"ANGELA WU LAB, LIFS, HKUST",SRA1305581,,public,00DF372F2897C3A6C3DD95EB9E8C8098,515C1F9ACDAE25ADEC1AD70B9E3F6558,HCT116 scONEseq 073,HCT116 cell line,other,transcriptomic,OTHER,HCT116 single cell 169,GPL18573,Illumina NextSeq 500
285,SRR16195306,12/31/22 0:17,10/4/21 17:09,1678898,240536208,1678898,143,96,,https://sra-downloadb.be-md.ncbi.nlm.nih.gov/sos8/sra-pub-zq-818/SRR016/16195/SRR16195306/SRR16195306.lite.1,SRX12479679,GSM5609594,OTHER,other,TRANSCRIPTOMIC,PAIRED,0,0,ILLUMINA,NextSeq 500,SRP339960,PRJNA768428,3,768428,SRS10443230,SAMN22044735,simple,9606,Homo sapiens,GSM5609594,,,,,,,no,,,,,"ANGELA WU LAB, LIFS, HKUST",SRA1305581,,public,616664D9F62F44C304346F5134DDFD87,062C3B5F7334DA597D340D6517B4DB4A,HCT116 scONEseq 074,HCT116 cell line,other,transcriptomic,OTHER,HCT116 single cell 170,GPL18573,Illumina NextSeq 500
286,SRR16195305,12/31/22 0:17,10/4/21 17:09,1767836,253309537,1767836,143,102,,https://sra-downloadb.be-md.ncbi.nlm.nih.gov/sos1/sra-pub-zq-38/SRR016/16195/SRR16195305/SRR16195305.lite.1,SRX12479680,GSM5609595,OTHER,other,TRANSCRIPTOMIC,PAIRED,0,0,ILLUMINA,NextSeq 500,SRP339960,PRJNA768428,3,768428,SRS10443231,SAMN22044734,simple,9606,Homo sapiens,GSM5609595,,,,,,,no,,,,,"ANGELA WU LAB, LIFS, HKUST",SRA1305581,,public,37DF5CBA6EE985D7DB1757B8849628CD,AF3E1751704B61AF0C2527342649420E,HCT116 scONEseq 075,HCT116 cell line,other,transcriptomic,OTHER,HCT116 single cell 171,GPL18573,Illumina NextSeq 500
287,SRR16195304,12/31/22 0:17,10/4/21 17:09,1319033,188957400,1319033,143,76,,https://sra-downloadb.be-md.ncbi.nlm.nih.gov/sos1/sra-pub-zq-38/SRR016/16195/SRR16195304/SRR16195304.lite.1,SRX12479681,GSM5609524,OTHER,other,TRANSCRIPTOMIC,PAIRED,0,0,ILLUMINA,NextSeq 500,SRP339960,PRJNA768428,3,768428,SRS10443232,SAMN22044805,simple,9606,Homo sapiens,GSM5609524,,,,,,,no,,,,,"ANGELA WU LAB, LIFS, HKUST",SRA1305581,,public,C6043C06377F5CA1A24142CC4E7413B7,C9D9CE9A1336A48A5580DB5D260FB53A,HCT116 scONEseq 004,HCT116 cell line,other,transcriptomic,OTHER,HCT116 single cell 100,GPL18573,Illumina NextSeq 500
288,SRR16195303,12/31/22 0:17,10/4/21 17:09,1284014,183863650,1284014,143,74,,https://sra-downloadb.be-md.ncbi.nlm.nih.gov/sos8/sra-pub-zq-818/SRR016/16195/SRR16195303/SRR16195303.lite.1,SRX12479682,GSM5609525,OTHER,other,TRANSCRIPTOMIC,PAIRED,0,0,ILLUMINA,NextSeq 500,SRP339960,PRJNA768428,3,768428,SRS10443233,SAMN22044804,simple,9606,Homo sapiens,GSM5609525,,,,,,,no,,,,,"ANGELA WU LAB, LIFS, HKUST",SRA1305581,,public,F20DC23C76203BE54B04DF0703EEDFE1,6637C613565139260EDAF68591CB025A,HCT116 scONEseq 005,HCT116 cell line,other,transcriptomic,OTHER,HCT116 single cell 101,GPL18573,Illumina NextSeq 500
289,SRR16195302,12/31/22 0:17,10/4/21 17:10,6217163,890616217,6217163,143,363,,https://sra-downloadb.be-md.ncbi.nlm.nih.gov/sos8/sra-pub-zq-818/SRR016/16195/SRR16195302/SRR16195302.lite.1,SRX12479683,GSM5609526,OTHER,other,TRANSCRIPTOMIC,PAIRED,0,0,ILLUMINA,NextSeq 500,SRP339960,PRJNA768428,3,768428,SRS10443234,SAMN22044803,simple,9606,Homo sapiens,GSM5609526,,,,,,,no,,,,,"ANGELA WU LAB, LIFS, HKUST",SRA1305581,,public,2A5A7D760867890CB523EB28A94413A9,7F961CF838568D6B5A1763611081874B,HCT116 scONEseq 006,HCT116 cell line,other,transcriptomic,OTHER,HCT116 single cell 102,GPL18573,Illumina NextSeq 500
290,SRR16195301,12/31/22 0:17,10/4/21 17:08,385653,55208882,385653,143,22,,https://sra-downloadb.be-md.ncbi.nlm.nih.gov/sos8/sra-pub-zq-818/SRR016/16195/SRR16195301/SRR16195301.lite.1,SRX12479684,GSM5609527,OTHER,other,TRANSCRIPTOMIC,PAIRED,0,0,ILLUMINA,NextSeq 500,SRP339960,PRJNA768428,3,768428,SRS10443235,SAMN22044802,simple,9606,Homo sapiens,GSM5609527,,,,,,,no,,,,,"ANGELA WU LAB, LIFS, HKUST",SRA1305581,,public,34C0B6F5B06D401672484CBAA6DF3889,1A53335CEFF0CBF150C4669CAFE784A9,HCT116 scONEseq 007,HCT116 cell line,other,transcriptomic,OTHER,HCT116 single cell 103,GPL18573,Illumina NextSeq 500
291,SRR16195300,12/31/22 0:17,10/4/21 17:09,1501939,215097230,1501939,143,87,,https://sra-downloadb.be-md.ncbi.nlm.nih.gov/sos8/sra-pub-zq-818/SRR016/16195/SRR16195300/SRR16195300.lite.1,SRX12479685,GSM5609528,OTHER,other,TRANSCRIPTOMIC,PAIRED,0,0,ILLUMINA,NextSeq 500,SRP339960,PRJNA768428,3,768428,SRS10443236,SAMN22044801,simple,9606,Homo sapiens,GSM5609528,,,,,,,no,,,,,"ANGELA WU LAB, LIFS, HKUST",SRA1305581,,public,C5782A65289B26C1DC0B86CF60D4A512,0D41FB406EA3F01D96D0991B6F7DBF66,HCT116 scONEseq 008,HCT116 cell line,other,transcriptomic,OTHER,HCT116 single cell 104,GPL18573,Illumina NextSeq 500
292,SRR16195299,12/31/22 0:17,10/4/21 17:09,1984757,284228138,1984757,143,115,,https://sra-downloadb.be-md.ncbi.nlm.nih.gov/sos8/sra-pub-zq-818/SRR016/16195/SRR16195299/SRR16195299.lite.1,SRX12479686,GSM5609529,OTHER,other,TRANSCRIPTOMIC,PAIRED,0,0,ILLUMINA,NextSeq 500,SRP339960,PRJNA768428,3,768428,SRS10443237,SAMN22044800,simple,9606,Homo sapiens,GSM5609529,,,,,,,no,,,,,"ANGELA WU LAB, LIFS, HKUST",SRA1305581,,public,CDEA9AA787726E6E9D4B505CF9EE4CDF,456F0ECEB12016BCED2C8AD56BFFFA1F,HCT116 scONEseq 009,HCT116 cell line,other,transcriptomic,OTHER,HCT116 single cell 105,GPL18573,Illumina NextSeq 500
293,SRR16195298,12/31/22 0:17,10/4/21 17:09,1412970,202369081,1412970,143,82,,https://sra-downloadb.be-md.ncbi.nlm.nih.gov/sos8/sra-pub-zq-818/SRR016/16195/SRR16195298/SRR16195298.lite.1,SRX12479687,GSM5609530,OTHER,other,TRANSCRIPTOMIC,PAIRED,0,0,ILLUMINA,NextSeq 500,SRP339960,PRJNA768428,3,768428,SRS10443238,SAMN22044799,simple,9606,Homo sapiens,GSM5609530,,,,,,,no,,,,,"ANGELA WU LAB, LIFS, HKUST",SRA1305581,,public,B6E9C104F4501418FDE798DD653599E0,D30519F262069718EC1A962E5A726665,HCT116 scONEseq 010,HCT116 cell line,other,transcriptomic,OTHER,HCT116 single cell 106,GPL18573,Illumina NextSeq 500
294,SRR16195297,12/31/22 0:17,10/4/21 17:09,2241712,321080482,2241712,143,130,,https://sra-downloadb.be-md.ncbi.nlm.nih.gov/sos1/sra-pub-zq-38/SRR016/16195/SRR16195297/SRR16195297.lite.1,SRX12479688,GSM5609531,OTHER,other,TRANSCRIPTOMIC,PAIRED,0,0,ILLUMINA,NextSeq 500,SRP339960,PRJNA768428,3,768428,SRS10443239,SAMN22044798,simple,9606,Homo sapiens,GSM5609531,,,,,,,no,,,,,"ANGELA WU LAB, LIFS, HKUST",SRA1305581,,public,E2CD2071DCDF51F617FB83B8E6564935,A6EC0D77C731C750C8782D68F9F89519,HCT116 scONEseq 011,HCT116 cell line,other,transcriptomic,OTHER,HCT116 single cell 107,GPL18573,Illumina NextSeq 500
295,SRR16195296,12/31/22 0:17,10/4/21 17:09,1095262,156840130,1095262,143,64,,https://sra-downloadb.be-md.ncbi.nlm.nih.gov/sos8/sra-pub-zq-818/SRR016/16195/SRR16195296/SRR16195296.lite.1,SRX12479689,GSM5609532,OTHER,other,TRANSCRIPTOMIC,PAIRED,0,0,ILLUMINA,NextSeq 500,SRP339960,PRJNA768428,3,768428,SRS10443240,SAMN22044797,simple,9606,Homo sapiens,GSM5609532,,,,,,,no,,,,,"ANGELA WU LAB, LIFS, HKUST",SRA1305581,,public,5C12BEFA810A154CF0157CEB63AE896B,FF0DBFF46D9C3B0D052520B34AA94455,HCT116 scONEseq 012,HCT116 cell line,other,transcriptomic,OTHER,HCT116 single cell 108,GPL18573,Illumina NextSeq 500
296,SRR16195295,12/31/22 0:17,10/4/21 17:09,2026723,290344305,2026723,143,117,,https://sra-downloadb.be-md.ncbi.nlm.nih.gov/sos8/sra-pub-zq-818/SRR016/16195/SRR16195295/SRR16195295.lite.1,SRX12479690,GSM5609533,OTHER,other,TRANSCRIPTOMIC,PAIRED,0,0,ILLUMINA,NextSeq 500,SRP339960,PRJNA768428,3,768428,SRS10443241,SAMN22044796,simple,9606,Homo sapiens,GSM5609533,,,,,,,no,,,,,"ANGELA WU LAB, LIFS, HKUST",SRA1305581,,public,385612E256F40ADDC986B9943D559CD0,9341013B3BAF4A69E97B2165C1198024,HCT116 scONEseq 013,HCT116 cell line,other,transcriptomic,OTHER,HCT116 single cell 109,GPL18573,Illumina NextSeq 500
297,SRR16195294,12/31/22 0:17,10/4/21 17:09,1560718,223548767,1560718,143,90,,https://sra-downloadb.be-md.ncbi.nlm.nih.gov/sos8/sra-pub-zq-818/SRR016/16195/SRR16195294/SRR16195294.lite.1,SRX12479691,GSM5609534,OTHER,other,TRANSCRIPTOMIC,PAIRED,0,0,ILLUMINA,NextSeq 500,SRP339960,PRJNA768428,3,768428,SRS10443242,SAMN22044795,simple,9606,Homo sapiens,GSM5609534,,,,,,,no,,,,,"ANGELA WU LAB, LIFS, HKUST",SRA1305581,,public,79329090B80C6E740CC652217A170C44,16B307BBFCB6E9C5D2B300D07E41C422,HCT116 scONEseq 014,HCT116 cell line,other,transcriptomic,OTHER,HCT116 single cell 110,GPL18573,Illumina NextSeq 500
298,SRR16195293,12/31/22 0:17,10/4/21 17:09,1336738,191443812,1336738,143,77,,https://sra-downloadb.be-md.ncbi.nlm.nih.gov/sos8/sra-pub-zq-818/SRR016/16195/SRR16195293/SRR16195293.lite.1,SRX12479692,GSM5609535,OTHER,other,TRANSCRIPTOMIC,PAIRED,0,0,ILLUMINA,NextSeq 500,SRP339960,PRJNA768428,3,768428,SRS10443243,SAMN22044794,simple,9606,Homo sapiens,GSM5609535,,,,,,,no,,,,,"ANGELA WU LAB, LIFS, HKUST",SRA1305581,,public,BB2D64B657202F7BA121187A539F0000,52878AD7E10BC19200271ADCEC0DE71D,HCT116 scONEseq 015,HCT116 cell line,other,transcriptomic,OTHER,HCT116 single cell 111,GPL18573,Illumina NextSeq 500
299,SRR16195292,12/31/22 0:17,10/4/21 17:09,2082209,298334783,2082209,143,120,,https://sra-downloadb.be-md.ncbi.nlm.nih.gov/sos1/sra-pub-zq-38/SRR016/16195/SRR16195292/SRR16195292.lite.1,SRX12479693,GSM5609536,OTHER,other,TRANSCRIPTOMIC,PAIRED,0,0,ILLUMINA,NextSeq 500,SRP339960,PRJNA768428,3,768428,SRS10443244,SAMN22044793,simple,9606,Homo sapiens,GSM5609536,,,,,,,no,,,,,"ANGELA WU LAB, LIFS, HKUST",SRA1305581,,public,B8A6EEA5C99DCFAD0A4446C65D9BAD50,EB676F120FBFCAC071F99C6C66CF9F9D,HCT116 scONEseq 016,HCT116 cell line,other,transcriptomic,OTHER,HCT116 single cell 112,GPL18573,Illumina NextSeq 500
300,SRR16195291,12/31/22 0:17,10/4/21 17:09,1425268,204096653,1425268,143,83,,https://sra-downloadb.be-md.ncbi.nlm.nih.gov/sos8/sra-pub-zq-818/SRR016/16195/SRR16195291/SRR16195291.lite.1,SRX12479694,GSM5609537,OTHER,other,TRANSCRIPTOMIC,PAIRED,0,0,ILLUMINA,NextSeq 500,SRP339960,PRJNA768428,3,768428,SRS10443245,SAMN22044792,simple,9606,Homo sapiens,GSM5609537,,,,,,,no,,,,,"ANGELA WU LAB, LIFS, HKUST",SRA1305581,,public,9C87D4EEE9A5831A9E328C38F041529E,595A64F4CA9AAC0DEDA6CBB8E2C29558,HCT116 scONEseq 017,HCT116 cell line,other,transcriptomic,OTHER,HCT116 single cell 113,GPL18573,Illumina NextSeq 500
301,SRR16195290,12/31/22 0:17,10/4/21 17:09,1405753,201317502,1405753,143,81,,https://sra-downloadb.be-md.ncbi.nlm.nih.gov/sos9/sra-pub-zq-922/SRR016/16195/SRR16195290/SRR16195290.lite.1,SRX12479695,GSM5609538,OTHER,other,TRANSCRIPTOMIC,PAIRED,0,0,ILLUMINA,NextSeq 500,SRP339960,PRJNA768428,3,768428,SRS10443246,SAMN22044791,simple,9606,Homo sapiens,GSM5609538,,,,,,,no,,,,,"ANGELA WU LAB, LIFS, HKUST",SRA1305581,,public,669CC6292E0320BA8A50A6F5070E1EF0,C8E4D8F08A18BBD561A702718892C1AF,HCT116 scONEseq 018,HCT116 cell line,other,transcriptomic,OTHER,HCT116 single cell 114,GPL18573,Illumina NextSeq 500
302,SRR16195289,12/31/22 0:17,10/4/21 17:08,1164815,166823675,1164815,143,67,,https://sra-downloadb.be-md.ncbi.nlm.nih.gov/sos8/sra-pub-zq-818/SRR016/16195/SRR16195289/SRR16195289.lite.1,SRX12479696,GSM5609539,OTHER,other,TRANSCRIPTOMIC,PAIRED,0,0,ILLUMINA,NextSeq 500,SRP339960,PRJNA768428,3,768428,SRS10443247,SAMN22044790,simple,9606,Homo sapiens,GSM5609539,,,,,,,no,,,,,"ANGELA WU LAB, LIFS, HKUST",SRA1305581,,public,AE9B2190730DC6A7A3422A4A2B1BC911,471AC27ABEC2991AB58B791BF241EA8A,HCT116 scONEseq 019,HCT116 cell line,other,transcriptomic,OTHER,HCT116 single cell 115,GPL18573,Illumina NextSeq 500
303,SRR16195288,12/31/22 0:17,10/4/21 17:09,2064509,295709885,2064509,143,119,,https://sra-downloadb.be-md.ncbi.nlm.nih.gov/sos8/sra-pub-zq-818/SRR016/16195/SRR16195288/SRR16195288.lite.1,SRX12479697,GSM5609540,OTHER,other,TRANSCRIPTOMIC,PAIRED,0,0,ILLUMINA,NextSeq 500,SRP339960,PRJNA768428,3,768428,SRS10443248,SAMN22044789,simple,9606,Homo sapiens,GSM5609540,,,,,,,no,,,,,"ANGELA WU LAB, LIFS, HKUST",SRA1305581,,public,BCA10C29EA18D7782CD89E5B8F4C82D1,572F858DB75E13911AAE6A6A11EB17BD,HCT116 scONEseq 020,HCT116 cell line,other,transcriptomic,OTHER,HCT116 single cell 116,GPL18573,Illumina NextSeq 500
304,SRR16195287,12/31/22 0:17,10/4/21 17:09,3188785,456762072,3188785,143,185,,https://sra-downloadb.be-md.ncbi.nlm.nih.gov/sos9/sra-pub-zq-922/SRR016/16195/SRR16195287/SRR16195287.lite.1,SRX12479698,GSM5609541,OTHER,other,TRANSCRIPTOMIC,PAIRED,0,0,ILLUMINA,NextSeq 500,SRP339960,PRJNA768428,3,768428,SRS10443250,SAMN22044788,simple,9606,Homo sapiens,GSM5609541,,,,,,,no,,,,,"ANGELA WU LAB, LIFS, HKUST",SRA1305581,,public,4FE7392F02919DE03DFD34F9222A8CE5,07F0D71CE9EF11512646161A2F295F30,HCT116 scONEseq 021,HCT116 cell line,other,transcriptomic,OTHER,HCT116 single cell 117,GPL18573,Illumina NextSeq 500
305,SRR16195286,12/31/22 0:17,10/4/21 17:09,1336229,191366878,1336229,143,77,,https://sra-downloadb.be-md.ncbi.nlm.nih.gov/sos8/sra-pub-zq-818/SRR016/16195/SRR16195286/SRR16195286.lite.1,SRX12479699,GSM5609542,OTHER,other,TRANSCRIPTOMIC,PAIRED,0,0,ILLUMINA,NextSeq 500,SRP339960,PRJNA768428,3,768428,SRS10443249,SAMN22044787,simple,9606,Homo sapiens,GSM5609542,,,,,,,no,,,,,"ANGELA WU LAB, LIFS, HKUST",SRA1305581,,public,8EFDF8E350BEB9B9FE184E9FF1A7CC90,3F8B449A29FDD222091577BC7907B574,HCT116 scONEseq 022,HCT116 cell line,other,transcriptomic,OTHER,HCT116 single cell 118,GPL18573,Illumina NextSeq 500
306,SRR16195285,12/31/22 0:17,10/4/21 17:08,1257993,180125182,1257993,143,73,,https://sra-downloadb.be-md.ncbi.nlm.nih.gov/sos8/sra-pub-zq-818/SRR016/16195/SRR16195285/SRR16195285.lite.1,SRX12479700,GSM5609543,OTHER,other,TRANSCRIPTOMIC,PAIRED,0,0,ILLUMINA,NextSeq 500,SRP339960,PRJNA768428,3,768428,SRS10443251,SAMN22044786,simple,9606,Homo sapiens,GSM5609543,,,,,,,no,,,,,"ANGELA WU LAB, LIFS, HKUST",SRA1305581,,public,2C0B65FE819BFA27FA6C7BBACE63D93B,9CC32214D8619D3D3EC9C6681B2FEC95,HCT116 scONEseq 023,HCT116 cell line,other,transcriptomic,OTHER,HCT116 single cell 119,GPL18573,Illumina NextSeq 500
307,SRR16195284,12/31/22 0:17,10/4/21 17:08,1401902,200737669,1401902,143,81,,https://sra-downloadb.be-md.ncbi.nlm.nih.gov/sos8/sra-pub-zq-818/SRR016/16195/SRR16195284/SRR16195284.lite.1,SRX12479701,GSM5609544,OTHER,other,TRANSCRIPTOMIC,PAIRED,0,0,ILLUMINA,NextSeq 500,SRP339960,PRJNA768428,3,768428,SRS10443252,SAMN22044785,simple,9606,Homo sapiens,GSM5609544,,,,,,,no,,,,,"ANGELA WU LAB, LIFS, HKUST",SRA1305581,,public,B523A5A3F172082F419B4CF33A28709F,4A74E34C9FAE37EB336561E62D9C334F,HCT116 scONEseq 024,HCT116 cell line,other,transcriptomic,OTHER,HCT116 single cell 120,GPL18573,Illumina NextSeq 500
308,SRR16195283,12/31/22 0:17,10/4/21 17:09,2250489,322392083,2250489,143,128,,https://sra-downloadb.be-md.ncbi.nlm.nih.gov/sos8/sra-pub-zq-818/SRR016/16195/SRR16195283/SRR16195283.lite.1,SRX12479702,GSM5609545,OTHER,other,TRANSCRIPTOMIC,PAIRED,0,0,ILLUMINA,NextSeq 500,SRP339960,PRJNA768428,3,768428,SRS10443253,SAMN22044784,simple,9606,Homo sapiens,GSM5609545,,,,,,,no,,,,,"ANGELA WU LAB, LIFS, HKUST",SRA1305581,,public,8402AA707C15611FEC75673411A781C1,0EF63477B2341E53CED7ADEA84D83D25,HCT116 scONEseq 025,HCT116 cell line,other,transcriptomic,OTHER,HCT116 single cell 121,GPL18573,Illumina NextSeq 500
309,SRR16195282,12/31/22 0:17,10/4/21 17:09,1810921,259442856,1810921,143,103,,https://sra-downloadb.be-md.ncbi.nlm.nih.gov/sos8/sra-pub-zq-818/SRR016/16195/SRR16195282/SRR16195282.lite.1,SRX12479703,GSM5609546,OTHER,other,TRANSCRIPTOMIC,PAIRED,0,0,ILLUMINA,NextSeq 500,SRP339960,PRJNA768428,3,768428,SRS10443254,SAMN22044783,simple,9606,Homo sapiens,GSM5609546,,,,,,,no,,,,,"ANGELA WU LAB, LIFS, HKUST",SRA1305581,,public,15180D8AAE2B83F16BD2E8B2007C24E0,01F311F654C8B6BAEAE27D8C8F362DED,HCT116 scONEseq 026,HCT116 cell line,other,transcriptomic,OTHER,HCT116 single cell 122,GPL18573,Illumina NextSeq 500
310,SRR16195281,12/31/22 0:17,10/4/21 17:09,2251146,322541462,2251146,143,129,,https://sra-downloadb.be-md.ncbi.nlm.nih.gov/sos8/sra-pub-zq-818/SRR016/16195/SRR16195281/SRR16195281.lite.1,SRX12479704,GSM5609547,OTHER,other,TRANSCRIPTOMIC,PAIRED,0,0,ILLUMINA,NextSeq 500,SRP339960,PRJNA768428,3,768428,SRS10443255,SAMN22044782,simple,9606,Homo sapiens,GSM5609547,,,,,,,no,,,,,"ANGELA WU LAB, LIFS, HKUST",SRA1305581,,public,05D3193496408D4E28D440B22DE694A7,043E3E9EC13AD9A7CB8F050EFEA51E33,HCT116 scONEseq 027,HCT116 cell line,other,transcriptomic,OTHER,HCT116 single cell 123,GPL18573,Illumina NextSeq 500
311,SRR16195280,12/31/22 0:17,10/4/21 17:10,4221937,632057097,4221937,149,267,,https://sra-downloadb.be-md.ncbi.nlm.nih.gov/sos9/sra-pub-zq-922/SRR016/16195/SRR16195280/SRR16195280.lite.1,SRX12479705,GSM5609692,OTHER,other,TRANSCRIPTOMIC,PAIRED,0,0,ILLUMINA,NextSeq 500,SRP339960,PRJNA768428,3,768428,SRS10443256,SAMN22044637,simple,9606,Homo sapiens,GSM5609692,,,,,,,no,,,,,"ANGELA WU LAB, LIFS, HKUST",SRA1305581,,public,6D4D1517395712FF0B614B37A563A723,279B6F302732FBB67718518E225B6C24,NPC43 scONEseq 007,NPC43 cell line,other,transcriptomic,OTHER,NPC single cell 007,GPL18573,Illumina NextSeq 500
312,SRR16195279,12/31/22 0:17,10/4/21 17:09,3673129,549882149,3673129,149,233,,https://sra-downloadb.be-md.ncbi.nlm.nih.gov/sos8/sra-pub-zq-818/SRR016/16195/SRR16195279/SRR16195279.lite.1,SRX12479706,GSM5609693,OTHER,other,TRANSCRIPTOMIC,PAIRED,0,0,ILLUMINA,NextSeq 500,SRP339960,PRJNA768428,3,768428,SRS10443257,SAMN22044636,simple,9606,Homo sapiens,GSM5609693,,,,,,,no,,,,,"ANGELA WU LAB, LIFS, HKUST",SRA1305581,,public,FF40F276AE612DEA552726ACC9B2BDB4,140A740A5DBD415AE6ADE6A2C6E9A093,NPC43 scONEseq 008,NPC43 cell line,other,transcriptomic,OTHER,NPC single cell 008,GPL18573,Illumina NextSeq 500
313,SRR16195278,12/31/22 0:17,10/4/21 17:09,4301674,644186926,4301674,149,274,,https://sra-downloadb.be-md.ncbi.nlm.nih.gov/sos8/sra-pub-zq-818/SRR016/16195/SRR16195278/SRR16195278.lite.1,SRX12479707,GSM5609694,OTHER,other,TRANSCRIPTOMIC,PAIRED,0,0,ILLUMINA,NextSeq 500,SRP339960,PRJNA768428,3,768428,SRS10443258,SAMN22044635,simple,9606,Homo sapiens,GSM5609694,,,,,,,no,,,,,"ANGELA WU LAB, LIFS, HKUST",SRA1305581,,public,3C4D15728FD440638E62B84E0E2E411B,AE9AC2A51A4A989A0420857F7BEA62A8,NPC43 scONEseq 009,NPC43 cell line,other,transcriptomic,OTHER,NPC single cell 009,GPL18573,Illumina NextSeq 500
314,SRR16195277,12/31/22 0:17,10/4/21 17:09,1822973,273452719,1822973,150,115,,https://sra-downloadb.be-md.ncbi.nlm.nih.gov/sos8/sra-pub-zq-818/SRR016/16195/SRR16195277/SRR16195277.lite.1,SRX12479708,GSM5609695,OTHER,other,TRANSCRIPTOMIC,PAIRED,0,0,ILLUMINA,NextSeq 500,SRP339960,PRJNA768428,3,768428,SRS10443259,SAMN22044634,simple,9606,Homo sapiens,GSM5609695,,,,,,,no,,,,,"ANGELA WU LAB, LIFS, HKUST",SRA1305581,,public,7ED4716A06C66C17A20EF6E9469A1D0B,F5CAB1C8384828E864A1233C26168C13,NPC43 scONEseq 010,NPC43 cell line,other,transcriptomic,OTHER,NPC single cell 010,GPL18573,Illumina NextSeq 500
315,SRR16195276,12/31/22 0:17,10/4/21 17:09,2290037,342932460,2290037,149,145,,https://sra-downloadb.be-md.ncbi.nlm.nih.gov/sos8/sra-pub-zq-818/SRR016/16195/SRR16195276/SRR16195276.lite.1,SRX12479709,GSM5609696,OTHER,other,TRANSCRIPTOMIC,PAIRED,0,0,ILLUMINA,NextSeq 500,SRP339960,PRJNA768428,3,768428,SRS10443260,SAMN22044633,simple,9606,Homo sapiens,GSM5609696,,,,,,,no,,,,,"ANGELA WU LAB, LIFS, HKUST",SRA1305581,,public,7BD38FF919275916047F74FF3521819A,591B477FC19C07DD98695160A915DCF4,NPC43 scONEseq 011,NPC43 cell line,other,transcriptomic,OTHER,NPC single cell 011,GPL18573,Illumina NextSeq 500
316,SRR16195275,12/31/22 0:17,10/4/21 17:09,3641658,545537954,3641658,149,231,,https://sra-downloadb.be-md.ncbi.nlm.nih.gov/sos1/sra-pub-zq-38/SRR016/16195/SRR16195275/SRR16195275.lite.1,SRX12479710,GSM5609697,OTHER,other,TRANSCRIPTOMIC,PAIRED,0,0,ILLUMINA,NextSeq 500,SRP339960,PRJNA768428,3,768428,SRS10443261,SAMN22044632,simple,9606,Homo sapiens,GSM5609697,,,,,,,no,,,,,"ANGELA WU LAB, LIFS, HKUST",SRA1305581,,public,D2A1A7DC51191CE56C1987E664F70B95,96AB3C1B6A6EB01137F38957FFBF2D70,NPC43 scONEseq 012,NPC43 cell line,other,transcriptomic,OTHER,NPC single cell 012,GPL18573,Illumina NextSeq 500
317,SRR16195274,12/31/22 0:17,10/4/21 17:09,2101843,315000073,2101843,149,134,,https://sra-downloadb.be-md.ncbi.nlm.nih.gov/sos8/sra-pub-zq-818/SRR016/16195/SRR16195274/SRR16195274.lite.1,SRX12479711,GSM5609698,OTHER,other,TRANSCRIPTOMIC,PAIRED,0,0,ILLUMINA,NextSeq 500,SRP339960,PRJNA768428,3,768428,SRS10443262,SAMN22044631,simple,9606,Homo sapiens,GSM5609698,,,,,,,no,,,,,"ANGELA WU LAB, LIFS, HKUST",SRA1305581,,public,4A54E52B8FDF4504840EFF3C942798BE,9F2A4BA1E9F2AE9810F8F7431561B123,NPC43 scONEseq 013,NPC43 cell line,other,transcriptomic,OTHER,NPC single cell 013,GPL18573,Illumina NextSeq 500
318,SRR16195273,12/31/22 0:17,10/4/21 17:09,2021657,303360743,2021657,150,129,,https://sra-downloadb.be-md.ncbi.nlm.nih.gov/sos8/sra-pub-zq-818/SRR016/16195/SRR16195273/SRR16195273.lite.1,SRX12479712,GSM5609699,OTHER,other,TRANSCRIPTOMIC,PAIRED,0,0,ILLUMINA,NextSeq 500,SRP339960,PRJNA768428,3,768428,SRS10443263,SAMN22044630,simple,9606,Homo sapiens,GSM5609699,,,,,,,no,,,,,"ANGELA WU LAB, LIFS, HKUST",SRA1305581,,public,A12EA7C24D8D06120E0998604EC3AD78,72C43C32C06AD71DE4072970200040E5,NPC43 scONEseq 014,NPC43 cell line,other,transcriptomic,OTHER,NPC single cell 014,GPL18573,Illumina NextSeq 500
319,SRR16195272,12/31/22 0:17,10/4/21 17:09,2506176,376274786,2506176,150,159,,https://sra-downloadb.be-md.ncbi.nlm.nih.gov/sos8/sra-pub-zq-818/SRR016/16195/SRR16195272/SRR16195272.lite.1,SRX12479713,GSM5609700,OTHER,other,TRANSCRIPTOMIC,PAIRED,0,0,ILLUMINA,NextSeq 500,SRP339960,PRJNA768428,3,768428,SRS10443264,SAMN22044629,simple,9606,Homo sapiens,GSM5609700,,,,,,,no,,,,,"ANGELA WU LAB, LIFS, HKUST",SRA1305581,,public,0FE7F3BB7E6AB9ACFF087B36D2A09D14,F8FAB543744F490AB7510CA33CFEF61B,NPC43 scONEseq 015,NPC43 cell line,other,transcriptomic,OTHER,NPC single cell 015,GPL18573,Illumina NextSeq 500
320,SRR16195271,12/31/22 0:17,10/4/21 17:09,1849173,277494824,1849173,150,118,,https://sra-downloadb.be-md.ncbi.nlm.nih.gov/sos1/sra-pub-zq-38/SRR016/16195/SRR16195271/SRR16195271.lite.1,SRX12479714,GSM5609701,OTHER,other,TRANSCRIPTOMIC,PAIRED,0,0,ILLUMINA,NextSeq 500,SRP339960,PRJNA768428,3,768428,SRS10443265,SAMN22044628,simple,9606,Homo sapiens,GSM5609701,,,,,,,no,,,,,"ANGELA WU LAB, LIFS, HKUST",SRA1305581,,public,666020385E8B665C0FB6BBD796C51EDD,E8A8AF9F5E37F4AEBA54315993C00E67,NPC43 scONEseq 016,NPC43 cell line,other,transcriptomic,OTHER,NPC single cell 016,GPL18573,Illumina NextSeq 500
321,SRR16195270,12/31/22 0:17,10/4/21 17:09,4356403,651501521,4356403,149,276,,https://sra-downloadb.be-md.ncbi.nlm.nih.gov/sos8/sra-pub-zq-818/SRR016/16195/SRR16195270/SRR16195270.lite.1,SRX12479715,GSM5609702,OTHER,other,TRANSCRIPTOMIC,PAIRED,0,0,ILLUMINA,NextSeq 500,SRP339960,PRJNA768428,3,768428,SRS10443266,SAMN22044627,simple,9606,Homo sapiens,GSM5609702,,,,,,,no,,,,,"ANGELA WU LAB, LIFS, HKUST",SRA1305581,,public,EEDF30B9C9BC4EF27CEE700F89F90503,6848C00717A2703233CB82772C688619,NPC43 scONEseq 017,NPC43 cell line,other,transcriptomic,OTHER,NPC single cell 017,GPL18573,Illumina NextSeq 500
322,SRR16195269,12/31/22 0:17,10/4/21 17:09,3627483,542567974,3627483,149,228,,https://sra-downloadb.be-md.ncbi.nlm.nih.gov/sos8/sra-pub-zq-818/SRR016/16195/SRR16195269/SRR16195269.lite.1,SRX12479716,GSM5609703,OTHER,other,TRANSCRIPTOMIC,PAIRED,0,0,ILLUMINA,NextSeq 500,SRP339960,PRJNA768428,3,768428,SRS10443267,SAMN22044626,simple,9606,Homo sapiens,GSM5609703,,,,,,,no,,,,,"ANGELA WU LAB, LIFS, HKUST",SRA1305581,,public,64AA97CDF1DC980A4891420D89443A8C,A38B0CC22372900D640BF39978CE3945,NPC43 scONEseq 018,NPC43 cell line,other,transcriptomic,OTHER,NPC single cell 018,GPL18573,Illumina NextSeq 500
323,SRR16195268,12/31/22 0:17,10/4/21 17:09,4104261,614022254,4104261,149,261,,https://sra-downloadb.be-md.ncbi.nlm.nih.gov/sos8/sra-pub-zq-818/SRR016/16195/SRR16195268/SRR16195268.lite.1,SRX12479717,GSM5609704,OTHER,other,TRANSCRIPTOMIC,PAIRED,0,0,ILLUMINA,NextSeq 500,SRP339960,PRJNA768428,3,768428,SRS10443268,SAMN22044625,simple,9606,Homo sapiens,GSM5609704,,,,,,,no,,,,,"ANGELA WU LAB, LIFS, HKUST",SRA1305581,,public,D836F32542100AA57FFE6F5CAA5B6D75,3C484EE86E2F05A8327481A57ED494EE,NPC43 scONEseq 019,NPC43 cell line,other,transcriptomic,OTHER,NPC single cell 019,GPL18573,Illumina NextSeq 500
324,SRR16195267,12/31/22 0:17,10/4/21 17:09,3467567,519348286,3467567,149,220,,https://sra-downloadb.be-md.ncbi.nlm.nih.gov/sos8/sra-pub-zq-818/SRR016/16195/SRR16195267/SRR16195267.lite.1,SRX12479718,GSM5609705,OTHER,other,TRANSCRIPTOMIC,PAIRED,0,0,ILLUMINA,NextSeq 500,SRP339960,PRJNA768428,3,768428,SRS10443269,SAMN22044624,simple,9606,Homo sapiens,GSM5609705,,,,,,,no,,,,,"ANGELA WU LAB, LIFS, HKUST",SRA1305581,,public,ED2CDB8D7D67D8C3EDBCEE8FD0E70F9E,E1A14752CF4CEAE736842D6E585D5DF4,NPC43 scONEseq 020,NPC43 cell line,other,transcriptomic,OTHER,NPC single cell 020,GPL18573,Illumina NextSeq 500
325,SRR16195266,12/31/22 0:17,10/4/21 17:10,4974529,746002859,4974529,149,316,,https://sra-downloadb.be-md.ncbi.nlm.nih.gov/sos1/sra-pub-zq-38/SRR016/16195/SRR16195266/SRR16195266.lite.1,SRX12479719,GSM5609706,OTHER,other,TRANSCRIPTOMIC,PAIRED,0,0,ILLUMINA,NextSeq 500,SRP339960,PRJNA768428,3,768428,SRS10443270,SAMN22044623,simple,9606,Homo sapiens,GSM5609706,,,,,,,no,,,,,"ANGELA WU LAB, LIFS, HKUST",SRA1305581,,public,2E8D3825EF4F7BCE2E8E9F407A868966,FEFB78C87916EF5EA8F6A09A81C67D08,NPC43 scONEseq 021,NPC43 cell line,other,transcriptomic,OTHER,NPC single cell 021,GPL18573,Illumina NextSeq 500
326,SRR16195265,12/31/22 0:17,10/4/21 17:09,3577778,536277288,3577778,149,227,,https://sra-downloadb.be-md.ncbi.nlm.nih.gov/sos8/sra-pub-zq-818/SRR016/16195/SRR16195265/SRR16195265.lite.1,SRX12479720,GSM5609707,OTHER,other,TRANSCRIPTOMIC,PAIRED,0,0,ILLUMINA,NextSeq 500,SRP339960,PRJNA768428,3,768428,SRS10443271,SAMN22044622,simple,9606,Homo sapiens,GSM5609707,,,,,,,no,,,,,"ANGELA WU LAB, LIFS, HKUST",SRA1305581,,public,5D1331155E15EEA20BDEF19C17502B25,821CC28F62E34F82B9F26B81C818B676,NPC43 scONEseq 022,NPC43 cell line,other,transcriptomic,OTHER,NPC single cell 022,GPL18573,Illumina NextSeq 500
327,SRR16195264,12/31/22 0:17,10/4/21 17:09,4425365,662451416,4425365,149,280,,https://sra-downloadb.be-md.ncbi.nlm.nih.gov/sos8/sra-pub-zq-818/SRR016/16195/SRR16195264/SRR16195264.lite.1,SRX12479721,GSM5609708,OTHER,other,TRANSCRIPTOMIC,PAIRED,0,0,ILLUMINA,NextSeq 500,SRP339960,PRJNA768428,3,768428,SRS10443272,SAMN22044621,simple,9606,Homo sapiens,GSM5609708,,,,,,,no,,,,,"ANGELA WU LAB, LIFS, HKUST",SRA1305581,,public,F684B8D660AE62A4BC459C78320273D8,BBBAB8BA85E10C9C0A1C6582123C5754,NPC43 scONEseq 023,NPC43 cell line,other,transcriptomic,OTHER,NPC single cell 023,GPL18573,Illumina NextSeq 500
328,SRR16195263,12/31/22 0:17,10/4/21 17:09,4416964,661913427,4416964,149,281,,https://sra-downloadb.be-md.ncbi.nlm.nih.gov/sos8/sra-pub-zq-818/SRR016/16195/SRR16195263/SRR16195263.lite.1,SRX12479722,GSM5609709,OTHER,other,TRANSCRIPTOMIC,PAIRED,0,0,ILLUMINA,NextSeq 500,SRP339960,PRJNA768428,3,768428,SRS10443273,SAMN22044620,simple,9606,Homo sapiens,GSM5609709,,,,,,,no,,,,,"ANGELA WU LAB, LIFS, HKUST",SRA1305581,,public,868127DFF580B2BF50393D919BA1E7C4,8262C3AD1411C8892E84AD9BF9804FE4,NPC43 scONEseq 024,NPC43 cell line,other,transcriptomic,OTHER,NPC single cell 024,GPL18573,Illumina NextSeq 500
329,SRR16195262,12/31/22 0:17,10/4/21 17:09,4497752,674077556,4497752,149,287,,https://sra-downloadb.be-md.ncbi.nlm.nih.gov/sos1/sra-pub-zq-38/SRR016/16195/SRR16195262/SRR16195262.lite.1,SRX12479723,GSM5609710,OTHER,other,TRANSCRIPTOMIC,PAIRED,0,0,ILLUMINA,NextSeq 500,SRP339960,PRJNA768428,3,768428,SRS10443274,SAMN22044619,simple,9606,Homo sapiens,GSM5609710,,,,,,,no,,,,,"ANGELA WU LAB, LIFS, HKUST",SRA1305581,,public,FE65AB510A1B1BEE3BC254C01020C284,521A12D6446CF2E8D4BB21891CE81568,NPC43 scONEseq 025,NPC43 cell line,other,transcriptomic,OTHER,NPC single cell 025,GPL18573,Illumina NextSeq 500
330,SRR16195261,12/31/22 0:17,10/4/21 17:09,4014942,600355361,4014942,149,254,,https://sra-downloadb.be-md.ncbi.nlm.nih.gov/sos8/sra-pub-zq-818/SRR016/16195/SRR16195261/SRR16195261.lite.1,SRX12479724,GSM5609711,OTHER,other,TRANSCRIPTOMIC,PAIRED,0,0,ILLUMINA,NextSeq 500,SRP339960,PRJNA768428,3,768428,SRS10443275,SAMN22044618,simple,9606,Homo sapiens,GSM5609711,,,,,,,no,,,,,"ANGELA WU LAB, LIFS, HKUST",SRA1305581,,public,A146F6E90277EE18A5B1C4E051A1D82E,3B86FD379A39DEDA241FF1C02A16F471,NPC43 scONEseq 026,NPC43 cell line,other,transcriptomic,OTHER,NPC single cell 026,GPL18573,Illumina NextSeq 500
331,SRR16195260,12/31/22 0:17,10/4/21 17:09,3925178,588090232,3925178,149,250,,https://sra-downloadb.be-md.ncbi.nlm.nih.gov/sos8/sra-pub-zq-820/SRR016/16195/SRR16195260/SRR16195260.lite.1,SRX12479725,GSM5609712,OTHER,other,TRANSCRIPTOMIC,PAIRED,0,0,ILLUMINA,NextSeq 500,SRP339960,PRJNA768428,3,768428,SRS10443276,SAMN22044617,simple,9606,Homo sapiens,GSM5609712,,,,,,,no,,,,,"ANGELA WU LAB, LIFS, HKUST",SRA1305581,,public,8201D0B4A6AF7C596FD6BD79C705C7EF,ED865ABE2D90ECC7D73F574E6B8C1C4D,NPC43 scONEseq 027,NPC43 cell line,other,transcriptomic,OTHER,NPC single cell 027,GPL18573,Illumina NextSeq 500
332,SRR16195259,12/31/22 0:17,10/4/21 17:09,4283837,641143005,4283837,149,273,,https://sra-downloadb.be-md.ncbi.nlm.nih.gov/sos8/sra-pub-zq-818/SRR016/16195/SRR16195259/SRR16195259.lite.1,SRX12479726,GSM5609713,OTHER,other,TRANSCRIPTOMIC,PAIRED,0,0,ILLUMINA,NextSeq 500,SRP339960,PRJNA768428,3,768428,SRS10443277,SAMN22044616,simple,9606,Homo sapiens,GSM5609713,,,,,,,no,,,,,"ANGELA WU LAB, LIFS, HKUST",SRA1305581,,public,BE20F61CAE46870A58A34F198124007A,9C0D0E572CA691DC5C5BFDE37B9E3A5B,NPC43 scONEseq 028,NPC43 cell line,other,transcriptomic,OTHER,NPC single cell 028,GPL18573,Illumina NextSeq 500
333,SRR16195258,12/31/22 0:17,10/4/21 17:09,4208261,630192034,4208261,149,268,,https://sra-downloadb.be-md.ncbi.nlm.nih.gov/sos8/sra-pub-zq-818/SRR016/16195/SRR16195258/SRR16195258.lite.1,SRX12479727,GSM5609714,OTHER,other,TRANSCRIPTOMIC,PAIRED,0,0,ILLUMINA,NextSeq 500,SRP339960,PRJNA768428,3,768428,SRS10443278,SAMN22044615,simple,9606,Homo sapiens,GSM5609714,,,,,,,no,,,,,"ANGELA WU LAB, LIFS, HKUST",SRA1305581,,public,1948ECE09A1F7126F32D5BC99A78CDD2,C4235BA5E8D50509BD0057E73C4439D9,NPC43 scONEseq 029,NPC43 cell line,other,transcriptomic,OTHER,NPC single cell 029,GPL18573,Illumina NextSeq 500
334,SRR16195257,12/31/22 0:17,10/4/21 17:09,4017983,601176913,4017983,149,256,,https://sra-downloadb.be-md.ncbi.nlm.nih.gov/sos8/sra-pub-zq-818/SRR016/16195/SRR16195257/SRR16195257.lite.1,SRX12479728,GSM5609715,OTHER,other,TRANSCRIPTOMIC,PAIRED,0,0,ILLUMINA,NextSeq 500,SRP339960,PRJNA768428,3,768428,SRS10443279,SAMN22044614,simple,9606,Homo sapiens,GSM5609715,,,,,,,no,,,,,"ANGELA WU LAB, LIFS, HKUST",SRA1305581,,public,6EA968D2F977B77A8997D1FEC5F21BFE,8F7DB27E560038C4B4C1238C7D81E42E,NPC43 scONEseq 030,NPC43 cell line,other,transcriptomic,OTHER,NPC single cell 030,GPL18573,Illumina NextSeq 500
335,SRR16195256,12/31/22 0:17,10/4/21 17:09,3349956,496134812,3349956,148,213,,https://sra-downloadb.be-md.ncbi.nlm.nih.gov/sos1/sra-pub-zq-38/SRR016/16195/SRR16195256/SRR16195256.lite.1,SRX12479729,GSM5609788,OTHER,other,TRANSCRIPTOMIC,PAIRED,0,0,ILLUMINA,NextSeq 500,SRP339960,PRJNA768428,3,768428,SRS10443280,SAMN22044541,simple,9606,Homo sapiens,GSM5609788,,,,,,,no,,,,,"ANGELA WU LAB, LIFS, HKUST",SRA1305581,,public,6158B8716A2A80AEC2EEDE9C6FA13705,D8A502A339926FD10BCB11A22658C8B5,NPC43 scONEseq 103,NPC43 cell line,other,transcriptomic,OTHER,NPC single cell 103,GPL18573,Illumina NextSeq 500
336,SRR16195255,12/31/22 0:17,10/4/21 17:09,2967988,440990998,2967988,148,190,,https://sra-downloadb.be-md.ncbi.nlm.nih.gov/sos8/sra-pub-zq-818/SRR016/16195/SRR16195255/SRR16195255.lite.1,SRX12479730,GSM5609789,OTHER,other,TRANSCRIPTOMIC,PAIRED,0,0,ILLUMINA,NextSeq 500,SRP339960,PRJNA768428,3,768428,SRS10443281,SAMN22044540,simple,9606,Homo sapiens,GSM5609789,,,,,,,no,,,,,"ANGELA WU LAB, LIFS, HKUST",SRA1305581,,public,4A39CC23D0B830DFED9CA691DC91DB68,7AE076D24896A60020B0142B75381206,NPC43 scONEseq 104,NPC43 cell line,other,transcriptomic,OTHER,NPC single cell 104,GPL18573,Illumina NextSeq 500
337,SRR16195254,12/31/22 0:17,10/4/21 17:08,378170,56510515,378170,149,24,,https://sra-downloadb.be-md.ncbi.nlm.nih.gov/sos8/sra-pub-zq-818/SRR016/16195/SRR16195254/SRR16195254.lite.1,SRX12479731,GSM5609790,OTHER,other,TRANSCRIPTOMIC,PAIRED,0,0,ILLUMINA,NextSeq 500,SRP339960,PRJNA768428,3,768428,SRS10443282,SAMN22044539,simple,9606,Homo sapiens,GSM5609790,,,,,,,no,,,,,"ANGELA WU LAB, LIFS, HKUST",SRA1305581,,public,CEA14157AA72F7BCB16ABFA3A9D06FF2,C4948E2586FD8D7522A75305CC4D2D2F,NPC43 scONEseq 105,NPC43 cell line,other,transcriptomic,OTHER,NPC single cell 105,GPL18573,Illumina NextSeq 500
338,SRR16195253,12/31/22 0:17,10/4/21 17:09,2778193,410526790,2778193,147,176,,https://sra-downloadb.be-md.ncbi.nlm.nih.gov/sos8/sra-pub-zq-818/SRR016/16195/SRR16195253/SRR16195253.lite.1,SRX12479732,GSM5609791,OTHER,other,TRANSCRIPTOMIC,PAIRED,0,0,ILLUMINA,NextSeq 500,SRP339960,PRJNA768428,3,768428,SRS10443283,SAMN22044538,simple,9606,Homo sapiens,GSM5609791,,,,,,,no,,,,,"ANGELA WU LAB, LIFS, HKUST",SRA1305581,,public,64B1DA88EC154722D5E6A33FD597CC87,9AB29C363295D2A27E492644DC0B7598,NPC43 scONEseq 106,NPC43 cell line,other,transcriptomic,OTHER,NPC single cell 106,GPL18573,Illumina NextSeq 500
339,SRR16195252,12/31/22 0:17,10/4/21 17:09,2660283,395581236,2660283,148,169,,https://sra-downloadb.be-md.ncbi.nlm.nih.gov/sos8/sra-pub-zq-818/SRR016/16195/SRR16195252/SRR16195252.lite.1,SRX12479733,GSM5609792,OTHER,other,TRANSCRIPTOMIC,PAIRED,0,0,ILLUMINA,NextSeq 500,SRP339960,PRJNA768428,3,768428,SRS10443284,SAMN22044537,simple,9606,Homo sapiens,GSM5609792,,,,,,,no,,,,,"ANGELA WU LAB, LIFS, HKUST",SRA1305581,,public,F421C13297541CC5F140F186870BB219,4F58C2EC44CC12F8454B2D4DA2C456E1,NPC43 scONEseq 107,NPC43 cell line,other,transcriptomic,OTHER,NPC single cell 107,GPL18573,Illumina NextSeq 500
340,SRR16195251,12/31/22 0:17,10/4/21 17:07,234846,35072785,234846,149,14,,https://sra-downloadb.be-md.ncbi.nlm.nih.gov/sos1/sra-pub-zq-38/SRR016/16195/SRR16195251/SRR16195251.lite.1,SRX12479734,GSM5609793,OTHER,other,TRANSCRIPTOMIC,PAIRED,0,0,ILLUMINA,NextSeq 500,SRP339960,PRJNA768428,3,768428,SRS10443285,SAMN22044536,simple,9606,Homo sapiens,GSM5609793,,,,,,,no,,,,,"ANGELA WU LAB, LIFS, HKUST",SRA1305581,,public,7917E431003C418A33EDADE1DEDC8B30,279F0579E7983DA7E31C7BA7D7E64111,NPC43 scONEseq 108,NPC43 cell line,other,transcriptomic,OTHER,NPC single cell 108,GPL18573,Illumina NextSeq 500
341,SRR16195250,12/31/22 0:17,10/4/21 17:09,2926687,435348321,2926687,148,185,,https://sra-downloadb.be-md.ncbi.nlm.nih.gov/sos8/sra-pub-zq-818/SRR016/16195/SRR16195250/SRR16195250.lite.1,SRX12479735,GSM5609794,OTHER,other,TRANSCRIPTOMIC,PAIRED,0,0,ILLUMINA,NextSeq 500,SRP339960,PRJNA768428,3,768428,SRS10443286,SAMN22044535,simple,9606,Homo sapiens,GSM5609794,,,,,,,no,,,,,"ANGELA WU LAB, LIFS, HKUST",SRA1305581,,public,91035AC1196C5897D927EFE2B421DB07,869AD6D2D929AF99AF9392B706CACBD7,NPC43 scONEseq 109,NPC43 cell line,other,transcriptomic,OTHER,NPC single cell 109,GPL18573,Illumina NextSeq 500
342,SRR16195249,12/31/22 0:17,10/4/21 17:08,354506,53030345,354506,149,22,,https://sra-downloadb.be-md.ncbi.nlm.nih.gov/sos8/sra-pub-zq-820/SRR016/16195/SRR16195249/SRR16195249.lite.1,SRX12479736,GSM5609795,OTHER,other,TRANSCRIPTOMIC,PAIRED,0,0,ILLUMINA,NextSeq 500,SRP339960,PRJNA768428,3,768428,SRS10443287,SAMN22044534,simple,9606,Homo sapiens,GSM5609795,,,,,,,no,,,,,"ANGELA WU LAB, LIFS, HKUST",SRA1305581,,public,8FD3FB798838E079C149CCEBFD5DCDD7,77E657D244E3A5F970D30CBC36A1E070,NPC43 scONEseq 110,NPC43 cell line,other,transcriptomic,OTHER,NPC single cell 110,GPL18573,Illumina NextSeq 500
343,SRR16195248,12/31/22 0:17,10/4/21 17:09,2917910,435686586,2917910,149,183,,https://sra-downloadb.be-md.ncbi.nlm.nih.gov/sos8/sra-pub-zq-818/SRR016/16195/SRR16195248/SRR16195248.lite.1,SRX12479737,GSM5609796,OTHER,other,TRANSCRIPTOMIC,PAIRED,0,0,ILLUMINA,NextSeq 500,SRP339960,PRJNA768428,3,768428,SRS10443289,SAMN22044533,simple,9606,Homo sapiens,GSM5609796,,,,,,,no,,,,,"ANGELA WU LAB, LIFS, HKUST",SRA1305581,,public,6B286B6A5B859EB2FAF073666E804431,A13617DC542DDABFE39893319B966E12,NPC43 scONEseq 111,NPC43 cell line,other,transcriptomic,OTHER,NPC single cell 111,GPL18573,Illumina NextSeq 500
344,SRR16195247,12/31/22 0:17,10/4/21 17:09,2839150,424694541,2839150,149,179,,https://sra-downloadb.be-md.ncbi.nlm.nih.gov/sos8/sra-pub-zq-818/SRR016/16195/SRR16195247/SRR16195247.lite.1,SRX12479738,GSM5609797,OTHER,other,TRANSCRIPTOMIC,PAIRED,0,0,ILLUMINA,NextSeq 500,SRP339960,PRJNA768428,3,768428,SRS10443288,SAMN22044532,simple,9606,Homo sapiens,GSM5609797,,,,,,,no,,,,,"ANGELA WU LAB, LIFS, HKUST",SRA1305581,,public,0704443035620ACA4F3AF605D6AC0762,FBD1935254340375702900E86A0F6067,NPC43 scONEseq 112,NPC43 cell line,other,transcriptomic,OTHER,NPC single cell 112,GPL18573,Illumina NextSeq 500
345,SRR16195246,12/31/22 0:17,10/4/21 17:09,3270527,487088214,3270527,148,207,,https://sra-downloadb.be-md.ncbi.nlm.nih.gov/sos8/sra-pub-zq-818/SRR016/16195/SRR16195246/SRR16195246.lite.1,SRX12479739,GSM5609798,OTHER,other,TRANSCRIPTOMIC,PAIRED,0,0,ILLUMINA,NextSeq 500,SRP339960,PRJNA768428,3,768428,SRS10443290,SAMN22044531,simple,9606,Homo sapiens,GSM5609798,,,,,,,no,,,,,"ANGELA WU LAB, LIFS, HKUST",SRA1305581,,public,F34CB9E45283502FFED55ED095119B2B,EFBEF1671B26AB7A0D0F283A49377E07,NPC43 scONEseq 113,NPC43 cell line,other,transcriptomic,OTHER,NPC single cell 113,GPL18573,Illumina NextSeq 500
346,SRR16195245,12/31/22 0:17,10/4/21 17:09,2961751,442157971,2961751,149,187,,https://sra-downloadb.be-md.ncbi.nlm.nih.gov/sos8/sra-pub-zq-818/SRR016/16195/SRR16195245/SRR16195245.lite.1,SRX12479740,GSM5609799,OTHER,other,TRANSCRIPTOMIC,PAIRED,0,0,ILLUMINA,NextSeq 500,SRP339960,PRJNA768428,3,768428,SRS10443291,SAMN22044530,simple,9606,Homo sapiens,GSM5609799,,,,,,,no,,,,,"ANGELA WU LAB, LIFS, HKUST",SRA1305581,,public,657DFE0F263E5239E9D7240527F350A4,F19997D722231C343BE9DF68A0D1519A,NPC43 scONEseq 114,NPC43 cell line,other,transcriptomic,OTHER,NPC single cell 114,GPL18573,Illumina NextSeq 500
347,SRR16195244,12/31/22 0:17,10/4/21 17:09,3193893,476981718,3193893,149,203,,https://sra-downloadb.be-md.ncbi.nlm.nih.gov/sos1/sra-pub-zq-38/SRR016/16195/SRR16195244/SRR16195244.lite.1,SRX12479741,GSM5609800,OTHER,other,TRANSCRIPTOMIC,PAIRED,0,0,ILLUMINA,NextSeq 500,SRP339960,PRJNA768428,3,768428,SRS10443292,SAMN22044529,simple,9606,Homo sapiens,GSM5609800,,,,,,,no,,,,,"ANGELA WU LAB, LIFS, HKUST",SRA1305581,,public,A5977B74F99106B7C6F2D854F587A7DC,BDFF98E4EBEB7FCD8B19329DF59E0932,NPC43 scONEseq 115,NPC43 cell line,other,transcriptomic,OTHER,NPC single cell 115,GPL18573,Illumina NextSeq 500
348,SRR16195243,12/31/22 0:17,10/4/21 17:09,3505536,525874839,3505536,150,227,,https://sra-downloadb.be-md.ncbi.nlm.nih.gov/sos8/sra-pub-zq-818/SRR016/16195/SRR16195243/SRR16195243.lite.1,SRX12479742,GSM5609801,OTHER,other,TRANSCRIPTOMIC,PAIRED,0,0,ILLUMINA,NextSeq 500,SRP339960,PRJNA768428,3,768428,SRS10443293,SAMN22044528,simple,9606,Homo sapiens,GSM5609801,,,,,,,no,,,,,"ANGELA WU LAB, LIFS, HKUST",SRA1305581,,public,62451A0F09C0754B3D53F1BA6094DE04,A7EF63D8F14256AE5BBBAF248F68EF0B,NPC43 scONEseq 116,NPC43 cell line,other,transcriptomic,OTHER,NPC single cell 116,GPL18573,Illumina NextSeq 500
349,SRR16195242,12/31/22 0:17,10/4/21 17:09,3391782,507345955,3391782,149,216,,https://sra-downloadb.be-md.ncbi.nlm.nih.gov/sos8/sra-pub-zq-818/SRR016/16195/SRR16195242/SRR16195242.lite.1,SRX12479743,GSM5609802,OTHER,other,TRANSCRIPTOMIC,PAIRED,0,0,ILLUMINA,NextSeq 500,SRP339960,PRJNA768428,3,768428,SRS10443294,SAMN22044527,simple,9606,Homo sapiens,GSM5609802,,,,,,,no,,,,,"ANGELA WU LAB, LIFS, HKUST",SRA1305581,,public,52A055E8FA411C2C9E4D1428EDACC568,E3D09A3632A78FD42E786A8C01BB2F53,NPC43 scONEseq 117,NPC43 cell line,other,transcriptomic,OTHER,NPC single cell 117,GPL18573,Illumina NextSeq 500
350,SRR16195241,12/31/22 0:17,10/4/21 17:09,2865046,426594463,2865046,148,182,,https://sra-downloadb.be-md.ncbi.nlm.nih.gov/sos8/sra-pub-zq-818/SRR016/16195/SRR16195241/SRR16195241.lite.1,SRX12479744,GSM5609803,OTHER,other,TRANSCRIPTOMIC,PAIRED,0,0,ILLUMINA,NextSeq 500,SRP339960,PRJNA768428,3,768428,SRS10443295,SAMN22044526,simple,9606,Homo sapiens,GSM5609803,,,,,,,no,,,,,"ANGELA WU LAB, LIFS, HKUST",SRA1305581,,public,A3F7F37C8D305B5E9D5FA2B35AD5FC05,E1C5F5DE131B973067998F77165B8706,NPC43 scONEseq 118,NPC43 cell line,other,transcriptomic,OTHER,NPC single cell 118,GPL18573,Illumina NextSeq 500
351,SRR16195240,12/31/22 0:17,10/4/21 17:09,3544209,529639115,3544209,149,225,,https://sra-downloadb.be-md.ncbi.nlm.nih.gov/sos8/sra-pub-zq-818/SRR016/16195/SRR16195240/SRR16195240.lite.1,SRX12479745,GSM5609804,OTHER,other,TRANSCRIPTOMIC,PAIRED,0,0,ILLUMINA,NextSeq 500,SRP339960,PRJNA768428,3,768428,SRS10443296,SAMN22044525,simple,9606,Homo sapiens,GSM5609804,,,,,,,no,,,,,"ANGELA WU LAB, LIFS, HKUST",SRA1305581,,public,2DE3F99031D1795DF75EC6871D603C8E,EE2E3FD4ABFC48886F615004AA400156,NPC43 scONEseq 119,NPC43 cell line,other,transcriptomic,OTHER,NPC single cell 119,GPL18573,Illumina NextSeq 500
352,SRR16195239,12/31/22 0:17,10/4/21 17:09,2636856,393085887,2636856,149,167,,https://sra-downloadb.be-md.ncbi.nlm.nih.gov/sos9/sra-pub-zq-922/SRR016/16195/SRR16195239/SRR16195239.lite.1,SRX12479746,GSM5609805,OTHER,other,TRANSCRIPTOMIC,PAIRED,0,0,ILLUMINA,NextSeq 500,SRP339960,PRJNA768428,3,768428,SRS10443297,SAMN22044524,simple,9606,Homo sapiens,GSM5609805,,,,,,,no,,,,,"ANGELA WU LAB, LIFS, HKUST",SRA1305581,,public,BCFCAF62438902B8EF35D47953D09FD8,542169E998BF32BDC1691C4CB0A6FE99,NPC43 scONEseq 120,NPC43 cell line,other,transcriptomic,OTHER,NPC single cell 120,GPL18573,Illumina NextSeq 500
353,SRR16195238,12/31/22 0:17,10/4/21 17:08,282318,42201027,282318,149,18,,https://sra-downloadb.be-md.ncbi.nlm.nih.gov/sos9/sra-pub-zq-922/SRR016/16195/SRR16195238/SRR16195238.lite.1,SRX12479747,GSM5609806,OTHER,other,TRANSCRIPTOMIC,PAIRED,0,0,ILLUMINA,NextSeq 500,SRP339960,PRJNA768428,3,768428,SRS10443298,SAMN22044523,simple,9606,Homo sapiens,GSM5609806,,,,,,,no,,,,,"ANGELA WU LAB, LIFS, HKUST",SRA1305581,,public,82ECD0B0D0664F4C6736F46119473DDD,AB5CBBEDE108FC4B85D0BB409B3A6281,NPC43 scONEseq 121,NPC43 cell line,other,transcriptomic,OTHER,NPC single cell 121,GPL18573,Illumina NextSeq 500
354,SRR16195237,12/31/22 0:17,10/4/21 17:09,2692217,399915523,2692217,148,169,,https://sra-downloadb.be-md.ncbi.nlm.nih.gov/sos8/sra-pub-zq-818/SRR016/16195/SRR16195237/SRR16195237.lite.1,SRX12479748,GSM5609807,OTHER,other,TRANSCRIPTOMIC,PAIRED,0,0,ILLUMINA,NextSeq 500,SRP339960,PRJNA768428,3,768428,SRS10443299,SAMN22044522,simple,9606,Homo sapiens,GSM5609807,,,,,,,no,,,,,"ANGELA WU LAB, LIFS, HKUST",SRA1305581,,public,074B732CE503932CE86390161A41BF92,1770839FF497AC9693899B7CA9DB3F77,NPC43 scONEseq 122,NPC43 cell line,other,transcriptomic,OTHER,NPC single cell 122,GPL18573,Illumina NextSeq 500
355,SRR16195232,12/31/22 0:17,10/4/21 17:07,358696,51361001,358696,143,20,,https://sra-downloadb.be-md.ncbi.nlm.nih.gov/sos8/sra-pub-zq-818/SRR016/16195/SRR16195232/SRR16195232.lite.1,SRX12479753,GSM5609452,RNA-Seq,cDNA,TRANSCRIPTOMIC,PAIRED,0,0,ILLUMINA,NextSeq 500,SRP339960,PRJNA768428,3,768428,SRS10443304,SAMN22044877,simple,9606,Homo sapiens,GSM5609452,,,,,,,no,,,,,"ANGELA WU LAB, LIFS, HKUST",SRA1305581,,public,4E912F941760FAD85D6957760F3EC1D9,1BD2245E48B92956C7E61D733E5D7892,Smart-HCT-28,HCT116 cell line,cDNA,transcriptomic,RNA-Seq,HCT116 single cell 028,GPL18573,Illumina NextSeq 500
356,SRR16195236,12/31/22 0:17,10/4/21 17:09,2673789,398508492,2673789,149,169,,https://sra-downloadb.be-md.ncbi.nlm.nih.gov/sos8/sra-pub-zq-818/SRR016/16195/SRR16195236/SRR16195236.lite.1,SRX12479749,GSM5609808,OTHER,other,TRANSCRIPTOMIC,PAIRED,0,0,ILLUMINA,NextSeq 500,SRP339960,PRJNA768428,3,768428,SRS10443300,SAMN22044521,simple,9606,Homo sapiens,GSM5609808,,,,,,,no,,,,,"ANGELA WU LAB, LIFS, HKUST",SRA1305581,,public,64F14A90EAB1F975618E3F6826FEAC84,05C14060ADC38D10B5248D737C2EEBEF,NPC43 scONEseq 123,NPC43 cell line,other,transcriptomic,OTHER,NPC single cell 123,GPL18573,Illumina NextSeq 500
357,SRR16195235,12/31/22 0:17,10/4/21 17:09,2628597,391181185,2628597,148,165,,https://sra-downloadb.be-md.ncbi.nlm.nih.gov/sos1/sra-pub-zq-38/SRR016/16195/SRR16195235/SRR16195235.lite.1,SRX12479750,GSM5609809,OTHER,other,TRANSCRIPTOMIC,PAIRED,0,0,ILLUMINA,NextSeq 500,SRP339960,PRJNA768428,3,768428,SRS10443301,SAMN22044520,simple,9606,Homo sapiens,GSM5609809,,,,,,,no,,,,,"ANGELA WU LAB, LIFS, HKUST",SRA1305581,,public,683843E5C77605B9ACA1CB2B8BD135EF,B2A6940333B1962311D908A9A9BC78C1,NPC43 scONEseq 124,NPC43 cell line,other,transcriptomic,OTHER,NPC single cell 124,GPL18573,Illumina NextSeq 500
358,SRR16195234,12/31/22 0:17,10/4/21 17:09,2066319,308018955,2066319,149,131,,https://sra-downloadb.be-md.ncbi.nlm.nih.gov/sos8/sra-pub-zq-818/SRR016/16195/SRR16195234/SRR16195234.lite.1,SRX12479751,GSM5609810,OTHER,other,TRANSCRIPTOMIC,PAIRED,0,0,ILLUMINA,NextSeq 500,SRP339960,PRJNA768428,3,768428,SRS10443302,SAMN22044519,simple,9606,Homo sapiens,GSM5609810,,,,,,,no,,,,,"ANGELA WU LAB, LIFS, HKUST",SRA1305581,,public,65EFB7F7ACAE09FDDB0B6EDDFCBF9850,DE3F720F9FCD6C8C56DA8145790D335B,NPC43 scONEseq 125,NPC43 cell line,other,transcriptomic,OTHER,NPC single cell 125,GPL18573,Illumina NextSeq 500
359,SRR16195233,12/31/22 0:17,10/4/21 17:09,3042288,454179134,3042288,149,193,,https://sra-downloadb.be-md.ncbi.nlm.nih.gov/sos1/sra-pub-zq-38/SRR016/16195/SRR16195233/SRR16195233.lite.1,SRX12479752,GSM5609811,OTHER,other,TRANSCRIPTOMIC,PAIRED,0,0,ILLUMINA,NextSeq 500,SRP339960,PRJNA768428,3,768428,SRS10443303,SAMN22044518,simple,9606,Homo sapiens,GSM5609811,,,,,,,no,,,,,"ANGELA WU LAB, LIFS, HKUST",SRA1305581,,public,140B99D2C5623E4E8203FDE8343F654A,E63A4AAA8ECC86641CF5FD5273A2C8CA,NPC43 scONEseq 126,NPC43 cell line,other,transcriptomic,OTHER,NPC single cell 126,GPL18573,Illumina NextSeq 500
360,SRR16195231,12/31/22 0:17,10/4/21 17:07,311048,44538684,311048,143,17,,https://sra-downloadb.be-md.ncbi.nlm.nih.gov/sos8/sra-pub-zq-818/SRR016/16195/SRR16195231/SRR16195231.lite.1,SRX12479754,GSM5609453,RNA-Seq,cDNA,TRANSCRIPTOMIC,PAIRED,0,0,ILLUMINA,NextSeq 500,SRP339960,PRJNA768428,3,768428,SRS10443305,SAMN22044876,simple,9606,Homo sapiens,GSM5609453,,,,,,,no,,,,,"ANGELA WU LAB, LIFS, HKUST",SRA1305581,,public,BCF77975CB5534B6EB2EE92905DABAB2,794B7742BEA7ECC7F7566B717757CE9F,Smart-HCT-29,HCT116 cell line,cDNA,transcriptomic,RNA-Seq,HCT116 single cell 029,GPL18573,Illumina NextSeq 500
361,SRR16195230,12/31/22 0:17,10/4/21 17:08,387819,55530908,387819,143,21,,https://sra-downloadb.be-md.ncbi.nlm.nih.gov/sos1/sra-pub-zq-38/SRR016/16195/SRR16195230/SRR16195230.lite.1,SRX12479755,GSM5609454,RNA-Seq,cDNA,TRANSCRIPTOMIC,PAIRED,0,0,ILLUMINA,NextSeq 500,SRP339960,PRJNA768428,3,768428,SRS10443306,SAMN22044875,simple,9606,Homo sapiens,GSM5609454,,,,,,,no,,,,,"ANGELA WU LAB, LIFS, HKUST",SRA1305581,,public,7614487512A4EF192C1E8AEEAA68AFC3,344317677350A22D07E75C49F95017B5,Smart-HCT-30,HCT116 cell line,cDNA,transcriptomic,RNA-Seq,HCT116 single cell 030,GPL18573,Illumina NextSeq 500
362,SRR16195229,12/31/22 0:17,10/4/21 17:07,306352,43865900,306352,143,17,,https://sra-downloadb.be-md.ncbi.nlm.nih.gov/sos1/sra-pub-zq-38/SRR016/16195/SRR16195229/SRR16195229.lite.1,SRX12479756,GSM5609455,RNA-Seq,cDNA,TRANSCRIPTOMIC,PAIRED,0,0,ILLUMINA,NextSeq 500,SRP339960,PRJNA768428,3,768428,SRS10443307,SAMN22044874,simple,9606,Homo sapiens,GSM5609455,,,,,,,no,,,,,"ANGELA WU LAB, LIFS, HKUST",SRA1305581,,public,D1231E87003C5D6A0804A9E927EB5D0B,29D7AED6D8F6FAC8F0C92AC1F12417DA,Smart-HCT-31,HCT116 cell line,cDNA,transcriptomic,RNA-Seq,HCT116 single cell 031,GPL18573,Illumina NextSeq 500
363,SRR16195228,12/31/22 0:17,10/4/21 17:07,330807,47365810,330807,143,18,,https://sra-downloadb.be-md.ncbi.nlm.nih.gov/sos8/sra-pub-zq-818/SRR016/16195/SRR16195228/SRR16195228.lite.1,SRX12479757,GSM5609456,RNA-Seq,cDNA,TRANSCRIPTOMIC,PAIRED,0,0,ILLUMINA,NextSeq 500,SRP339960,PRJNA768428,3,768428,SRS10443308,SAMN22044873,simple,9606,Homo sapiens,GSM5609456,,,,,,,no,,,,,"ANGELA WU LAB, LIFS, HKUST",SRA1305581,,public,9F92C6853D77B173DCCA363EF821DE9B,40FE367A9F87BFD1F112ADB3BAB91E5B,Smart-HCT-32,HCT116 cell line,cDNA,transcriptomic,RNA-Seq,HCT116 single cell 032,GPL18573,Illumina NextSeq 500
364,SRR16195227,12/31/22 0:17,10/4/21 17:07,366371,52458906,366371,143,20,,https://sra-downloadb.be-md.ncbi.nlm.nih.gov/sos8/sra-pub-zq-818/SRR016/16195/SRR16195227/SRR16195227.lite.1,SRX12479758,GSM5609457,RNA-Seq,cDNA,TRANSCRIPTOMIC,PAIRED,0,0,ILLUMINA,NextSeq 500,SRP339960,PRJNA768428,3,768428,SRS10443310,SAMN22044872,simple,9606,Homo sapiens,GSM5609457,,,,,,,no,,,,,"ANGELA WU LAB, LIFS, HKUST",SRA1305581,,public,2381F9544B30FBDD21098264D4C98301,EC48BFCC215F6466309B8AB3F6D9FC23,Smart-HCT-33,HCT116 cell line,cDNA,transcriptomic,RNA-Seq,HCT116 single cell 033,GPL18573,Illumina NextSeq 500
365,SRR16195226,12/31/22 0:17,10/4/21 17:08,390066,55855995,390066,143,21,,https://sra-downloadb.be-md.ncbi.nlm.nih.gov/sos8/sra-pub-zq-818/SRR016/16195/SRR16195226/SRR16195226.lite.1,SRX12479759,GSM5609458,RNA-Seq,cDNA,TRANSCRIPTOMIC,PAIRED,0,0,ILLUMINA,NextSeq 500,SRP339960,PRJNA768428,3,768428,SRS10443309,SAMN22044871,simple,9606,Homo sapiens,GSM5609458,,,,,,,no,,,,,"ANGELA WU LAB, LIFS, HKUST",SRA1305581,,public,FA2A978DC2B91DC886BFE5DD3E41BDF1,2F5FF0DAD2B46DE3048CAAA5511A7443,Smart-HCT-34,HCT116 cell line,cDNA,transcriptomic,RNA-Seq,HCT116 single cell 034,GPL18573,Illumina NextSeq 500
366,SRR16195225,12/31/22 0:17,10/4/21 17:07,318477,45604655,318477,143,17,,https://sra-downloadb.be-md.ncbi.nlm.nih.gov/sos8/sra-pub-zq-818/SRR016/16195/SRR16195225/SRR16195225.lite.1,SRX12479760,GSM5609459,RNA-Seq,cDNA,TRANSCRIPTOMIC,PAIRED,0,0,ILLUMINA,NextSeq 500,SRP339960,PRJNA768428,3,768428,SRS10443311,SAMN22044870,simple,9606,Homo sapiens,GSM5609459,,,,,,,no,,,,,"ANGELA WU LAB, LIFS, HKUST",SRA1305581,,public,26BCCFA26454373CCD6C7BF059962874,644CA61C931B46004EC651EA329A7194,Smart-HCT-35,HCT116 cell line,cDNA,transcriptomic,RNA-Seq,HCT116 single cell 035,GPL18573,Illumina NextSeq 500
367,SRR16195224,12/31/22 0:17,10/4/21 17:07,318314,45579789,318314,143,18,,https://sra-downloadb.be-md.ncbi.nlm.nih.gov/sos8/sra-pub-zq-818/SRR016/16195/SRR16195224/SRR16195224.lite.1,SRX12479761,GSM5609460,RNA-Seq,cDNA,TRANSCRIPTOMIC,PAIRED,0,0,ILLUMINA,NextSeq 500,SRP339960,PRJNA768428,3,768428,SRS10443312,SAMN22044869,simple,9606,Homo sapiens,GSM5609460,,,,,,,no,,,,,"ANGELA WU LAB, LIFS, HKUST",SRA1305581,,public,69E2EF0428F64FD788F8AF24CC18AB0E,4217D2DAF3C23D675C0B7CE244801C9B,Smart-HCT-36,HCT116 cell line,cDNA,transcriptomic,RNA-Seq,HCT116 single cell 036,GPL18573,Illumina NextSeq 500
368,SRR16195223,12/31/22 0:17,10/4/21 17:08,470101,67307151,470101,143,26,,https://sra-downloadb.be-md.ncbi.nlm.nih.gov/sos8/sra-pub-zq-818/SRR016/16195/SRR16195223/SRR16195223.lite.1,SRX12479762,GSM5609461,RNA-Seq,cDNA,TRANSCRIPTOMIC,PAIRED,0,0,ILLUMINA,NextSeq 500,SRP339960,PRJNA768428,3,768428,SRS10443313,SAMN22044868,simple,9606,Homo sapiens,GSM5609461,,,,,,,no,,,,,"ANGELA WU LAB, LIFS, HKUST",SRA1305581,,public,2275C516FFB4C887B59D2427D3261C94,BFE3035F8B17312FBD02210D8D66A164,Smart-HCT-37,HCT116 cell line,cDNA,transcriptomic,RNA-Seq,HCT116 single cell 037,GPL18573,Illumina NextSeq 500
369,SRR16195222,12/31/22 0:17,10/4/21 17:07,366623,52493554,366623,143,20,,https://sra-downloadb.be-md.ncbi.nlm.nih.gov/sos8/sra-pub-zq-818/SRR016/16195/SRR16195222/SRR16195222.lite.1,SRX12479763,GSM5609462,RNA-Seq,cDNA,TRANSCRIPTOMIC,PAIRED,0,0,ILLUMINA,NextSeq 500,SRP339960,PRJNA768428,3,768428,SRS10443314,SAMN22044867,simple,9606,Homo sapiens,GSM5609462,,,,,,,no,,,,,"ANGELA WU LAB, LIFS, HKUST",SRA1305581,,public,92CE284E141617E5FDA2E44E81B2AEF9,D80AE2E6B33BF8E0E1E25C15C1AE3739,Smart-HCT-38,HCT116 cell line,cDNA,transcriptomic,RNA-Seq,HCT116 single cell 038,GPL18573,Illumina NextSeq 500
370,SRR16195221,12/31/22 0:17,10/4/21 17:07,347925,49816622,347925,143,19,,https://sra-downloadb.be-md.ncbi.nlm.nih.gov/sos8/sra-pub-zq-820/SRR016/16195/SRR16195221/SRR16195221.lite.1,SRX12479764,GSM5609463,RNA-Seq,cDNA,TRANSCRIPTOMIC,PAIRED,0,0,ILLUMINA,NextSeq 500,SRP339960,PRJNA768428,3,768428,SRS10443315,SAMN22044866,simple,9606,Homo sapiens,GSM5609463,,,,,,,no,,,,,"ANGELA WU LAB, LIFS, HKUST",SRA1305581,,public,BD25A481840F17A357D07E67ED33CB67,883F287671C4825E4F62196B250493A9,Smart-HCT-39,HCT116 cell line,cDNA,transcriptomic,RNA-Seq,HCT116 single cell 039,GPL18573,Illumina NextSeq 500
371,SRR16195220,12/31/22 0:17,10/4/21 17:07,356220,51003438,356220,143,20,,https://sra-downloadb.be-md.ncbi.nlm.nih.gov/sos8/sra-pub-zq-818/SRR016/16195/SRR16195220/SRR16195220.lite.1,SRX12479765,GSM5609464,RNA-Seq,cDNA,TRANSCRIPTOMIC,PAIRED,0,0,ILLUMINA,NextSeq 500,SRP339960,PRJNA768428,3,768428,SRS10443316,SAMN22044865,simple,9606,Homo sapiens,GSM5609464,,,,,,,no,,,,,"ANGELA WU LAB, LIFS, HKUST",SRA1305581,,public,F646D6DAF6958FF4D1C0C386E71C0A0C,BD6C2638D4EAE2F31303A7EE149A667B,Smart-HCT-40,HCT116 cell line,cDNA,transcriptomic,RNA-Seq,HCT116 single cell 040,GPL18573,Illumina NextSeq 500
372,SRR16195219,12/31/22 0:17,10/4/21 17:07,308366,44151836,308366,143,17,,https://sra-downloadb.be-md.ncbi.nlm.nih.gov/sos9/sra-pub-zq-924/SRR016/16195/SRR16195219/SRR16195219.lite.1,SRX12479766,GSM5609465,RNA-Seq,cDNA,TRANSCRIPTOMIC,PAIRED,0,0,ILLUMINA,NextSeq 500,SRP339960,PRJNA768428,3,768428,SRS10443317,SAMN22044864,simple,9606,Homo sapiens,GSM5609465,,,,,,,no,,,,,"ANGELA WU LAB, LIFS, HKUST",SRA1305581,,public,68CC6E65B9B7691151E6DBB32FCDE05B,32374B2F324B55BFE671A39F43C93FAE,Smart-HCT-41,HCT116 cell line,cDNA,transcriptomic,RNA-Seq,HCT116 single cell 041,GPL18573,Illumina NextSeq 500
373,SRR16195217,12/31/22 0:17,10/4/21 17:07,269812,38631039,269812,143,15,,https://sra-downloadb.be-md.ncbi.nlm.nih.gov/sos8/sra-pub-zq-818/SRR016/16195/SRR16195217/SRR16195217.lite.1,SRX12479768,GSM5609467,RNA-Seq,cDNA,TRANSCRIPTOMIC,PAIRED,0,0,ILLUMINA,NextSeq 500,SRP339960,PRJNA768428,3,768428,SRS10443318,SAMN22044862,simple,9606,Homo sapiens,GSM5609467,,,,,,,no,,,,,"ANGELA WU LAB, LIFS, HKUST",SRA1305581,,public,8D76DC1A25ED44A54F7AFFCE81D3E8F6,84BE5F891A082F6F53B68C9FB1215667,Smart-HCT-43,HCT116 cell line,cDNA,transcriptomic,RNA-Seq,HCT116 single cell 043,GPL18573,Illumina NextSeq 500
374,SRR16195218,12/31/22 0:17,10/4/21 17:08,327193,46847522,327193,143,18,,https://sra-downloadb.be-md.ncbi.nlm.nih.gov/sos8/sra-pub-zq-818/SRR016/16195/SRR16195218/SRR16195218.lite.1,SRX12479767,GSM5609466,RNA-Seq,cDNA,TRANSCRIPTOMIC,PAIRED,0,0,ILLUMINA,NextSeq 500,SRP339960,PRJNA768428,3,768428,SRS10443319,SAMN22044863,simple,9606,Homo sapiens,GSM5609466,,,,,,,no,,,,,"ANGELA WU LAB, LIFS, HKUST",SRA1305581,,public,A0038D2B226726BE4D3E0320D5465009,0269A90375A847EB654AFC463637C57D,Smart-HCT-42,HCT116 cell line,cDNA,transcriptomic,RNA-Seq,HCT116 single cell 042,GPL18573,Illumina NextSeq 500
375,SRR16195216,12/31/22 0:17,10/4/21 17:07,305007,43667606,305007,143,17,,https://sra-downloadb.be-md.ncbi.nlm.nih.gov/sos8/sra-pub-zq-818/SRR016/16195/SRR16195216/SRR16195216.lite.1,SRX12479769,GSM5609468,RNA-Seq,cDNA,TRANSCRIPTOMIC,PAIRED,0,0,ILLUMINA,NextSeq 500,SRP339960,PRJNA768428,3,768428,SRS10443320,SAMN22044861,simple,9606,Homo sapiens,GSM5609468,,,,,,,no,,,,,"ANGELA WU LAB, LIFS, HKUST",SRA1305581,,public,B22E297E753F955C03991D7C23039816,8F4622D354068C60373862CEC892AFF7,Smart-HCT-44,HCT116 cell line,cDNA,transcriptomic,RNA-Seq,HCT116 single cell 044,GPL18573,Illumina NextSeq 500
376,SRR16195215,12/31/22 0:17,10/4/21 17:07,349450,50034195,349450,143,19,,https://sra-downloadb.be-md.ncbi.nlm.nih.gov/sos8/sra-pub-zq-818/SRR016/16195/SRR16195215/SRR16195215.lite.1,SRX12479770,GSM5609469,RNA-Seq,cDNA,TRANSCRIPTOMIC,PAIRED,0,0,ILLUMINA,NextSeq 500,SRP339960,PRJNA768428,3,768428,SRS10443322,SAMN22044860,simple,9606,Homo sapiens,GSM5609469,,,,,,,no,,,,,"ANGELA WU LAB, LIFS, HKUST",SRA1305581,,public,D5C0668253ABB71A40D8C273CD20116B,4C57175FE507062173E7E625D03E49D8,Smart-HCT-45,HCT116 cell line,cDNA,transcriptomic,RNA-Seq,HCT116 single cell 045,GPL18573,Illumina NextSeq 500
377,SRR16195214,12/31/22 0:17,10/4/21 17:07,168747,24163468,168747,143,9,,https://sra-downloadb.be-md.ncbi.nlm.nih.gov/sos1/sra-pub-zq-38/SRR016/16195/SRR16195214/SRR16195214.lite.1,SRX12479771,GSM5609470,RNA-Seq,cDNA,TRANSCRIPTOMIC,PAIRED,0,0,ILLUMINA,NextSeq 500,SRP339960,PRJNA768428,3,768428,SRS10443321,SAMN22044859,simple,9606,Homo sapiens,GSM5609470,,,,,,,no,,,,,"ANGELA WU LAB, LIFS, HKUST",SRA1305581,,public,3AE29AC78809E0548B54470A29E97548,8EB68ED4E06AC9DBEEF22DCA727D266B,Smart-HCT-46,HCT116 cell line,cDNA,transcriptomic,RNA-Seq,HCT116 single cell 046,GPL18573,Illumina NextSeq 500
378,SRR16195213,12/31/22 0:17,10/4/21 17:07,345099,49412552,345099,143,19,,https://sra-downloadb.be-md.ncbi.nlm.nih.gov/sos8/sra-pub-zq-818/SRR016/16195/SRR16195213/SRR16195213.lite.1,SRX12479772,GSM5609471,RNA-Seq,cDNA,TRANSCRIPTOMIC,PAIRED,0,0,ILLUMINA,NextSeq 500,SRP339960,PRJNA768428,3,768428,SRS10443323,SAMN22044858,simple,9606,Homo sapiens,GSM5609471,,,,,,,no,,,,,"ANGELA WU LAB, LIFS, HKUST",SRA1305581,,public,C317B6E0DAA30851C69C1A898A0C7F76,89D02399A188AE1E4AB8451885AB7F6B,Smart-HCT-47,HCT116 cell line,cDNA,transcriptomic,RNA-Seq,HCT116 single cell 047,GPL18573,Illumina NextSeq 500
379,SRR16195212,12/31/22 0:17,10/4/21 17:07,251440,36003747,251440,143,14,,https://sra-downloadb.be-md.ncbi.nlm.nih.gov/sos8/sra-pub-zq-818/SRR016/16195/SRR16195212/SRR16195212.lite.1,SRX12479773,GSM5609472,RNA-Seq,cDNA,TRANSCRIPTOMIC,PAIRED,0,0,ILLUMINA,NextSeq 500,SRP339960,PRJNA768428,3,768428,SRS10443324,SAMN22044857,simple,9606,Homo sapiens,GSM5609472,,,,,,,no,,,,,"ANGELA WU LAB, LIFS, HKUST",SRA1305581,,public,A1598FE5BDC82F8D198F06054C23A8C8,D1AB8A13FA5F46B0112B2BA80E1C7276,Smart-HCT-48,HCT116 cell line,cDNA,transcriptomic,RNA-Seq,HCT116 single cell 048,GPL18573,Illumina NextSeq 500
380,SRR16195211,12/31/22 0:17,10/4/21 17:08,576135,82487088,576135,143,32,,https://sra-downloadb.be-md.ncbi.nlm.nih.gov/sos8/sra-pub-zq-818/SRR016/16195/SRR16195211/SRR16195211.lite.1,SRX12479774,GSM5609473,RNA-Seq,cDNA,TRANSCRIPTOMIC,PAIRED,0,0,ILLUMINA,NextSeq 500,SRP339960,PRJNA768428,3,768428,SRS10443325,SAMN22044856,simple,9606,Homo sapiens,GSM5609473,,,,,,,no,,,,,"ANGELA WU LAB, LIFS, HKUST",SRA1305581,,public,C677F3E52DB775157EFBD1F5D42C5908,0463E4F5E2BBFBDC54B3D44C549D999F,Smart-HCT-49,HCT116 cell line,cDNA,transcriptomic,RNA-Seq,HCT116 single cell 049,GPL18573,Illumina NextSeq 500
381,SRR16195210,12/31/22 0:17,10/4/21 17:07,446378,63910112,446378,143,25,,https://sra-downloadb.be-md.ncbi.nlm.nih.gov/sos8/sra-pub-zq-818/SRR016/16195/SRR16195210/SRR16195210.lite.1,SRX12479775,GSM5609474,RNA-Seq,cDNA,TRANSCRIPTOMIC,PAIRED,0,0,ILLUMINA,NextSeq 500,SRP339960,PRJNA768428,3,768428,SRS10443326,SAMN22044855,simple,9606,Homo sapiens,GSM5609474,,,,,,,no,,,,,"ANGELA WU LAB, LIFS, HKUST",SRA1305581,,public,1614EEEBA22F4FBA322AC37880F88217,EE515FA3515AA321868B3D8F123E6B9D,Smart-HCT-50,HCT116 cell line,cDNA,transcriptomic,RNA-Seq,HCT116 single cell 050,GPL18573,Illumina NextSeq 500
382,SRR16195209,12/31/22 0:17,10/4/21 17:08,493172,70614598,493172,143,27,,https://sra-downloadb.be-md.ncbi.nlm.nih.gov/sos8/sra-pub-zq-818/SRR016/16195/SRR16195209/SRR16195209.lite.1,SRX12479776,GSM5609475,RNA-Seq,cDNA,TRANSCRIPTOMIC,PAIRED,0,0,ILLUMINA,NextSeq 500,SRP339960,PRJNA768428,3,768428,SRS10443327,SAMN22044854,simple,9606,Homo sapiens,GSM5609475,,,,,,,no,,,,,"ANGELA WU LAB, LIFS, HKUST",SRA1305581,,public,AE6460ADBB49E4A526607B16D7F5856B,0B879611C03328F3482561B5FC5E4BD8,Smart-HCT-51,HCT116 cell line,cDNA,transcriptomic,RNA-Seq,HCT116 single cell 051,GPL18573,Illumina NextSeq 500
383,SRR16195208,12/31/22 0:17,10/4/21 17:09,2528228,362255465,2528228,143,145,,https://sra-downloadb.be-md.ncbi.nlm.nih.gov/sos8/sra-pub-zq-818/SRR016/16195/SRR16195208/SRR16195208.lite.1,SRX12479777,GSM5609548,OTHER,other,TRANSCRIPTOMIC,PAIRED,0,0,ILLUMINA,NextSeq 500,SRP339960,PRJNA768428,3,768428,SRS10443328,SAMN22044781,simple,9606,Homo sapiens,GSM5609548,,,,,,,no,,,,,"ANGELA WU LAB, LIFS, HKUST",SRA1305581,,public,456D4824F56365E9E80BBE788D77D473,B12CD9F7F017965C714A3423FBBB04BA,HCT116 scONEseq 028,HCT116 cell line,other,transcriptomic,OTHER,HCT116 single cell 124,GPL18573,Illumina NextSeq 500
384,SRR16195207,12/31/22 0:17,10/4/21 17:09,2600634,372474888,2600634,143,150,,https://sra-downloadb.be-md.ncbi.nlm.nih.gov/sos8/sra-pub-zq-818/SRR016/16195/SRR16195207/SRR16195207.lite.1,SRX12479778,GSM5609549,OTHER,other,TRANSCRIPTOMIC,PAIRED,0,0,ILLUMINA,NextSeq 500,SRP339960,PRJNA768428,3,768428,SRS10443329,SAMN22044780,simple,9606,Homo sapiens,GSM5609549,,,,,,,no,,,,,"ANGELA WU LAB, LIFS, HKUST",SRA1305581,,public,A2CDF366CF2E3E57BBEBB9A775431621,AE6FDA66489BF69381866746AA575843,HCT116 scONEseq 029,HCT116 cell line,other,transcriptomic,OTHER,HCT116 single cell 125,GPL18573,Illumina NextSeq 500
385,SRR16195206,12/31/22 0:17,10/4/21 17:09,1558937,223277418,1558937,143,90,,https://sra-downloadb.be-md.ncbi.nlm.nih.gov/sos8/sra-pub-zq-818/SRR016/16195/SRR16195206/SRR16195206.lite.1,SRX12479779,GSM5609550,OTHER,other,TRANSCRIPTOMIC,PAIRED,0,0,ILLUMINA,NextSeq 500,SRP339960,PRJNA768428,3,768428,SRS10443330,SAMN22044779,simple,9606,Homo sapiens,GSM5609550,,,,,,,no,,,,,"ANGELA WU LAB, LIFS, HKUST",SRA1305581,,public,2F8DE652635012A95FCBF8CAF1A85B67,5D1B56333F186D769DDC006223942E5C,HCT116 scONEseq 030,HCT116 cell line,other,transcriptomic,OTHER,HCT116 single cell 126,GPL18573,Illumina NextSeq 500
386,SRR16195205,12/31/22 0:17,10/4/21 17:08,2369767,339439210,2369767,143,136,,https://sra-downloadb.be-md.ncbi.nlm.nih.gov/sos8/sra-pub-zq-818/SRR016/16195/SRR16195205/SRR16195205.lite.1,SRX12479780,GSM5609551,OTHER,other,TRANSCRIPTOMIC,PAIRED,0,0,ILLUMINA,NextSeq 500,SRP339960,PRJNA768428,3,768428,SRS10443331,SAMN22044778,simple,9606,Homo sapiens,GSM5609551,,,,,,,no,,,,,"ANGELA WU LAB, LIFS, HKUST",SRA1305581,,public,124239CEE6D6EA3C9CC425F851878845,531B52EB17A6CB513FE79C42746C8A9F,HCT116 scONEseq 031,HCT116 cell line,other,transcriptomic,OTHER,HCT116 single cell 127,GPL18573,Illumina NextSeq 500
387,SRR16195204,12/31/22 0:17,10/4/21 17:08,784172,112303062,784172,143,45,,https://sra-downloadb.be-md.ncbi.nlm.nih.gov/sos8/sra-pub-zq-818/SRR016/16195/SRR16195204/SRR16195204.lite.1,SRX12479781,GSM5609552,OTHER,other,TRANSCRIPTOMIC,PAIRED,0,0,ILLUMINA,NextSeq 500,SRP339960,PRJNA768428,3,768428,SRS10443332,SAMN22044777,simple,9606,Homo sapiens,GSM5609552,,,,,,,no,,,,,"ANGELA WU LAB, LIFS, HKUST",SRA1305581,,public,E54DFD420CF7E06242488EE723C87AD4,681FDD0865C425F3D93835188C0F5AF5,HCT116 scONEseq 032,HCT116 cell line,other,transcriptomic,OTHER,HCT116 single cell 128,GPL18573,Illumina NextSeq 500
388,SRR16195203,12/31/22 0:17,10/4/21 17:08,1527928,218797484,1527928,143,88,,https://sra-downloadb.be-md.ncbi.nlm.nih.gov/sos1/sra-pub-zq-38/SRR016/16195/SRR16195203/SRR16195203.lite.1,SRX12479782,GSM5609553,OTHER,other,TRANSCRIPTOMIC,PAIRED,0,0,ILLUMINA,NextSeq 500,SRP339960,PRJNA768428,3,768428,SRS10443333,SAMN22044776,simple,9606,Homo sapiens,GSM5609553,,,,,,,no,,,,,"ANGELA WU LAB, LIFS, HKUST",SRA1305581,,public,3B6A78D2D0ED70685023DCC7C4ACB2C8,BD54F90542E05E94FF878CF01DF4FFE0,HCT116 scONEseq 033,HCT116 cell line,other,transcriptomic,OTHER,HCT116 single cell 129,GPL18573,Illumina NextSeq 500
389,SRR16195202,12/31/22 0:17,10/4/21 17:09,2458029,352063652,2458029,143,141,,https://sra-downloadb.be-md.ncbi.nlm.nih.gov/sos8/sra-pub-zq-818/SRR016/16195/SRR16195202/SRR16195202.lite.1,SRX12479783,GSM5609554,OTHER,other,TRANSCRIPTOMIC,PAIRED,0,0,ILLUMINA,NextSeq 500,SRP339960,PRJNA768428,3,768428,SRS10443334,SAMN22044775,simple,9606,Homo sapiens,GSM5609554,,,,,,,no,,,,,"ANGELA WU LAB, LIFS, HKUST",SRA1305581,,public,3322268268258BE870DDB711641C8826,7654823A934AC8D2A8EE3819E78EE99C,HCT116 scONEseq 034,HCT116 cell line,other,transcriptomic,OTHER,HCT116 single cell 130,GPL18573,Illumina NextSeq 500
390,SRR16195201,12/31/22 0:17,10/4/21 17:08,1054197,150958216,1054197,143,60,,https://sra-downloadb.be-md.ncbi.nlm.nih.gov/sos8/sra-pub-zq-818/SRR016/16195/SRR16195201/SRR16195201.lite.1,SRX12479784,GSM5609555,OTHER,other,TRANSCRIPTOMIC,PAIRED,0,0,ILLUMINA,NextSeq 500,SRP339960,PRJNA768428,3,768428,SRS10443335,SAMN22044774,simple,9606,Homo sapiens,GSM5609555,,,,,,,no,,,,,"ANGELA WU LAB, LIFS, HKUST",SRA1305581,,public,65E7ADDCD2EDDB7EF1FA1E72CA094AF2,D695C44078C889653D7E60CE61AC68C6,HCT116 scONEseq 035,HCT116 cell line,other,transcriptomic,OTHER,HCT116 single cell 131,GPL18573,Illumina NextSeq 500
391,SRR16195200,12/31/22 0:17,10/4/21 17:08,1105543,158305274,1105543,143,64,,https://sra-downloadb.be-md.ncbi.nlm.nih.gov/sos8/sra-pub-zq-818/SRR016/16195/SRR16195200/SRR16195200.lite.1,SRX12479785,GSM5609556,OTHER,other,TRANSCRIPTOMIC,PAIRED,0,0,ILLUMINA,NextSeq 500,SRP339960,PRJNA768428,3,768428,SRS10443336,SAMN22044773,simple,9606,Homo sapiens,GSM5609556,,,,,,,no,,,,,"ANGELA WU LAB, LIFS, HKUST",SRA1305581,,public,D5F35C1820BC91D915B4C55278E6178A,FE9F38AD8B2A519A6DFE7B816061D0C2,HCT116 scONEseq 036,HCT116 cell line,other,transcriptomic,OTHER,HCT116 single cell 132,GPL18573,Illumina NextSeq 500
392,SRR16195199,12/31/22 0:17,10/4/21 17:09,2127772,304826474,2127772,143,122,,https://sra-downloadb.be-md.ncbi.nlm.nih.gov/sos8/sra-pub-zq-818/SRR016/16195/SRR16195199/SRR16195199.lite.1,SRX12479786,GSM5609557,OTHER,other,TRANSCRIPTOMIC,PAIRED,0,0,ILLUMINA,NextSeq 500,SRP339960,PRJNA768428,3,768428,SRS10443337,SAMN22044772,simple,9606,Homo sapiens,GSM5609557,,,,,,,no,,,,,"ANGELA WU LAB, LIFS, HKUST",SRA1305581,,public,A758BA062075EBCDCEE9CA1E41EC0E4F,A71C7357AFDC3EB21D4F5E764567D343,HCT116 scONEseq 037,HCT116 cell line,other,transcriptomic,OTHER,HCT116 single cell 133,GPL18573,Illumina NextSeq 500
393,SRR16195198,12/31/22 0:17,10/4/21 17:08,1762056,252448016,1762056,143,101,,https://sra-downloadb.be-md.ncbi.nlm.nih.gov/sos8/sra-pub-zq-818/SRR016/16195/SRR16195198/SRR16195198.lite.1,SRX12479787,GSM5609558,OTHER,other,TRANSCRIPTOMIC,PAIRED,0,0,ILLUMINA,NextSeq 500,SRP339960,PRJNA768428,3,768428,SRS10443338,SAMN22044771,simple,9606,Homo sapiens,GSM5609558,,,,,,,no,,,,,"ANGELA WU LAB, LIFS, HKUST",SRA1305581,,public,274490504874A81E528C98FC48B8C355,E5FDE5B7C9FA5514D2C339757E2A87C1,HCT116 scONEseq 038,HCT116 cell line,other,transcriptomic,OTHER,HCT116 single cell 134,GPL18573,Illumina NextSeq 500
394,SRR16195197,12/31/22 0:17,10/4/21 17:08,2315708,331793855,2315708,143,132,,https://sra-downloadb.be-md.ncbi.nlm.nih.gov/sos8/sra-pub-zq-818/SRR016/16195/SRR16195197/SRR16195197.lite.1,SRX12479788,GSM5609559,OTHER,other,TRANSCRIPTOMIC,PAIRED,0,0,ILLUMINA,NextSeq 500,SRP339960,PRJNA768428,3,768428,SRS10443340,SAMN22044770,simple,9606,Homo sapiens,GSM5609559,,,,,,,no,,,,,"ANGELA WU LAB, LIFS, HKUST",SRA1305581,,public,AAE0EF47A0F7A333EA160D62E1635CDC,650C9A0BECD0450C34BA0980EE10F525,HCT116 scONEseq 039,HCT116 cell line,other,transcriptomic,OTHER,HCT116 single cell 135,GPL18573,Illumina NextSeq 500
395,SRR16195196,12/31/22 0:17,10/4/21 17:08,1633451,233995559,1633451,143,94,,https://sra-downloadb.be-md.ncbi.nlm.nih.gov/sos8/sra-pub-zq-818/SRR016/16195/SRR16195196/SRR16195196.lite.1,SRX12479789,GSM5609560,OTHER,other,TRANSCRIPTOMIC,PAIRED,0,0,ILLUMINA,NextSeq 500,SRP339960,PRJNA768428,3,768428,SRS10443339,SAMN22044769,simple,9606,Homo sapiens,GSM5609560,,,,,,,no,,,,,"ANGELA WU LAB, LIFS, HKUST",SRA1305581,,public,8FA0CB913DCE29B9A4572A97F4144236,B4045BDEFE253A03494864EF9B144CB7,HCT116 scONEseq 040,HCT116 cell line,other,transcriptomic,OTHER,HCT116 single cell 136,GPL18573,Illumina NextSeq 500
396,SRR16195195,12/31/22 0:17,10/4/21 17:08,1075429,154018910,1075429,143,62,,https://sra-downloadb.be-md.ncbi.nlm.nih.gov/sos8/sra-pub-zq-818/SRR016/16195/SRR16195195/SRR16195195.lite.1,SRX12479790,GSM5609561,OTHER,other,TRANSCRIPTOMIC,PAIRED,0,0,ILLUMINA,NextSeq 500,SRP339960,PRJNA768428,3,768428,SRS10443341,SAMN22044768,simple,9606,Homo sapiens,GSM5609561,,,,,,,no,,,,,"ANGELA WU LAB, LIFS, HKUST",SRA1305581,,public,3503587A7F49FBB17449326419417B3C,7B64D103C4A2381E142F8FDE48DCD6E6,HCT116 scONEseq 041,HCT116 cell line,other,transcriptomic,OTHER,HCT116 single cell 137,GPL18573,Illumina NextSeq 500
397,SRR16195194,12/31/22 0:17,10/4/21 17:08,1202256,172215387,1202256,143,69,,https://sra-downloadb.be-md.ncbi.nlm.nih.gov/sos8/sra-pub-zq-818/SRR016/16195/SRR16195194/SRR16195194.lite.1,SRX12479791,GSM5609562,OTHER,other,TRANSCRIPTOMIC,PAIRED,0,0,ILLUMINA,NextSeq 500,SRP339960,PRJNA768428,3,768428,SRS10443342,SAMN22044767,simple,9606,Homo sapiens,GSM5609562,,,,,,,no,,,,,"ANGELA WU LAB, LIFS, HKUST",SRA1305581,,public,DC430156B1FF20B91743123DD0456ACE,6434CA499391B88DF90DBB69AC179D59,HCT116 scONEseq 042,HCT116 cell line,other,transcriptomic,OTHER,HCT116 single cell 138,GPL18573,Illumina NextSeq 500
398,SRR16195193,12/31/22 0:17,10/4/21 17:09,1871482,268064813,1871482,143,108,,https://sra-downloadb.be-md.ncbi.nlm.nih.gov/sos8/sra-pub-zq-818/SRR016/16195/SRR16195193/SRR16195193.lite.1,SRX12479792,GSM5609563,OTHER,other,TRANSCRIPTOMIC,PAIRED,0,0,ILLUMINA,NextSeq 500,SRP339960,PRJNA768428,3,768428,SRS10443343,SAMN22044766,simple,9606,Homo sapiens,GSM5609563,,,,,,,no,,,,,"ANGELA WU LAB, LIFS, HKUST",SRA1305581,,public,989B1E9EB2453F76269D78396913D745,7F2722B1D71BAB4A40E4F987DAB51881,HCT116 scONEseq 043,HCT116 cell line,other,transcriptomic,OTHER,HCT116 single cell 139,GPL18573,Illumina NextSeq 500
399,SRR16195192,12/31/22 0:17,10/4/21 17:08,1401944,200769199,1401944,143,81,,https://sra-downloadb.be-md.ncbi.nlm.nih.gov/sos1/sra-pub-zq-38/SRR016/16195/SRR16195192/SRR16195192.lite.1,SRX12479793,GSM5609564,OTHER,other,TRANSCRIPTOMIC,PAIRED,0,0,ILLUMINA,NextSeq 500,SRP339960,PRJNA768428,3,768428,SRS10443344,SAMN22044765,simple,9606,Homo sapiens,GSM5609564,,,,,,,no,,,,,"ANGELA WU LAB, LIFS, HKUST",SRA1305581,,public,42D0277A771A183FA3A75999D30CB01B,C183B92AB9F24DBD7A4220BEC622A647,HCT116 scONEseq 044,HCT116 cell line,other,transcriptomic,OTHER,HCT116 single cell 140,GPL18573,Illumina NextSeq 500
400,SRR16195191,12/31/22 0:17,10/4/21 17:08,1420559,203438973,1420559,143,82,,https://sra-downloadb.be-md.ncbi.nlm.nih.gov/sos1/sra-pub-zq-38/SRR016/16195/SRR16195191/SRR16195191.lite.1,SRX12479794,GSM5609565,OTHER,other,TRANSCRIPTOMIC,PAIRED,0,0,ILLUMINA,NextSeq 500,SRP339960,PRJNA768428,3,768428,SRS10443345,SAMN22044764,simple,9606,Homo sapiens,GSM5609565,,,,,,,no,,,,,"ANGELA WU LAB, LIFS, HKUST",SRA1305581,,public,6317C1653CD5D70F5F7B6C8937654950,969C408B875AEECBAE494A8468881813,HCT116 scONEseq 045,HCT116 cell line,other,transcriptomic,OTHER,HCT116 single cell 141,GPL18573,Illumina NextSeq 500
401,SRR16195190,12/31/22 0:17,10/4/21 17:08,1644786,235565213,1644786,143,95,,https://sra-downloadb.be-md.ncbi.nlm.nih.gov/sos8/sra-pub-zq-818/SRR016/16195/SRR16195190/SRR16195190.lite.1,SRX12479795,GSM5609566,OTHER,other,TRANSCRIPTOMIC,PAIRED,0,0,ILLUMINA,NextSeq 500,SRP339960,PRJNA768428,3,768428,SRS10443346,SAMN22044763,simple,9606,Homo sapiens,GSM5609566,,,,,,,no,,,,,"ANGELA WU LAB, LIFS, HKUST",SRA1305581,,public,A30DCC98CC58B3414B6F7FB0AB43F01A,F2630AFC7829250169222CEC7A427D63,HCT116 scONEseq 046,HCT116 cell line,other,transcriptomic,OTHER,HCT116 single cell 142,GPL18573,Illumina NextSeq 500
402,SRR16195189,12/31/22 0:17,10/4/21 17:09,2109943,302169878,2109943,143,122,,https://sra-downloadb.be-md.ncbi.nlm.nih.gov/sos1/sra-pub-zq-38/SRR016/16195/SRR16195189/SRR16195189.lite.1,SRX12479796,GSM5609567,OTHER,other,TRANSCRIPTOMIC,PAIRED,0,0,ILLUMINA,NextSeq 500,SRP339960,PRJNA768428,3,768428,SRS10443347,SAMN22044762,simple,9606,Homo sapiens,GSM5609567,,,,,,,no,,,,,"ANGELA WU LAB, LIFS, HKUST",SRA1305581,,public,EF438F6336EF8A253AB48C74136C613F,D117DB96886EAFB4478269B15A5BF9C7,HCT116 scONEseq 047,HCT116 cell line,other,transcriptomic,OTHER,HCT116 single cell 143,GPL18573,Illumina NextSeq 500
403,SRR16195188,12/31/22 0:17,10/4/21 17:08,1467163,210102655,1467163,143,85,,https://sra-downloadb.be-md.ncbi.nlm.nih.gov/sos8/sra-pub-zq-818/SRR016/16195/SRR16195188/SRR16195188.lite.1,SRX12479797,GSM5609568,OTHER,other,TRANSCRIPTOMIC,PAIRED,0,0,ILLUMINA,NextSeq 500,SRP339960,PRJNA768428,3,768428,SRS10443348,SAMN22044761,simple,9606,Homo sapiens,GSM5609568,,,,,,,no,,,,,"ANGELA WU LAB, LIFS, HKUST",SRA1305581,,public,C90086FDA0B0ED97129F9D343E1E91E4,6B510A7C6B1A68D2C924F361AF6314AE,HCT116 scONEseq 048,HCT116 cell line,other,transcriptomic,OTHER,HCT116 single cell 144,GPL18573,Illumina NextSeq 500
404,SRR16195187,12/31/22 0:17,10/4/21 17:08,1277044,182896765,1277044,143,74,,https://sra-downloadb.be-md.ncbi.nlm.nih.gov/sos8/sra-pub-zq-818/SRR016/16195/SRR16195187/SRR16195187.lite.1,SRX12479798,GSM5609569,OTHER,other,TRANSCRIPTOMIC,PAIRED,0,0,ILLUMINA,NextSeq 500,SRP339960,PRJNA768428,3,768428,SRS10443349,SAMN22044760,simple,9606,Homo sapiens,GSM5609569,,,,,,,no,,,,,"ANGELA WU LAB, LIFS, HKUST",SRA1305581,,public,599C1BF63DA8036678FC99E3F73A2DDB,F1B62F98CD7C6FF7267E2189C08B0A98,HCT116 scONEseq 049,HCT116 cell line,other,transcriptomic,OTHER,HCT116 single cell 145,GPL18573,Illumina NextSeq 500
405,SRR16195186,12/31/22 0:17,10/4/21 17:09,2230312,319573034,2230312,143,128,,https://sra-downloadb.be-md.ncbi.nlm.nih.gov/sos8/sra-pub-zq-818/SRR016/16195/SRR16195186/SRR16195186.lite.1,SRX12479799,GSM5609570,OTHER,other,TRANSCRIPTOMIC,PAIRED,0,0,ILLUMINA,NextSeq 500,SRP339960,PRJNA768428,3,768428,SRS10443350,SAMN22044759,simple,9606,Homo sapiens,GSM5609570,,,,,,,no,,,,,"ANGELA WU LAB, LIFS, HKUST",SRA1305581,,public,DDBD96D54E6AAEA7D51BC8D417422D71,ED2EDCCCEB8AAC3CA5DDBAF079002C79,HCT116 scONEseq 050,HCT116 cell line,other,transcriptomic,OTHER,HCT116 single cell 146,GPL18573,Illumina NextSeq 500
406,SRR16195185,12/31/22 0:17,10/4/21 17:08,1986418,284578895,1986418,143,114,,https://sra-downloadb.be-md.ncbi.nlm.nih.gov/sos1/sra-pub-zq-38/SRR016/16195/SRR16195185/SRR16195185.lite.1,SRX12479800,GSM5609571,OTHER,other,TRANSCRIPTOMIC,PAIRED,0,0,ILLUMINA,NextSeq 500,SRP339960,PRJNA768428,3,768428,SRS10443351,SAMN22044758,simple,9606,Homo sapiens,GSM5609571,,,,,,,no,,,,,"ANGELA WU LAB, LIFS, HKUST",SRA1305581,,public,D940B388F0C1F565FD363F4669042F93,F637AFDF687CECA54EC38EBCCD9C3DC4,HCT116 scONEseq 051,HCT116 cell line,other,transcriptomic,OTHER,HCT116 single cell 147,GPL18573,Illumina NextSeq 500
407,SRR16195184,12/31/22 0:17,10/4/21 17:08,1876472,268866189,1876472,143,108,,https://sra-downloadb.be-md.ncbi.nlm.nih.gov/sos8/sra-pub-zq-818/SRR016/16195/SRR16195184/SRR16195184.lite.1,SRX12479801,GSM5609596,OTHER,other,TRANSCRIPTOMIC,PAIRED,0,0,ILLUMINA,NextSeq 500,SRP339960,PRJNA768428,3,768428,SRS10443352,SAMN22044733,simple,9606,Homo sapiens,GSM5609596,,,,,,,no,,,,,"ANGELA WU LAB, LIFS, HKUST",SRA1305581,,public,D6456651F254C77E39FBDE611ECE9011,8C0FF0D91723D72B923C71847B2BD3B5,HCT116 scONEseq 076,HCT116 cell line,other,transcriptomic,OTHER,HCT116 single cell 172,GPL18573,Illumina NextSeq 500
408,SRR16195183,12/31/22 0:17,10/4/21 17:08,1885328,270026221,1885328,143,109,,https://sra-downloadb.be-md.ncbi.nlm.nih.gov/sos9/sra-pub-zq-924/SRR016/16195/SRR16195183/SRR16195183.lite.1,SRX12479802,GSM5609597,OTHER,other,TRANSCRIPTOMIC,PAIRED,0,0,ILLUMINA,NextSeq 500,SRP339960,PRJNA768428,3,768428,SRS10443353,SAMN22044732,simple,9606,Homo sapiens,GSM5609597,,,,,,,no,,,,,"ANGELA WU LAB, LIFS, HKUST",SRA1305581,,public,C613DBCF9123C83E3946E3D6C27E6CC6,68F9F53FEE1A8C68F9796C35749475FD,HCT116 scONEseq 077,HCT116 cell line,other,transcriptomic,OTHER,HCT116 single cell 173,GPL18573,Illumina NextSeq 500
409,SRR16195182,12/31/22 0:17,10/4/21 17:08,1458697,208918094,1458697,143,85,,https://sra-downloadb.be-md.ncbi.nlm.nih.gov/sos8/sra-pub-zq-818/SRR016/16195/SRR16195182/SRR16195182.lite.1,SRX12479803,GSM5609598,OTHER,other,TRANSCRIPTOMIC,PAIRED,0,0,ILLUMINA,NextSeq 500,SRP339960,PRJNA768428,3,768428,SRS10443354,SAMN22044731,simple,9606,Homo sapiens,GSM5609598,,,,,,,no,,,,,"ANGELA WU LAB, LIFS, HKUST",SRA1305581,,public,7838FA5C56252FC30E3A51F3E4AEA85B,FB216EE6F2054622616642BE9FF406D8,HCT116 scONEseq 078,HCT116 cell line,other,transcriptomic,OTHER,HCT116 single cell 174,GPL18573,Illumina NextSeq 500
410,SRR16195180,12/31/22 0:17,10/4/21 17:08,1657889,237497874,1657889,143,95,,https://sra-downloadb.be-md.ncbi.nlm.nih.gov/sos8/sra-pub-zq-818/SRR016/16195/SRR16195180/SRR16195180.lite.1,SRX12479805,GSM5609600,OTHER,other,TRANSCRIPTOMIC,PAIRED,0,0,ILLUMINA,NextSeq 500,SRP339960,PRJNA768428,3,768428,SRS10443355,SAMN22044729,simple,9606,Homo sapiens,GSM5609600,,,,,,,no,,,,,"ANGELA WU LAB, LIFS, HKUST",SRA1305581,,public,910A82B9A2BE828F7FC591A01CC6ADE0,F2E7335C611752DE56BC1242BB509C25,HCT116 scONEseq 080,HCT116 cell line,other,transcriptomic,OTHER,HCT116 single cell 176,GPL18573,Illumina NextSeq 500
411,SRR16195181,12/31/22 0:17,10/4/21 17:08,2134782,305837993,2134782,143,124,,https://sra-downloadb.be-md.ncbi.nlm.nih.gov/sos8/sra-pub-zq-818/SRR016/16195/SRR16195181/SRR16195181.lite.1,SRX12479804,GSM5609599,OTHER,other,TRANSCRIPTOMIC,PAIRED,0,0,ILLUMINA,NextSeq 500,SRP339960,PRJNA768428,3,768428,SRS10443356,SAMN22044730,simple,9606,Homo sapiens,GSM5609599,,,,,,,no,,,,,"ANGELA WU LAB, LIFS, HKUST",SRA1305581,,public,85A777DCCB2A5FA44AA3A86E6173FC69,0A7781DE0CB1F80D167E3C36A1B9C620,HCT116 scONEseq 079,HCT116 cell line,other,transcriptomic,OTHER,HCT116 single cell 175,GPL18573,Illumina NextSeq 500
412,SRR16195179,12/31/22 0:17,10/4/21 17:07,718204,102852601,718204,143,41,,https://sra-downloadb.be-md.ncbi.nlm.nih.gov/sos8/sra-pub-zq-818/SRR016/16195/SRR16195179/SRR16195179.lite.1,SRX12479806,GSM5609601,OTHER,other,TRANSCRIPTOMIC,PAIRED,0,0,ILLUMINA,NextSeq 500,SRP339960,PRJNA768428,3,768428,SRS10443357,SAMN22044728,simple,9606,Homo sapiens,GSM5609601,,,,,,,no,,,,,"ANGELA WU LAB, LIFS, HKUST",SRA1305581,,public,35CB24E29E01054FCA1B56C9F641C9F7,06C998C1FB0768A820008379360C6064,HCT116 scONEseq 081,HCT116 cell line,other,transcriptomic,OTHER,HCT116 single cell 177,GPL18573,Illumina NextSeq 500
413,SRR16195178,12/31/22 0:17,10/4/21 17:07,884047,126594095,884047,143,51,,https://sra-downloadb.be-md.ncbi.nlm.nih.gov/sos8/sra-pub-zq-818/SRR016/16195/SRR16195178/SRR16195178.lite.1,SRX12479807,GSM5609602,OTHER,other,TRANSCRIPTOMIC,PAIRED,0,0,ILLUMINA,NextSeq 500,SRP339960,PRJNA768428,3,768428,SRS10443358,SAMN22044727,simple,9606,Homo sapiens,GSM5609602,,,,,,,no,,,,,"ANGELA WU LAB, LIFS, HKUST",SRA1305581,,public,4CDA7CD3841E78F32E987A209E9340D4,7CBA414640FBD2D37A8FBC963F8D191F,HCT116 scONEseq 082,HCT116 cell line,other,transcriptomic,OTHER,HCT116 single cell 178,GPL18573,Illumina NextSeq 500
414,SRR16195177,12/31/22 0:17,10/4/21 17:06,1877895,268934048,1877895,143,109,,https://sra-downloadb.be-md.ncbi.nlm.nih.gov/sos8/sra-pub-zq-818/SRR016/16195/SRR16195177/SRR16195177.lite.1,SRX12479808,GSM5609603,OTHER,other,TRANSCRIPTOMIC,PAIRED,0,0,ILLUMINA,NextSeq 500,SRP339960,PRJNA768428,3,768428,SRS10443361,SAMN22044726,simple,9606,Homo sapiens,GSM5609603,,,,,,,no,,,,,"ANGELA WU LAB, LIFS, HKUST",SRA1305581,,public,29F4007837A40C6DD3A47299B67F80D5,A3857D957133F00CBD3A54837151A6CF,HCT116 scONEseq 083,HCT116 cell line,other,transcriptomic,OTHER,HCT116 single cell 179,GPL18573,Illumina NextSeq 500
415,SRR16195176,12/31/22 0:17,10/4/21 17:05,1286541,184208938,1286541,143,75,,https://sra-downloadb.be-md.ncbi.nlm.nih.gov/sos8/sra-pub-zq-818/SRR016/16195/SRR16195176/SRR16195176.lite.1,SRX12479809,GSM5609604,OTHER,other,TRANSCRIPTOMIC,PAIRED,0,0,ILLUMINA,NextSeq 500,SRP339960,PRJNA768428,3,768428,SRS10443359,SAMN22044725,simple,9606,Homo sapiens,GSM5609604,,,,,,,no,,,,,"ANGELA WU LAB, LIFS, HKUST",SRA1305581,,public,9A338EA925C71E193B0269CBA9FD8B92,7D2745B43AFEC50EF3790A277B5544E5,HCT116 scONEseq 084,HCT116 cell line,other,transcriptomic,OTHER,HCT116 single cell 180,GPL18573,Illumina NextSeq 500
416,SRR16195175,12/31/22 0:17,10/4/21 17:06,2213917,317142870,2213917,143,128,,https://sra-downloadb.be-md.ncbi.nlm.nih.gov/sos8/sra-pub-zq-818/SRR016/16195/SRR16195175/SRR16195175.lite.1,SRX12479810,GSM5609605,OTHER,other,TRANSCRIPTOMIC,PAIRED,0,0,ILLUMINA,NextSeq 500,SRP339960,PRJNA768428,3,768428,SRS10443360,SAMN22044724,simple,9606,Homo sapiens,GSM5609605,,,,,,,no,,,,,"ANGELA WU LAB, LIFS, HKUST",SRA1305581,,public,28B43E87DDCEFA590DCB157B826CBA50,93C8CCC47F71A10C94DCCD38A9B7A6DD,HCT116 scONEseq 085,HCT116 cell line,other,transcriptomic,OTHER,HCT116 single cell 181,GPL18573,Illumina NextSeq 500
417,SRR16195174,12/31/22 0:17,10/4/21 17:05,1347253,192995801,1347253,143,77,,https://sra-downloadb.be-md.ncbi.nlm.nih.gov/sos8/sra-pub-zq-818/SRR016/16195/SRR16195174/SRR16195174.lite.1,SRX12479811,GSM5609606,OTHER,other,TRANSCRIPTOMIC,PAIRED,0,0,ILLUMINA,NextSeq 500,SRP339960,PRJNA768428,3,768428,SRS10443362,SAMN22044723,simple,9606,Homo sapiens,GSM5609606,,,,,,,no,,,,,"ANGELA WU LAB, LIFS, HKUST",SRA1305581,,public,964D464EAD74AC48DC3DFE0724B5F0F6,C1666799182A40128C38A31E60D240EC,HCT116 scONEseq 086,HCT116 cell line,other,transcriptomic,OTHER,HCT116 single cell 182,GPL18573,Illumina NextSeq 500
418,SRR16195173,12/31/22 0:17,10/4/21 17:06,1653258,236821297,1653258,143,95,,https://sra-downloadb.be-md.ncbi.nlm.nih.gov/sos8/sra-pub-zq-818/SRR016/16195/SRR16195173/SRR16195173.lite.1,SRX12479812,GSM5609607,OTHER,other,TRANSCRIPTOMIC,PAIRED,0,0,ILLUMINA,NextSeq 500,SRP339960,PRJNA768428,3,768428,SRS10443363,SAMN22044722,simple,9606,Homo sapiens,GSM5609607,,,,,,,no,,,,,"ANGELA WU LAB, LIFS, HKUST",SRA1305581,,public,6DC36922F8C1D3E61AC3DE5A2467DED3,F5DAFBA57E1C7FC01F49D387B66028E7,HCT116 scONEseq 087,HCT116 cell line,other,transcriptomic,OTHER,HCT116 single cell 183,GPL18573,Illumina NextSeq 500
419,SRR16195172,12/31/22 0:17,10/4/21 17:06,2120708,303830525,2120708,143,122,,https://sra-downloadb.be-md.ncbi.nlm.nih.gov/sos8/sra-pub-zq-818/SRR016/16195/SRR16195172/SRR16195172.lite.1,SRX12479813,GSM5609608,OTHER,other,TRANSCRIPTOMIC,PAIRED,0,0,ILLUMINA,NextSeq 500,SRP339960,PRJNA768428,3,768428,SRS10443364,SAMN22044721,simple,9606,Homo sapiens,GSM5609608,,,,,,,no,,,,,"ANGELA WU LAB, LIFS, HKUST",SRA1305581,,public,42E7AD302EC668E4A224A86E23708D32,648C1DD3A8AB91B5F533AE2B53848CCE,HCT116 scONEseq 088,HCT116 cell line,other,transcriptomic,OTHER,HCT116 single cell 184,GPL18573,Illumina NextSeq 500
420,SRR16195171,12/31/22 0:17,10/4/21 17:05,1567092,224472329,1567092,143,90,,https://sra-downloadb.be-md.ncbi.nlm.nih.gov/sos8/sra-pub-zq-818/SRR016/16195/SRR16195171/SRR16195171.lite.1,SRX12479814,GSM5609609,OTHER,other,TRANSCRIPTOMIC,PAIRED,0,0,ILLUMINA,NextSeq 500,SRP339960,PRJNA768428,3,768428,SRS10443365,SAMN22044720,simple,9606,Homo sapiens,GSM5609609,,,,,,,no,,,,,"ANGELA WU LAB, LIFS, HKUST",SRA1305581,,public,A94CA8CCEC9D7B46F299E1FA959002A1,969C6C67E51132A70EE41DBC974FBC16,HCT116 scONEseq 089,HCT116 cell line,other,transcriptomic,OTHER,HCT116 single cell 185,GPL18573,Illumina NextSeq 500
421,SRR16195170,12/31/22 0:17,10/4/21 17:05,135115,19319666,135115,142,8,,https://sra-downloadb.be-md.ncbi.nlm.nih.gov/sos8/sra-pub-zq-818/SRR016/16195/SRR16195170/SRR16195170.lite.1,SRX12479815,GSM5609610,OTHER,other,TRANSCRIPTOMIC,PAIRED,0,0,ILLUMINA,NextSeq 500,SRP339960,PRJNA768428,3,768428,SRS10443366,SAMN22044719,simple,9606,Homo sapiens,GSM5609610,,,,,,,no,,,,,"ANGELA WU LAB, LIFS, HKUST",SRA1305581,,public,76A715186426AF5F5428C158D5C5398A,EF359A53EC07D18E9B2681513C18AD3E,HCT116 scONEseq 090,HCT116 cell line,other,transcriptomic,OTHER,HCT116 single cell 186,GPL18573,Illumina NextSeq 500
422,SRR16195169,12/31/22 0:17,10/4/21 17:06,3168552,453850378,3168552,143,183,,https://sra-downloadb.be-md.ncbi.nlm.nih.gov/sos8/sra-pub-zq-818/SRR016/16195/SRR16195169/SRR16195169.lite.1,SRX12479816,GSM5609611,OTHER,other,TRANSCRIPTOMIC,PAIRED,0,0,ILLUMINA,NextSeq 500,SRP339960,PRJNA768428,3,768428,SRS10443367,SAMN22044718,simple,9606,Homo sapiens,GSM5609611,,,,,,,no,,,,,"ANGELA WU LAB, LIFS, HKUST",SRA1305581,,public,6F6F73526C6EAE61B7F8A6A072C8449F,36BFB68182C9AB8507C6BFC715501152,HCT116 scONEseq 091,HCT116 cell line,other,transcriptomic,OTHER,HCT116 single cell 187,GPL18573,Illumina NextSeq 500
423,SRR16195168,12/31/22 0:17,10/4/21 17:05,1316140,188492195,1316140,143,76,,https://sra-downloadb.be-md.ncbi.nlm.nih.gov/sos8/sra-pub-zq-818/SRR016/16195/SRR16195168/SRR16195168.lite.1,SRX12479817,GSM5609612,OTHER,other,TRANSCRIPTOMIC,PAIRED,0,0,ILLUMINA,NextSeq 500,SRP339960,PRJNA768428,3,768428,SRS10443368,SAMN22044717,simple,9606,Homo sapiens,GSM5609612,,,,,,,no,,,,,"ANGELA WU LAB, LIFS, HKUST",SRA1305581,,public,07F548BD223ECB3F660D83EA46463502,214C30C546932B813B9CF340C18D587A,HCT116 scONEseq 092,HCT116 cell line,other,transcriptomic,OTHER,HCT116 single cell 188,GPL18573,Illumina NextSeq 500
424,SRR16195167,12/31/22 0:17,10/4/21 17:05,1363485,195277073,1363485,143,79,,https://sra-downloadb.be-md.ncbi.nlm.nih.gov/sos8/sra-pub-zq-818/SRR016/16195/SRR16195167/SRR16195167.lite.1,SRX12479818,GSM5609613,OTHER,other,TRANSCRIPTOMIC,PAIRED,0,0,ILLUMINA,NextSeq 500,SRP339960,PRJNA768428,3,768428,SRS10443369,SAMN22044716,simple,9606,Homo sapiens,GSM5609613,,,,,,,no,,,,,"ANGELA WU LAB, LIFS, HKUST",SRA1305581,,public,5AD535A5B29752AA403EA71768492939,4CB537A65A0E80EDF8097EE8E830061A,HCT116 scONEseq 093,HCT116 cell line,other,transcriptomic,OTHER,HCT116 single cell 189,GPL18573,Illumina NextSeq 500
425,SRR16195166,12/31/22 0:17,10/4/21 17:05,199144,28464760,199144,142,11,,https://sra-downloadb.be-md.ncbi.nlm.nih.gov/sos8/sra-pub-zq-818/SRR016/16195/SRR16195166/SRR16195166.lite.1,SRX12479819,GSM5609614,OTHER,other,TRANSCRIPTOMIC,PAIRED,0,0,ILLUMINA,NextSeq 500,SRP339960,PRJNA768428,3,768428,SRS10443370,SAMN22044715,simple,9606,Homo sapiens,GSM5609614,,,,,,,no,,,,,"ANGELA WU LAB, LIFS, HKUST",SRA1305581,,public,67235EB2CA7797BE0C1D8B8D0AAD7B6F,A5A493989A61095D050446F635D56D48,HCT116 scONEseq 094,HCT116 cell line,other,transcriptomic,OTHER,HCT116 single cell 190,GPL18573,Illumina NextSeq 500
426,SRR16195165,12/31/22 0:17,10/4/21 17:05,778719,111517285,778719,143,45,,https://sra-downloadb.be-md.ncbi.nlm.nih.gov/sos8/sra-pub-zq-818/SRR016/16195/SRR16195165/SRR16195165.lite.1,SRX12479820,GSM5609615,OTHER,other,TRANSCRIPTOMIC,PAIRED,0,0,ILLUMINA,NextSeq 500,SRP339960,PRJNA768428,3,768428,SRS10443371,SAMN22044714,simple,9606,Homo sapiens,GSM5609615,,,,,,,no,,,,,"ANGELA WU LAB, LIFS, HKUST",SRA1305581,,public,623617EB1A5E35D0D2495A03CED61CFA,33A95E3F2AD66FA6D37A2B302550A43E,HCT116 scONEseq 095,HCT116 cell line,other,transcriptomic,OTHER,HCT116 single cell 191,GPL18573,Illumina NextSeq 500
427,SRR16195164,12/31/22 0:17,10/4/21 17:05,1266618,181394071,1266618,143,73,,https://sra-downloadb.be-md.ncbi.nlm.nih.gov/sos8/sra-pub-zq-818/SRR016/16195/SRR16195164/SRR16195164.lite.1,SRX12479821,GSM5609616,OTHER,other,TRANSCRIPTOMIC,PAIRED,0,0,ILLUMINA,NextSeq 500,SRP339960,PRJNA768428,3,768428,SRS10443372,SAMN22044713,simple,9606,Homo sapiens,GSM5609616,,,,,,,no,,,,,"ANGELA WU LAB, LIFS, HKUST",SRA1305581,,public,C316D224A37CD4BEF5AFEA520ACDEB97,C720BEAD72A68D9E1D081C6F87CEF7C2,HCT116 scONEseq 096,HCT116 cell line,other,transcriptomic,OTHER,HCT116 single cell 192,GPL18573,Illumina NextSeq 500
428,SRR16195163,12/31/22 0:17,10/4/21 17:05,1466284,210046042,1466284,143,84,,https://sra-downloadb.be-md.ncbi.nlm.nih.gov/sos8/sra-pub-zq-818/SRR016/16195/SRR16195163/SRR16195163.lite.1,SRX12479822,GSM5609617,OTHER,other,TRANSCRIPTOMIC,PAIRED,0,0,ILLUMINA,NextSeq 500,SRP339960,PRJNA768428,3,768428,SRS10443373,SAMN22044712,simple,9606,Homo sapiens,GSM5609617,,,,,,,no,,,,,"ANGELA WU LAB, LIFS, HKUST",SRA1305581,,public,F934FF730FC90690FBFFCF2A4A508678,54BF86C43AC3EEA7505B73EA0D20F6A9,HCT116 scONEseq 097,HCT116 cell line,other,transcriptomic,OTHER,HCT116 single cell 193,GPL18573,Illumina NextSeq 500
429,SRR16195162,12/31/22 0:17,10/4/21 17:05,1602864,229577065,1602864,143,92,,https://sra-downloadb.be-md.ncbi.nlm.nih.gov/sos8/sra-pub-zq-818/SRR016/16195/SRR16195162/SRR16195162.lite.1,SRX12479823,GSM5609618,OTHER,other,TRANSCRIPTOMIC,PAIRED,0,0,ILLUMINA,NextSeq 500,SRP339960,PRJNA768428,3,768428,SRS10443374,SAMN22044711,simple,9606,Homo sapiens,GSM5609618,,,,,,,no,,,,,"ANGELA WU LAB, LIFS, HKUST",SRA1305581,,public,49A6FB18E0E502077123DB7895A1B6A4,1B426393D65C584EF59959C8DD491ABA,HCT116 scONEseq 098,HCT116 cell line,other,transcriptomic,OTHER,HCT116 single cell 194,GPL18573,Illumina NextSeq 500
430,SRR16195161,12/31/22 0:17,10/4/21 17:05,1328981,190373099,1328981,143,76,,https://sra-downloadb.be-md.ncbi.nlm.nih.gov/sos8/sra-pub-zq-820/SRR016/16195/SRR16195161/SRR16195161.lite.1,SRX12479824,GSM5609619,OTHER,other,TRANSCRIPTOMIC,PAIRED,0,0,ILLUMINA,NextSeq 500,SRP339960,PRJNA768428,3,768428,SRS10443375,SAMN22044710,simple,9606,Homo sapiens,GSM5609619,,,,,,,no,,,,,"ANGELA WU LAB, LIFS, HKUST",SRA1305581,,public,9996BC8EC1F0D1F538BDD2B0478CA339,DE9FE48300A04D0727A7A828972187FD,HUVEC+H9 scONEseq 001,HUVEC+H9 cell line co-culture,other,transcriptomic,OTHER,Normal single cell 001,GPL18573,Illumina NextSeq 500
431,SRR22047574,12/31/22 0:27,10/26/22 17:17,877745,173654857,877745,197,111,,https://sra-downloadb.be-md.ncbi.nlm.nih.gov/sos4/sra-pub-zq-3/SRR022/22047/SRR22047574/SRR22047574.lite.1,SRX18028467,GSM6682928,OTHER,other,TRANSCRIPTOMIC,PAIRED,0,0,DNBSEQ,DNBSEQ-G400,SRP339960,PRJNA768428,3,768428,SRS15535564,SAMN31460932,simple,9606,Homo sapiens,GSM6682928,,,,,,,no,,,,,"ANGELA WU LAB, LIFS, HKUST",SRA1527675,,public,48FFAD042C7A651FB8EF9E0E7CC72B29,A5098313C6489B919D0AB1F063717E6B,"HCT116, live whole cell, cell 002",cell line: HCT-116,other,transcriptomic,OTHER,"HCT116, live whole cell, cell 002",GPL28038,DNBSEQ-G400
432,SRR22047575,12/31/22 0:27,10/26/22 17:19,2350902,465133329,2350902,197,297,,https://sra-downloadb.be-md.ncbi.nlm.nih.gov/sos4/sra-pub-zq-3/SRR022/22047/SRR22047575/SRR22047575.lite.1,SRX18028466,GSM6682926,OTHER,other,TRANSCRIPTOMIC,PAIRED,0,0,DNBSEQ,DNBSEQ-G400,SRP339960,PRJNA768428,3,768428,SRS15535565,SAMN31460933,simple,9606,Homo sapiens,GSM6682926,,,,,,,no,,,,,"ANGELA WU LAB, LIFS, HKUST",SRA1527675,,public,15AF53BBC30DFA75B0FBB81CB347C797,8D6012FCA1FD4B914210CA78D0E597F6,"HCT116, live whole cell, cell 001",cell line: HCT-116,other,transcriptomic,OTHER,"HCT116, live whole cell, cell 001",GPL28038,DNBSEQ-G400
433,SRR22047573,12/31/22 0:27,10/26/22 17:20,3145133,622243924,3145133,197,394,,https://sra-downloadb.be-md.ncbi.nlm.nih.gov/sos4/sra-pub-zq-3/SRR022/22047/SRR22047573/SRR22047573.lite.1,SRX18028468,GSM6682929,OTHER,other,TRANSCRIPTOMIC,PAIRED,0,0,DNBSEQ,DNBSEQ-G400,SRP339960,PRJNA768428,3,768428,SRS15535566,SAMN31460931,simple,9606,Homo sapiens,GSM6682929,,,,,,,no,,,,,"ANGELA WU LAB, LIFS, HKUST",SRA1527675,,public,847BF3A86334D56F2989A88F0CC79A15,77A2021C949FEA1717A8EFC28BE63CE3,"HCT116, live whole cell, cell 003",cell line: HCT-116,other,transcriptomic,OTHER,"HCT116, live whole cell, cell 003",GPL28038,DNBSEQ-G400
434,SRR22047572,12/31/22 0:27,10/26/22 17:16,1404140,277792651,1404140,197,179,,https://sra-downloadb.be-md.ncbi.nlm.nih.gov/sos4/sra-pub-zq-3/SRR022/22047/SRR22047572/SRR22047572.lite.1,SRX18028469,GSM6682930,OTHER,other,TRANSCRIPTOMIC,PAIRED,0,0,DNBSEQ,DNBSEQ-G400,SRP339960,PRJNA768428,3,768428,SRS15535567,SAMN31460930,simple,9606,Homo sapiens,GSM6682930,,,,,,,no,,,,,"ANGELA WU LAB, LIFS, HKUST",SRA1527675,,public,26091CCF384E86FAF9C6FA23A0D4635B,4F2E19F8A819D6D38CABE875AAAC8CFB,"HCT116, live whole cell, cell 004",cell line: HCT-116,other,transcriptomic,OTHER,"HCT116, live whole cell, cell 004",GPL28038,DNBSEQ-G400
435,SRR22047571,12/31/22 0:27,10/26/22 17:20,2906941,575151695,2906941,197,367,,https://sra-downloadb.be-md.ncbi.nlm.nih.gov/sos4/sra-pub-zq-3/SRR022/22047/SRR22047571/SRR22047571.lite.1,SRX18028470,GSM6682965,OTHER,other,TRANSCRIPTOMIC,PAIRED,0,0,DNBSEQ,DNBSEQ-G400,SRP339960,PRJNA768428,3,768428,SRS15535568,SAMN31460897,simple,9606,Homo sapiens,GSM6682965,,,,,,,no,,,,,"ANGELA WU LAB, LIFS, HKUST",SRA1527675,,public,698365B0AE4A3BD92422DE77124DAA09,85F1AA75ED22C4498BA2AB2674F0C796,"HCT116, live whole cell, cell 037",cell line: HCT-116,other,transcriptomic,OTHER,"HCT116, live whole cell, cell 037",GPL28038,DNBSEQ-G400
436,SRR22047570,12/31/22 0:27,10/26/22 17:18,1742390,344722447,1742390,197,223,,https://sra-downloadb.be-md.ncbi.nlm.nih.gov/sos4/sra-pub-zq-3/SRR022/22047/SRR22047570/SRR22047570.lite.1,SRX18028471,GSM6682966,OTHER,other,TRANSCRIPTOMIC,PAIRED,0,0,DNBSEQ,DNBSEQ-G400,SRP339960,PRJNA768428,3,768428,SRS15535569,SAMN31460896,simple,9606,Homo sapiens,GSM6682966,,,,,,,no,,,,,"ANGELA WU LAB, LIFS, HKUST",SRA1527675,,public,EB134DA8870B8EAAA0BB9A7B98FECEAF,42F28D86E4E36719AD18A629461C3687,"HCT116, live whole cell, cell 038",cell line: HCT-116,other,transcriptomic,OTHER,"HCT116, live whole cell, cell 038",GPL28038,DNBSEQ-G400
437,SRR22047569,12/31/22 0:27,10/26/22 17:19,2371252,469134527,2371252,197,301,,https://sra-downloadb.be-md.ncbi.nlm.nih.gov/sos4/sra-pub-zq-3/SRR022/22047/SRR22047569/SRR22047569.lite.1,SRX18028472,GSM6682967,OTHER,other,TRANSCRIPTOMIC,PAIRED,0,0,DNBSEQ,DNBSEQ-G400,SRP339960,PRJNA768428,3,768428,SRS15535570,SAMN31460895,simple,9606,Homo sapiens,GSM6682967,,,,,,,no,,,,,"ANGELA WU LAB, LIFS, HKUST",SRA1527675,,public,A087E143AC2E856B99BFE979AB6129E5,35D164BB5711CFCD5B3581684E566EA2,"HCT116, live whole cell, cell 039",cell line: HCT-116,other,transcriptomic,OTHER,"HCT116, live whole cell, cell 039",GPL28038,DNBSEQ-G400
438,SRR22047568,12/31/22 0:27,10/26/22 17:19,2373832,469659203,2373832,197,301,,https://sra-downloadb.be-md.ncbi.nlm.nih.gov/sos4/sra-pub-zq-3/SRR022/22047/SRR22047568/SRR22047568.lite.1,SRX18028473,GSM6682968,OTHER,other,TRANSCRIPTOMIC,PAIRED,0,0,DNBSEQ,DNBSEQ-G400,SRP339960,PRJNA768428,3,768428,SRS15535571,SAMN31460894,simple,9606,Homo sapiens,GSM6682968,,,,,,,no,,,,,"ANGELA WU LAB, LIFS, HKUST",SRA1527675,,public,D41F44156B2C546E9802CEC3C4819A07,66633A66AD3595872501DFB0526B2C2D,"HCT116, live whole cell, cell 040",cell line: HCT-116,other,transcriptomic,OTHER,"HCT116, live whole cell, cell 040",GPL28038,DNBSEQ-G400
439,SRR22047567,12/31/22 0:27,10/26/22 17:19,2570050,508496889,2570050,197,323,,https://sra-downloadb.be-md.ncbi.nlm.nih.gov/sos4/sra-pub-zq-3/SRR022/22047/SRR22047567/SRR22047567.lite.1,SRX18028474,GSM6682969,OTHER,other,TRANSCRIPTOMIC,PAIRED,0,0,DNBSEQ,DNBSEQ-G400,SRP339960,PRJNA768428,3,768428,SRS15535572,SAMN31460893,simple,9606,Homo sapiens,GSM6682969,,,,,,,no,,,,,"ANGELA WU LAB, LIFS, HKUST",SRA1527675,,public,CD042BA6A101796A0E2A579BD5EFA297,7234690FDB68C2B8195C493B4F6F7ED8,"HCT116, live whole cell, cell 041",cell line: HCT-116,other,transcriptomic,OTHER,"HCT116, live whole cell, cell 041",GPL28038,DNBSEQ-G400
440,SRR22047566,12/31/22 0:27,10/26/22 17:11,417086,82517389,417086,197,52,,https://sra-downloadb.be-md.ncbi.nlm.nih.gov/sos4/sra-pub-zq-3/SRR022/22047/SRR22047566/SRR22047566.lite.1,SRX18028475,GSM6682970,OTHER,other,TRANSCRIPTOMIC,PAIRED,0,0,DNBSEQ,DNBSEQ-G400,SRP339960,PRJNA768428,3,768428,SRS15535573,SAMN31460892,simple,9606,Homo sapiens,GSM6682970,,,,,,,no,,,,,"ANGELA WU LAB, LIFS, HKUST",SRA1527675,,public,42A1F69818C643CC61F1B4D5C6074306,87FD0E832F4347B0B22CA46DB8F81522,"HCT116, live whole cell, cell 042",cell line: HCT-116,other,transcriptomic,OTHER,"HCT116, live whole cell, cell 042",GPL28038,DNBSEQ-G400
441,SRR22047565,12/31/22 0:27,10/26/22 17:15,2955208,584690218,2955208,197,369,,https://sra-downloadb.be-md.ncbi.nlm.nih.gov/sos4/sra-pub-zq-3/SRR022/22047/SRR22047565/SRR22047565.lite.1,SRX18028476,GSM6682971,OTHER,other,TRANSCRIPTOMIC,PAIRED,0,0,DNBSEQ,DNBSEQ-G400,SRP339960,PRJNA768428,3,768428,SRS15535574,SAMN31460891,simple,9606,Homo sapiens,GSM6682971,,,,,,,no,,,,,"ANGELA WU LAB, LIFS, HKUST",SRA1527675,,public,7E4780A593F725992CABC823EC5CAA2A,0EB200315E30B87D1FD1DF3105D00BD5,"HCT116, live whole cell, cell 043",cell line: HCT-116,other,transcriptomic,OTHER,"HCT116, live whole cell, cell 043",GPL28038,DNBSEQ-G400
442,SRR22047564,12/31/22 0:27,10/26/22 17:17,1148749,227284051,1148749,197,145,,https://sra-downloadb.be-md.ncbi.nlm.nih.gov/sos4/sra-pub-zq-3/SRR022/22047/SRR22047564/SRR22047564.lite.1,SRX18028477,GSM6682972,OTHER,other,TRANSCRIPTOMIC,PAIRED,0,0,DNBSEQ,DNBSEQ-G400,SRP339960,PRJNA768428,3,768428,SRS15535575,SAMN31460890,simple,9606,Homo sapiens,GSM6682972,,,,,,,no,,,,,"ANGELA WU LAB, LIFS, HKUST",SRA1527675,,public,9B6D46727ED69B7701AAC7874163D13A,7A72201EF7458412DD370BA5E18CC64E,"HCT116, live whole cell, cell 044",cell line: HCT-116,other,transcriptomic,OTHER,"HCT116, live whole cell, cell 044",GPL28038,DNBSEQ-G400
443,SRR22047563,12/31/22 0:27,10/26/22 17:15,3295962,652077338,3295962,197,411,,https://sra-downloadb.be-md.ncbi.nlm.nih.gov/sos4/sra-pub-zq-3/SRR022/22047/SRR22047563/SRR22047563.lite.1,SRX18028478,GSM6682973,OTHER,other,TRANSCRIPTOMIC,PAIRED,0,0,DNBSEQ,DNBSEQ-G400,SRP339960,PRJNA768428,3,768428,SRS15535576,SAMN31460889,simple,9606,Homo sapiens,GSM6682973,,,,,,,no,,,,,"ANGELA WU LAB, LIFS, HKUST",SRA1527675,,public,6A3EC4F9F1F29140E16322823525EED3,F2A2F809F7EF025561EEAA273AA78209,"HCT116, live whole cell, cell 045",cell line: HCT-116,other,transcriptomic,OTHER,"HCT116, live whole cell, cell 045",GPL28038,DNBSEQ-G400
444,SRR22047562,12/31/22 0:27,10/26/22 17:11,975519,192992886,975519,197,121,,https://sra-downloadb.be-md.ncbi.nlm.nih.gov/sos4/sra-pub-zq-3/SRR022/22047/SRR22047562/SRR22047562.lite.1,SRX18028479,GSM6682975,OTHER,other,TRANSCRIPTOMIC,PAIRED,0,0,DNBSEQ,DNBSEQ-G400,SRP339960,PRJNA768428,3,768428,SRS15535577,SAMN31460888,simple,9606,Homo sapiens,GSM6682975,,,,,,,no,,,,,"ANGELA WU LAB, LIFS, HKUST",SRA1527675,,public,B8FD7365C231A8852B04567D7E72AC24,CBF2DE562B5FB9E47811DE02F024565A,"HCT116, live whole cell, cell 046",cell line: HCT-116,other,transcriptomic,OTHER,"HCT116, live whole cell, cell 046",GPL28038,DNBSEQ-G400
445,SRR22047561,12/31/22 0:27,10/26/22 17:16,3667143,725533547,3667143,197,460,,https://sra-downloadb.be-md.ncbi.nlm.nih.gov/sos4/sra-pub-zq-3/SRR022/22047/SRR22047561/SRR22047561.lite.1,SRX18028480,GSM6682976,OTHER,other,TRANSCRIPTOMIC,PAIRED,0,0,DNBSEQ,DNBSEQ-G400,SRP339960,PRJNA768428,3,768428,SRS15535578,SAMN31460887,simple,9606,Homo sapiens,GSM6682976,,,,,,,no,,,,,"ANGELA WU LAB, LIFS, HKUST",SRA1527675,,public,9609362B67A450D5A864680773A01E2D,6939590CFE322F3BF77BC4511D732052,"HCT116, live whole cell, cell 047",cell line: HCT-116,other,transcriptomic,OTHER,"HCT116, live whole cell, cell 047",GPL28038,DNBSEQ-G400
446,SRR22047560,12/31/22 0:27,10/26/22 17:19,2270062,449124606,2270062,197,284,,https://sra-downloadb.be-md.ncbi.nlm.nih.gov/sos4/sra-pub-zq-3/SRR022/22047/SRR22047560/SRR22047560.lite.1,SRX18028481,GSM6682977,OTHER,other,TRANSCRIPTOMIC,PAIRED,0,0,DNBSEQ,DNBSEQ-G400,SRP339960,PRJNA768428,3,768428,SRS15535579,SAMN31460886,simple,9606,Homo sapiens,GSM6682977,,,,,,,no,,,,,"ANGELA WU LAB, LIFS, HKUST",SRA1527675,,public,291911556115ED8F785221E116838950,F18C0846E3A8D24382AB1250D42C2008,"HCT116, live whole cell, cell 048",cell line: HCT-116,other,transcriptomic,OTHER,"HCT116, live whole cell, cell 048",GPL28038,DNBSEQ-G400
447,SRR22047559,12/31/22 0:27,10/26/22 17:19,2417557,478326049,2417557,197,306,,https://sra-downloadb.be-md.ncbi.nlm.nih.gov/sos4/sra-pub-zq-3/SRR022/22047/SRR22047559/SRR22047559.lite.1,SRX18028482,GSM6682978,OTHER,other,TRANSCRIPTOMIC,PAIRED,0,0,DNBSEQ,DNBSEQ-G400,SRP339960,PRJNA768428,3,768428,SRS15535580,SAMN31460885,simple,9606,Homo sapiens,GSM6682978,,,,,,,no,,,,,"ANGELA WU LAB, LIFS, HKUST",SRA1527675,,public,6686EBB84FACAE094CFD48C68D55C9AB,6239E38D187EFF21F85E50744F6C25A0,"HCT116, live whole cell, cell 049",cell line: HCT-116,other,transcriptomic,OTHER,"HCT116, live whole cell, cell 049",GPL28038,DNBSEQ-G400
448,SRR22047558,12/31/22 0:27,10/26/22 17:10,129976,25712505,129976,197,16,,https://sra-downloadb.be-md.ncbi.nlm.nih.gov/sos4/sra-pub-zq-3/SRR022/22047/SRR22047558/SRR22047558.lite.1,SRX18028483,GSM6682979,OTHER,other,TRANSCRIPTOMIC,PAIRED,0,0,DNBSEQ,DNBSEQ-G400,SRP339960,PRJNA768428,3,768428,SRS15535581,SAMN31460884,simple,9606,Homo sapiens,GSM6682979,,,,,,,no,,,,,"ANGELA WU LAB, LIFS, HKUST",SRA1527675,,public,3E0BE6C3C5EEE7D0864E22A6A0219E75,7A185733131C1919066B969EDB3DD2D8,"HCT116, live whole cell, cell 050",cell line: HCT-116,other,transcriptomic,OTHER,"HCT116, live whole cell, cell 050",GPL28038,DNBSEQ-G400
449,SRR22047557,12/31/22 0:27,10/26/22 17:11,481982,95352241,481982,197,59,,https://sra-downloadb.be-md.ncbi.nlm.nih.gov/sos4/sra-pub-zq-3/SRR022/22047/SRR22047557/SRR22047557.lite.1,SRX18028484,GSM6682980,OTHER,other,TRANSCRIPTOMIC,PAIRED,0,0,DNBSEQ,DNBSEQ-G400,SRP339960,PRJNA768428,3,768428,SRS15535582,SAMN31460883,simple,9606,Homo sapiens,GSM6682980,,,,,,,no,,,,,"ANGELA WU LAB, LIFS, HKUST",SRA1527675,,public,03A396B0F9800C846155AB380B595354,45E2E1EC31E96C06B01F1E8AA1B58481,"HCT116, live whole cell, cell 051",cell line: HCT-116,other,transcriptomic,OTHER,"HCT116, live whole cell, cell 051",GPL28038,DNBSEQ-G400
450,SRR22047556,12/31/22 0:27,10/26/22 17:16,697289,137947503,697289,197,88,,https://sra-downloadb.be-md.ncbi.nlm.nih.gov/sos4/sra-pub-zq-3/SRR022/22047/SRR22047556/SRR22047556.lite.1,SRX18028485,GSM6682981,OTHER,other,TRANSCRIPTOMIC,PAIRED,0,0,DNBSEQ,DNBSEQ-G400,SRP339960,PRJNA768428,3,768428,SRS15535583,SAMN31460882,simple,9606,Homo sapiens,GSM6682981,,,,,,,no,,,,,"ANGELA WU LAB, LIFS, HKUST",SRA1527675,,public,7A7A9E47A7FE87C5C28528B0CCB45A6D,68AA8484AF0D7483E6135A0BFC53921C,"HCT116, live whole cell, cell 052",cell line: HCT-116,other,transcriptomic,OTHER,"HCT116, live whole cell, cell 052",GPL28038,DNBSEQ-G400
451,SRR22047555,12/31/22 0:27,10/26/22 17:17,1368907,270823881,1368907,197,171,,https://sra-downloadb.be-md.ncbi.nlm.nih.gov/sos4/sra-pub-zq-3/SRR022/22047/SRR22047555/SRR22047555.lite.1,SRX18028486,GSM6682982,OTHER,other,TRANSCRIPTOMIC,PAIRED,0,0,DNBSEQ,DNBSEQ-G400,SRP339960,PRJNA768428,3,768428,SRS15535584,SAMN31460881,simple,9606,Homo sapiens,GSM6682982,,,,,,,no,,,,,"ANGELA WU LAB, LIFS, HKUST",SRA1527675,,public,60BBF7393365F15019FC7ECBFAA9E711,C699564A3DDB750868AC8CD829916B82,"HCT116, live whole cell, cell 053",cell line: HCT-116,other,transcriptomic,OTHER,"HCT116, live whole cell, cell 053",GPL28038,DNBSEQ-G400
452,SRR22047554,12/31/22 0:27,10/26/22 17:12,1061663,210047333,1061663,197,133,,https://sra-downloadb.be-md.ncbi.nlm.nih.gov/sos4/sra-pub-zq-3/SRR022/22047/SRR22047554/SRR22047554.lite.1,SRX18028487,GSM6682983,OTHER,other,TRANSCRIPTOMIC,PAIRED,0,0,DNBSEQ,DNBSEQ-G400,SRP339960,PRJNA768428,3,768428,SRS15535585,SAMN31460880,simple,9606,Homo sapiens,GSM6682983,,,,,,,no,,,,,"ANGELA WU LAB, LIFS, HKUST",SRA1527675,,public,636369CC2992F9E116E1EEC33CD9E732,711AD1444B9E14EAC3B3ED16CCC7DF4E,"HCT116, live whole cell, cell 054",cell line: HCT-116,other,transcriptomic,OTHER,"HCT116, live whole cell, cell 054",GPL28038,DNBSEQ-G400
453,SRR22047553,12/31/22 0:27,10/26/22 17:15,2389865,472814873,2389865,197,302,,https://sra-downloadb.be-md.ncbi.nlm.nih.gov/sos4/sra-pub-zq-3/SRR022/22047/SRR22047553/SRR22047553.lite.1,SRX18028488,GSM6682984,OTHER,other,TRANSCRIPTOMIC,PAIRED,0,0,DNBSEQ,DNBSEQ-G400,SRP339960,PRJNA768428,3,768428,SRS15535586,SAMN31460879,simple,9606,Homo sapiens,GSM6682984,,,,,,,no,,,,,"ANGELA WU LAB, LIFS, HKUST",SRA1527675,,public,71F4EB79865CA521AE45C1251F486413,9855CF108CBEB56751C4E0B6A47E988A,"HCT116, live whole cell, cell 055",cell line: HCT-116,other,transcriptomic,OTHER,"HCT116, live whole cell, cell 055",GPL28038,DNBSEQ-G400
454,SRR22047552,12/31/22 0:27,10/26/22 17:18,1768497,349898693,1768497,197,224,,https://sra-downloadb.be-md.ncbi.nlm.nih.gov/sos4/sra-pub-zq-3/SRR022/22047/SRR22047552/SRR22047552.lite.1,SRX18028489,GSM6682985,OTHER,other,TRANSCRIPTOMIC,PAIRED,0,0,DNBSEQ,DNBSEQ-G400,SRP339960,PRJNA768428,3,768428,SRS15535592,SAMN31460878,simple,9606,Homo sapiens,GSM6682985,,,,,,,no,,,,,"ANGELA WU LAB, LIFS, HKUST",SRA1527675,,public,9CECF141531397CDC21E9A366700691B,AD3880325AA1DAF416812C41506072AF,"HCT116, live whole cell, cell 056",cell line: HCT-116,other,transcriptomic,OTHER,"HCT116, live whole cell, cell 056",GPL28038,DNBSEQ-G400
455,SRR22047551,12/31/22 0:27,10/26/22 17:15,2814183,556779490,2814183,197,352,,https://sra-downloadb.be-md.ncbi.nlm.nih.gov/sos4/sra-pub-zq-3/SRR022/22047/SRR22047551/SRR22047551.lite.1,SRX18028490,GSM6682986,OTHER,other,TRANSCRIPTOMIC,PAIRED,0,0,DNBSEQ,DNBSEQ-G400,SRP339960,PRJNA768428,3,768428,SRS15535587,SAMN31460877,simple,9606,Homo sapiens,GSM6682986,,,,,,,no,,,,,"ANGELA WU LAB, LIFS, HKUST",SRA1527675,,public,7127CB54D307E9DB69C8D4F13528644C,E46C8502FFC8B659DCE018B4786E898D,"HCT116, live whole cell, cell 057",cell line: HCT-116,other,transcriptomic,OTHER,"HCT116, live whole cell, cell 057",GPL28038,DNBSEQ-G400
456,SRR22047550,12/31/22 0:27,10/26/22 17:11,429422,84959772,429422,197,54,,https://sra-downloadb.be-md.ncbi.nlm.nih.gov/sos4/sra-pub-zq-3/SRR022/22047/SRR22047550/SRR22047550.lite.1,SRX18028491,GSM6682987,OTHER,other,TRANSCRIPTOMIC,PAIRED,0,0,DNBSEQ,DNBSEQ-G400,SRP339960,PRJNA768428,3,768428,SRS15535588,SAMN31460876,simple,9606,Homo sapiens,GSM6682987,,,,,,,no,,,,,"ANGELA WU LAB, LIFS, HKUST",SRA1527675,,public,ECF44AC0BF2E0C3D72C099D9E0632A05,07A91DD5AA312DB03F0758B3321EBC8B,"HCT116, live whole cell, cell 058",cell line: HCT-116,other,transcriptomic,OTHER,"HCT116, live whole cell, cell 058",GPL28038,DNBSEQ-G400
457,SRR22047549,12/31/22 0:27,10/26/22 17:18,2340937,463147830,2340937,197,292,,https://sra-downloadb.be-md.ncbi.nlm.nih.gov/sos4/sra-pub-zq-3/SRR022/22047/SRR22047549/SRR22047549.lite.1,SRX18028492,GSM6682988,OTHER,other,TRANSCRIPTOMIC,PAIRED,0,0,DNBSEQ,DNBSEQ-G400,SRP339960,PRJNA768428,3,768428,SRS15535589,SAMN31460875,simple,9606,Homo sapiens,GSM6682988,,,,,,,no,,,,,"ANGELA WU LAB, LIFS, HKUST",SRA1527675,,public,AE54C2130F0BD14F011487D66C856711,0C66D5255F9E762E53B1A0810FB619F6,"HCT116, live whole cell, cell 059",cell line: HCT-116,other,transcriptomic,OTHER,"HCT116, live whole cell, cell 059",GPL28038,DNBSEQ-G400
458,SRR22047548,12/31/22 0:27,10/26/22 17:16,921657,182352386,921657,197,116,,https://sra-downloadb.be-md.ncbi.nlm.nih.gov/sos4/sra-pub-zq-3/SRR022/22047/SRR22047548/SRR22047548.lite.1,SRX18028493,GSM6682989,OTHER,other,TRANSCRIPTOMIC,PAIRED,0,0,DNBSEQ,DNBSEQ-G400,SRP339960,PRJNA768428,3,768428,SRS15535590,SAMN31460874,simple,9606,Homo sapiens,GSM6682989,,,,,,,no,,,,,"ANGELA WU LAB, LIFS, HKUST",SRA1527675,,public,79234C6D5947E344E9F13D53F6578B78,8D01E133ED23ACDCC892545D6A4B2A68,"HCT116, live whole cell, cell 060",cell line: HCT-116,other,transcriptomic,OTHER,"HCT116, live whole cell, cell 060",GPL28038,DNBSEQ-G400
459,SRR22047547,12/31/22 0:27,10/26/22 17:16,682678,135052216,682678,197,84,,https://sra-downloadb.be-md.ncbi.nlm.nih.gov/sos4/sra-pub-zq-3/SRR022/22047/SRR22047547/SRR22047547.lite.1,SRX18028494,GSM6682990,OTHER,other,TRANSCRIPTOMIC,PAIRED,0,0,DNBSEQ,DNBSEQ-G400,SRP339960,PRJNA768428,3,768428,SRS15535591,SAMN31460873,simple,9606,Homo sapiens,GSM6682990,,,,,,,no,,,,,"ANGELA WU LAB, LIFS, HKUST",SRA1527675,,public,4B7468110BDE2F2D644660E8D3C66F1D,5D463052A49B36A8BE61AFF6135AEEE1,"HCT116, live whole cell, cell 061",cell line: HCT-116,other,transcriptomic,OTHER,"HCT116, live whole cell, cell 061",GPL28038,DNBSEQ-G400
460,SRR22047546,12/31/22 0:27,10/26/22 17:17,1477047,292229875,1477047,197,186,,https://sra-downloadb.be-md.ncbi.nlm.nih.gov/sos4/sra-pub-zq-3/SRR022/22047/SRR22047546/SRR22047546.lite.1,SRX18028495,GSM6682991,OTHER,other,TRANSCRIPTOMIC,PAIRED,0,0,DNBSEQ,DNBSEQ-G400,SRP339960,PRJNA768428,3,768428,SRS15535593,SAMN31460872,simple,9606,Homo sapiens,GSM6682991,,,,,,,no,,,,,"ANGELA WU LAB, LIFS, HKUST",SRA1527675,,public,1FAF943AC28B058D062B0E88658DBBAF,403B9FC02BF6203C8E68FFBF4E534AB2,"HCT116, live whole cell, cell 062",cell line: HCT-116,other,transcriptomic,OTHER,"HCT116, live whole cell, cell 062",GPL28038,DNBSEQ-G400
461,SRR22047545,12/31/22 0:27,10/26/22 17:14,2314903,458000854,2314903,197,290,,https://sra-downloadb.be-md.ncbi.nlm.nih.gov/sos4/sra-pub-zq-3/SRR022/22047/SRR22047545/SRR22047545.lite.1,SRX18028496,GSM6682993,OTHER,other,TRANSCRIPTOMIC,PAIRED,0,0,DNBSEQ,DNBSEQ-G400,SRP339960,PRJNA768428,3,768428,SRS15535594,SAMN31460871,simple,9606,Homo sapiens,GSM6682993,,,,,,,no,,,,,"ANGELA WU LAB, LIFS, HKUST",SRA1527675,,public,E9ABE8ECF93165D05354C55701B37FEA,F9CB2AC06694D2297015CAB996EC0C05,"HCT116, live whole cell, cell 063",cell line: HCT-116,other,transcriptomic,OTHER,"HCT116, live whole cell, cell 063",GPL28038,DNBSEQ-G400
462,SRR22047544,12/31/22 0:27,10/26/22 17:12,1993177,394352136,1993177,197,247,,https://sra-downloadb.be-md.ncbi.nlm.nih.gov/sos4/sra-pub-zq-3/SRR022/22047/SRR22047544/SRR22047544.lite.1,SRX18028497,GSM6682994,OTHER,other,TRANSCRIPTOMIC,PAIRED,0,0,DNBSEQ,DNBSEQ-G400,SRP339960,PRJNA768428,3,768428,SRS15535595,SAMN31460870,simple,9606,Homo sapiens,GSM6682994,,,,,,,no,,,,,"ANGELA WU LAB, LIFS, HKUST",SRA1527675,,public,906B2D9EDC2A08B7DE8032F4B4975C0D,2DFE327633104F4A3E098E620D17FA58,"HCT116, live whole cell, cell 064",cell line: HCT-116,other,transcriptomic,OTHER,"HCT116, live whole cell, cell 064",GPL28038,DNBSEQ-G400
463,SRR22047543,12/31/22 0:27,10/26/22 17:19,2609141,516197177,2609141,197,327,,https://sra-downloadb.be-md.ncbi.nlm.nih.gov/sos4/sra-pub-zq-3/SRR022/22047/SRR22047543/SRR22047543.lite.1,SRX18028498,GSM6682995,OTHER,other,TRANSCRIPTOMIC,PAIRED,0,0,DNBSEQ,DNBSEQ-G400,SRP339960,PRJNA768428,3,768428,SRS15535596,SAMN31460869,simple,9606,Homo sapiens,GSM6682995,,,,,,,no,,,,,"ANGELA WU LAB, LIFS, HKUST",SRA1527675,,public,C37A0C73782160F1C4CEE48450E9EF06,E4B28E0BF8F94140D7963275CF5C33F8,"HCT116, live whole cell, cell 065",cell line: HCT-116,other,transcriptomic,OTHER,"HCT116, live whole cell, cell 065",GPL28038,DNBSEQ-G400
464,SRR22047542,12/31/22 0:27,10/26/22 17:17,1164639,230421010,1164639,197,146,,https://sra-downloadb.be-md.ncbi.nlm.nih.gov/sos4/sra-pub-zq-3/SRR022/22047/SRR22047542/SRR22047542.lite.1,SRX18028499,GSM6682996,OTHER,other,TRANSCRIPTOMIC,PAIRED,0,0,DNBSEQ,DNBSEQ-G400,SRP339960,PRJNA768428,3,768428,SRS15535597,SAMN31460868,simple,9606,Homo sapiens,GSM6682996,,,,,,,no,,,,,"ANGELA WU LAB, LIFS, HKUST",SRA1527675,,public,65EAB0F3726659FC0D4FBA6FABC9ECC0,8D56826DAE7683C0D148C8208B79D54E,"HCT116, live whole cell, cell 066",cell line: HCT-116,other,transcriptomic,OTHER,"HCT116, live whole cell, cell 066",GPL28038,DNBSEQ-G400
465,SRR22047541,12/31/22 0:27,10/26/22 17:19,3300491,653000699,3300491,197,411,,https://sra-downloadb.be-md.ncbi.nlm.nih.gov/sos4/sra-pub-zq-3/SRR022/22047/SRR22047541/SRR22047541.lite.1,SRX18028500,GSM6682997,OTHER,other,TRANSCRIPTOMIC,PAIRED,0,0,DNBSEQ,DNBSEQ-G400,SRP339960,PRJNA768428,3,768428,SRS15535598,SAMN31460867,simple,9606,Homo sapiens,GSM6682997,,,,,,,no,,,,,"ANGELA WU LAB, LIFS, HKUST",SRA1527675,,public,F1E8EF6FAA428EA8AA9A767E1C96831D,072CF4ED5D9A84A67EB8F6002D63F24B,"HCT116, live whole cell, cell 067",cell line: HCT-116,other,transcriptomic,OTHER,"HCT116, live whole cell, cell 067",GPL28038,DNBSEQ-G400
466,SRR22047540,12/31/22 0:27,10/26/22 17:16,1466672,290178449,1466672,197,183,,https://sra-downloadb.be-md.ncbi.nlm.nih.gov/sos4/sra-pub-zq-3/SRR022/22047/SRR22047540/SRR22047540.lite.1,SRX18028501,GSM6682998,OTHER,other,TRANSCRIPTOMIC,PAIRED,0,0,DNBSEQ,DNBSEQ-G400,SRP339960,PRJNA768428,3,768428,SRS15535599,SAMN31460866,simple,9606,Homo sapiens,GSM6682998,,,,,,,no,,,,,"ANGELA WU LAB, LIFS, HKUST",SRA1527675,,public,C7F98F464F18F6D9DBE36A4FB80A4464,7812C3F74C4835938259FC5642E71A01,"HCT116, live whole cell, cell 068",cell line: HCT-116,other,transcriptomic,OTHER,"HCT116, live whole cell, cell 068",GPL28038,DNBSEQ-G400
467,SRR22047539,12/31/22 0:27,10/26/22 17:17,1405166,278025055,1405166,197,175,,https://sra-downloadb.be-md.ncbi.nlm.nih.gov/sos4/sra-pub-zq-3/SRR022/22047/SRR22047539/SRR22047539.lite.1,SRX18028502,GSM6683068,OTHER,other,TRANSCRIPTOMIC,PAIRED,0,0,DNBSEQ,DNBSEQ-G400,SRP339960,PRJNA768428,3,768428,SRS15535600,SAMN31460801,simple,9606,Homo sapiens,GSM6683068,,,,,,,no,,,,,"ANGELA WU LAB, LIFS, HKUST",SRA1527675,,public,A25B7C491EB14DA737E6D00171746C2D,1FCF8219E70903FBD91C6F0E084AC6DD,"HCT116, extracted nuclei, cell 041",cell line: HCT-116,other,transcriptomic,OTHER,"HCT116, extracted nuclei, cell 041",GPL28038,DNBSEQ-G400
468,SRR22047538,12/31/22 0:27,10/26/22 17:17,1735874,343454306,1735874,197,219,,https://sra-downloadb.be-md.ncbi.nlm.nih.gov/sos4/sra-pub-zq-3/SRR022/22047/SRR22047538/SRR22047538.lite.1,SRX18028503,GSM6683069,OTHER,other,TRANSCRIPTOMIC,PAIRED,0,0,DNBSEQ,DNBSEQ-G400,SRP339960,PRJNA768428,3,768428,SRS15535602,SAMN31460800,simple,9606,Homo sapiens,GSM6683069,,,,,,,no,,,,,"ANGELA WU LAB, LIFS, HKUST",SRA1527675,,public,7470B946A36EBB32344E67BC4D1C0EA2,A9E015779D4F1ADEB565052B1CE48656,"HCT116, extracted nuclei, cell 042",cell line: HCT-116,other,transcriptomic,OTHER,"HCT116, extracted nuclei, cell 042",GPL28038,DNBSEQ-G400
469,SRR22047537,12/31/22 0:27,10/26/22 17:15,3394280,671545450,3394280,197,427,,https://sra-downloadb.be-md.ncbi.nlm.nih.gov/sos4/sra-pub-zq-3/SRR022/22047/SRR22047537/SRR22047537.lite.1,SRX18028504,GSM6683070,OTHER,other,TRANSCRIPTOMIC,PAIRED,0,0,DNBSEQ,DNBSEQ-G400,SRP339960,PRJNA768428,3,768428,SRS15535601,SAMN31460799,simple,9606,Homo sapiens,GSM6683070,,,,,,,no,,,,,"ANGELA WU LAB, LIFS, HKUST",SRA1527675,,public,2F0C8C4D92935BF658C7A88D4732F236,C17F3CCA656270CE714A9802AC6DDDB7,"HCT116, extracted nuclei, cell 043",cell line: HCT-116,other,transcriptomic,OTHER,"HCT116, extracted nuclei, cell 043",GPL28038,DNBSEQ-G400
470,SRR22047535,12/31/22 0:27,10/26/22 17:10,283486,56081121,283486,197,34,,https://sra-downloadb.be-md.ncbi.nlm.nih.gov/sos4/sra-pub-zq-3/SRR022/22047/SRR22047535/SRR22047535.lite.1,SRX18028506,GSM6683072,OTHER,other,TRANSCRIPTOMIC,PAIRED,0,0,DNBSEQ,DNBSEQ-G400,SRP339960,PRJNA768428,3,768428,SRS15535603,SAMN31460797,simple,9606,Homo sapiens,GSM6683072,,,,,,,no,,,,,"ANGELA WU LAB, LIFS, HKUST",SRA1527675,,public,F96F384BE3DAD7379795212D11B04461,8E2962CC72FAEEBD7CA76A94C9107688,"HCT116, extracted nuclei, cell 045",cell line: HCT-116,other,transcriptomic,OTHER,"HCT116, extracted nuclei, cell 045",GPL28038,DNBSEQ-G400
471,SRR22047536,12/31/22 0:27,10/26/22 17:15,2912172,576183307,2912172,197,364,,https://sra-downloadb.be-md.ncbi.nlm.nih.gov/sos4/sra-pub-zq-3/SRR022/22047/SRR22047536/SRR22047536.lite.1,SRX18028505,GSM6683071,OTHER,other,TRANSCRIPTOMIC,PAIRED,0,0,DNBSEQ,DNBSEQ-G400,SRP339960,PRJNA768428,3,768428,SRS15535604,SAMN31460798,simple,9606,Homo sapiens,GSM6683071,,,,,,,no,,,,,"ANGELA WU LAB, LIFS, HKUST",SRA1527675,,public,B7E3CAF3D87CA5EE26393B7C039CBE62,2A2E07E85DA36395D961359110EB48B4,"HCT116, extracted nuclei, cell 044",cell line: HCT-116,other,transcriptomic,OTHER,"HCT116, extracted nuclei, cell 044",GPL28038,DNBSEQ-G400
472,SRR22047533,12/31/22 0:27,10/26/22 17:18,2034934,402631123,2034934,197,255,,https://sra-downloadb.be-md.ncbi.nlm.nih.gov/sos4/sra-pub-zq-3/SRR022/22047/SRR22047533/SRR22047533.lite.1,SRX18028508,GSM6683074,OTHER,other,TRANSCRIPTOMIC,PAIRED,0,0,DNBSEQ,DNBSEQ-G400,SRP339960,PRJNA768428,3,768428,SRS15535605,SAMN31460795,simple,9606,Homo sapiens,GSM6683074,,,,,,,no,,,,,"ANGELA WU LAB, LIFS, HKUST",SRA1527675,,public,3B78B92EB1B3E13D4FC385D6C6B1EA96,AE9B64069D9CBBDBCD3445BC8F0A274B,"HCT116, extracted nuclei, cell 047",cell line: HCT-116,other,transcriptomic,OTHER,"HCT116, extracted nuclei, cell 047",GPL28038,DNBSEQ-G400
473,SRR22047534,12/31/22 0:27,10/26/22 17:18,1696301,335617060,1696301,197,213,,https://sra-downloadb.be-md.ncbi.nlm.nih.gov/sos4/sra-pub-zq-3/SRR022/22047/SRR22047534/SRR22047534.lite.1,SRX18028507,GSM6683073,OTHER,other,TRANSCRIPTOMIC,PAIRED,0,0,DNBSEQ,DNBSEQ-G400,SRP339960,PRJNA768428,3,768428,SRS15535606,SAMN31460796,simple,9606,Homo sapiens,GSM6683073,,,,,,,no,,,,,"ANGELA WU LAB, LIFS, HKUST",SRA1527675,,public,483BF77363BE0600801D29402AE4E393,A30A146877BC510168E6B917FF5B8F37,"HCT116, extracted nuclei, cell 046",cell line: HCT-116,other,transcriptomic,OTHER,"HCT116, extracted nuclei, cell 046",GPL28038,DNBSEQ-G400
474,SRR22047532,12/31/22 0:27,10/26/22 17:15,2190024,433296836,2190024,197,274,,https://sra-downloadb.be-md.ncbi.nlm.nih.gov/sos4/sra-pub-zq-3/SRR022/22047/SRR22047532/SRR22047532.lite.1,SRX18028509,GSM6683075,OTHER,other,TRANSCRIPTOMIC,PAIRED,0,0,DNBSEQ,DNBSEQ-G400,SRP339960,PRJNA768428,3,768428,SRS15535608,SAMN31460794,simple,9606,Homo sapiens,GSM6683075,,,,,,,no,,,,,"ANGELA WU LAB, LIFS, HKUST",SRA1527675,,public,83F9C33133AF17E45D9C895AEBBE7006,838880B0CBC29B3AAB210D931A898981,"HCT116, extracted nuclei, cell 048",cell line: HCT-116,other,transcriptomic,OTHER,"HCT116, extracted nuclei, cell 048",GPL28038,DNBSEQ-G400
475,SRR22047531,12/31/22 0:27,10/26/22 17:12,1489718,294741832,1489718,197,189,,https://sra-downloadb.be-md.ncbi.nlm.nih.gov/sos4/sra-pub-zq-3/SRR022/22047/SRR22047531/SRR22047531.lite.1,SRX18028510,GSM6683076,OTHER,other,TRANSCRIPTOMIC,PAIRED,0,0,DNBSEQ,DNBSEQ-G400,SRP339960,PRJNA768428,3,768428,SRS15535607,SAMN31460793,simple,9606,Homo sapiens,GSM6683076,,,,,,,no,,,,,"ANGELA WU LAB, LIFS, HKUST",SRA1527675,,public,D9DE7D1AE031D7F973F097B308953474,36B962452E817BE394DCE9DDC7A31865,"HCT116, extracted nuclei, cell 049",cell line: HCT-116,other,transcriptomic,OTHER,"HCT116, extracted nuclei, cell 049",GPL28038,DNBSEQ-G400
476,SRR22047530,12/31/22 0:27,10/26/22 17:16,748287,148039187,748287,197,94,,https://sra-downloadb.be-md.ncbi.nlm.nih.gov/sos4/sra-pub-zq-3/SRR022/22047/SRR22047530/SRR22047530.lite.1,SRX18028511,GSM6683077,OTHER,other,TRANSCRIPTOMIC,PAIRED,0,0,DNBSEQ,DNBSEQ-G400,SRP339960,PRJNA768428,3,768428,SRS15535609,SAMN31460792,simple,9606,Homo sapiens,GSM6683077,,,,,,,no,,,,,"ANGELA WU LAB, LIFS, HKUST",SRA1527675,,public,67C2DBC29B4C1E0F6F18D0770C3B27A5,3047472E1B3F4F7D5E90C9F19CE8DA90,"HCT116, extracted nuclei, cell 050",cell line: HCT-116,other,transcriptomic,OTHER,"HCT116, extracted nuclei, cell 050",GPL28038,DNBSEQ-G400
477,SRR22047529,12/31/22 0:27,10/26/22 17:12,795016,157289555,795016,197,100,,https://sra-downloadb.be-md.ncbi.nlm.nih.gov/sos4/sra-pub-zq-3/SRR022/22047/SRR22047529/SRR22047529.lite.1,SRX18028512,GSM6683078,OTHER,other,TRANSCRIPTOMIC,PAIRED,0,0,DNBSEQ,DNBSEQ-G400,SRP339960,PRJNA768428,3,768428,SRS15535610,SAMN31460791,simple,9606,Homo sapiens,GSM6683078,,,,,,,no,,,,,"ANGELA WU LAB, LIFS, HKUST",SRA1527675,,public,7CDDBE74E372AADBB015C56470FAD305,6153FDD2913B6142F721C43AB42284A9,"HCT116, extracted nuclei, cell 051",cell line: HCT-116,other,transcriptomic,OTHER,"HCT116, extracted nuclei, cell 051",GPL28038,DNBSEQ-G400
478,SRR22047528,12/31/22 0:27,10/26/22 17:16,807599,159777310,807599,197,100,,https://sra-downloadb.be-md.ncbi.nlm.nih.gov/sos4/sra-pub-zq-3/SRR022/22047/SRR22047528/SRR22047528.lite.1,SRX18028513,GSM6683079,OTHER,other,TRANSCRIPTOMIC,PAIRED,0,0,DNBSEQ,DNBSEQ-G400,SRP339960,PRJNA768428,3,768428,SRS15535611,SAMN31460790,simple,9606,Homo sapiens,GSM6683079,,,,,,,no,,,,,"ANGELA WU LAB, LIFS, HKUST",SRA1527675,,public,270D2E8E9D329245FA0A235D83EA6E95,D8484BB26AA82A987A11329977E3DC1C,"HCT116, extracted nuclei, cell 052",cell line: HCT-116,other,transcriptomic,OTHER,"HCT116, extracted nuclei, cell 052",GPL28038,DNBSEQ-G400
479,SRR22047527,12/31/22 0:27,10/26/22 17:17,1158864,229277182,1158864,197,146,,https://sra-downloadb.be-md.ncbi.nlm.nih.gov/sos4/sra-pub-zq-3/SRR022/22047/SRR22047527/SRR22047527.lite.1,SRX18028514,GSM6683080,OTHER,other,TRANSCRIPTOMIC,PAIRED,0,0,DNBSEQ,DNBSEQ-G400,SRP339960,PRJNA768428,3,768428,SRS15535612,SAMN31460789,simple,9606,Homo sapiens,GSM6683080,,,,,,,no,,,,,"ANGELA WU LAB, LIFS, HKUST",SRA1527675,,public,237561DD535C7550800E1407C0BF6C75,A3BF963DC956DEBF80590B3F69FCF8EA,"HCT116, extracted nuclei, cell 053",cell line: HCT-116,other,transcriptomic,OTHER,"HCT116, extracted nuclei, cell 053",GPL28038,DNBSEQ-G400
480,SRR22047526,12/31/22 0:27,10/26/22 17:17,1147356,226995073,1147356,197,145,,https://sra-downloadb.be-md.ncbi.nlm.nih.gov/sos4/sra-pub-zq-3/SRR022/22047/SRR22047526/SRR22047526.lite.1,SRX18028515,GSM6683081,OTHER,other,TRANSCRIPTOMIC,PAIRED,0,0,DNBSEQ,DNBSEQ-G400,SRP339960,PRJNA768428,3,768428,SRS15535613,SAMN31460788,simple,9606,Homo sapiens,GSM6683081,,,,,,,no,,,,,"ANGELA WU LAB, LIFS, HKUST",SRA1527675,,public,1020C878C409CF532D801BDC0D854936,925201217D1D815C10A49263B3B1244F,"HCT116, extracted nuclei, cell 054",cell line: HCT-116,other,transcriptomic,OTHER,"HCT116, extracted nuclei, cell 054",GPL28038,DNBSEQ-G400
481,SRR22047525,12/31/22 0:27,10/26/22 17:13,1629897,322477291,1629897,197,207,,https://sra-downloadb.be-md.ncbi.nlm.nih.gov/sos4/sra-pub-zq-3/SRR022/22047/SRR22047525/SRR22047525.lite.1,SRX18028516,GSM6683082,OTHER,other,TRANSCRIPTOMIC,PAIRED,0,0,DNBSEQ,DNBSEQ-G400,SRP339960,PRJNA768428,3,768428,SRS15535614,SAMN31460787,simple,9606,Homo sapiens,GSM6683082,,,,,,,no,,,,,"ANGELA WU LAB, LIFS, HKUST",SRA1527675,,public,13DC9B588DFA28CB4B6137A5F244C509,E6F6BB20BAD08E7C1421EC885D427B7A,"HCT116, extracted nuclei, cell 055",cell line: HCT-116,other,transcriptomic,OTHER,"HCT116, extracted nuclei, cell 055",GPL28038,DNBSEQ-G400
482,SRR22047524,12/31/22 0:27,10/26/22 17:11,2137003,422812369,2137003,197,271,,https://sra-downloadb.be-md.ncbi.nlm.nih.gov/sos4/sra-pub-zq-3/SRR022/22047/SRR22047524/SRR22047524.lite.1,SRX18028517,GSM6683083,OTHER,other,TRANSCRIPTOMIC,PAIRED,0,0,DNBSEQ,DNBSEQ-G400,SRP339960,PRJNA768428,3,768428,SRS15535615,SAMN31460786,simple,9606,Homo sapiens,GSM6683083,,,,,,,no,,,,,"ANGELA WU LAB, LIFS, HKUST",SRA1527675,,public,9D3D2C6313876863414219796581AB20,3378004EB234EA00DF0667C6B496D00E,"HCT116, extracted nuclei, cell 056",cell line: HCT-116,other,transcriptomic,OTHER,"HCT116, extracted nuclei, cell 056",GPL28038,DNBSEQ-G400
483,SRR22047523,12/31/22 0:27,10/26/22 17:11,644856,127585845,644856,197,80,,https://sra-downloadb.be-md.ncbi.nlm.nih.gov/sos4/sra-pub-zq-3/SRR022/22047/SRR22047523/SRR22047523.lite.1,SRX18028518,GSM6683085,OTHER,other,TRANSCRIPTOMIC,PAIRED,0,0,DNBSEQ,DNBSEQ-G400,SRP339960,PRJNA768428,3,768428,SRS15535616,SAMN31460785,simple,9606,Homo sapiens,GSM6683085,,,,,,,no,,,,,"ANGELA WU LAB, LIFS, HKUST",SRA1527675,,public,DCEC8DC84B4736702921BFB61E37CEAA,AD118B6E9BFB0209E3893E75FE7A11B6,"HCT116, extracted nuclei, cell 057",cell line: HCT-116,other,transcriptomic,OTHER,"HCT116, extracted nuclei, cell 057",GPL28038,DNBSEQ-G400
484,SRR22047522,12/31/22 0:27,10/26/22 17:10,284651,56311201,284651,197,35,,https://sra-downloadb.be-md.ncbi.nlm.nih.gov/sos4/sra-pub-zq-3/SRR022/22047/SRR22047522/SRR22047522.lite.1,SRX18028519,GSM6683086,OTHER,other,TRANSCRIPTOMIC,PAIRED,0,0,DNBSEQ,DNBSEQ-G400,SRP339960,PRJNA768428,3,768428,SRS15535617,SAMN31460784,simple,9606,Homo sapiens,GSM6683086,,,,,,,no,,,,,"ANGELA WU LAB, LIFS, HKUST",SRA1527675,,public,AFD27208306FCFAB6A031790985C2C6A,4E36E63990DBACBB2C7F96CDA15D83C2,"HCT116, extracted nuclei, cell 058",cell line: HCT-116,other,transcriptomic,OTHER,"HCT116, extracted nuclei, cell 058",GPL28038,DNBSEQ-G400
485,SRR22047521,12/31/22 0:27,10/26/22 17:16,589804,116691373,589804,197,73,,https://sra-downloadb.be-md.ncbi.nlm.nih.gov/sos4/sra-pub-zq-3/SRR022/22047/SRR22047521/SRR22047521.lite.1,SRX18028520,GSM6683087,OTHER,other,TRANSCRIPTOMIC,PAIRED,0,0,DNBSEQ,DNBSEQ-G400,SRP339960,PRJNA768428,3,768428,SRS15535618,SAMN31460783,simple,9606,Homo sapiens,GSM6683087,,,,,,,no,,,,,"ANGELA WU LAB, LIFS, HKUST",SRA1527675,,public,AF806AC155E469EFD4F95FDE9A56B7A9,A3F7EBA448EE79BAA800EB4AFE884581,"HCT116, extracted nuclei, cell 059",cell line: HCT-116,other,transcriptomic,OTHER,"HCT116, extracted nuclei, cell 059",GPL28038,DNBSEQ-G400
486,SRR22047520,12/31/22 0:27,10/26/22 17:13,1902556,376423544,1902556,197,239,,https://sra-downloadb.be-md.ncbi.nlm.nih.gov/sos4/sra-pub-zq-3/SRR022/22047/SRR22047520/SRR22047520.lite.1,SRX18028521,GSM6683088,OTHER,other,TRANSCRIPTOMIC,PAIRED,0,0,DNBSEQ,DNBSEQ-G400,SRP339960,PRJNA768428,3,768428,SRS15535619,SAMN31460782,simple,9606,Homo sapiens,GSM6683088,,,,,,,no,,,,,"ANGELA WU LAB, LIFS, HKUST",SRA1527675,,public,39C1B66311A8F2D202CD6025C22BF612,F1D90DBCC851A114570F0A90CCA0241F,"HCT116, extracted nuclei, cell 060",cell line: HCT-116,other,transcriptomic,OTHER,"HCT116, extracted nuclei, cell 060",GPL28038,DNBSEQ-G400
487,SRR22047519,12/31/22 0:27,10/26/22 17:10,258808,51196710,258808,197,31,,https://sra-downloadb.be-md.ncbi.nlm.nih.gov/sos4/sra-pub-zq-3/SRR022/22047/SRR22047519/SRR22047519.lite.1,SRX18028522,GSM6683089,OTHER,other,TRANSCRIPTOMIC,PAIRED,0,0,DNBSEQ,DNBSEQ-G400,SRP339960,PRJNA768428,3,768428,SRS15535620,SAMN31460781,simple,9606,Homo sapiens,GSM6683089,,,,,,,no,,,,,"ANGELA WU LAB, LIFS, HKUST",SRA1527675,,public,3FD36036331B3913B211292E21D17B45,96FA5A772BD8AD7600CB5772C802CF90,"HCT116, extracted nuclei, cell 061",cell line: HCT-116,other,transcriptomic,OTHER,"HCT116, extracted nuclei, cell 061",GPL28038,DNBSEQ-G400
488,SRR22047518,12/31/22 0:27,10/26/22 17:13,1825417,361172336,1825417,197,229,,https://sra-downloadb.be-md.ncbi.nlm.nih.gov/sos4/sra-pub-zq-3/SRR022/22047/SRR22047518/SRR22047518.lite.1,SRX18028523,GSM6683090,OTHER,other,TRANSCRIPTOMIC,PAIRED,0,0,DNBSEQ,DNBSEQ-G400,SRP339960,PRJNA768428,3,768428,SRS15535621,SAMN31460780,simple,9606,Homo sapiens,GSM6683090,,,,,,,no,,,,,"ANGELA WU LAB, LIFS, HKUST",SRA1527675,,public,FB789BC2FE664434C7FE923F77126103,F7B596557957790EC67C56DA5E5CEB3D,"HCT116, extracted nuclei, cell 062",cell line: HCT-116,other,transcriptomic,OTHER,"HCT116, extracted nuclei, cell 062",GPL28038,DNBSEQ-G400
489,SRR22047517,12/31/22 0:27,10/26/22 17:17,1656798,327803686,1656798,197,209,,https://sra-downloadb.be-md.ncbi.nlm.nih.gov/sos4/sra-pub-zq-3/SRR022/22047/SRR22047517/SRR22047517.lite.1,SRX18028524,GSM6683091,OTHER,other,TRANSCRIPTOMIC,PAIRED,0,0,DNBSEQ,DNBSEQ-G400,SRP339960,PRJNA768428,3,768428,SRS15535622,SAMN31460779,simple,9606,Homo sapiens,GSM6683091,,,,,,,no,,,,,"ANGELA WU LAB, LIFS, HKUST",SRA1527675,,public,EE5EE88EA67B94EBF0E356FC2F1A4090,31A76C65F61D8E9583A2E2DC44E73C5B,"HCT116, extracted nuclei, cell 063",cell line: HCT-116,other,transcriptomic,OTHER,"HCT116, extracted nuclei, cell 063",GPL28038,DNBSEQ-G400
490,SRR22047516,12/31/22 0:27,10/26/22 17:13,1974446,390649354,1974446,197,249,,https://sra-downloadb.be-md.ncbi.nlm.nih.gov/sos4/sra-pub-zq-3/SRR022/22047/SRR22047516/SRR22047516.lite.1,SRX18028525,GSM6683092,OTHER,other,TRANSCRIPTOMIC,PAIRED,0,0,DNBSEQ,DNBSEQ-G400,SRP339960,PRJNA768428,3,768428,SRS15535623,SAMN31460778,simple,9606,Homo sapiens,GSM6683092,,,,,,,no,,,,,"ANGELA WU LAB, LIFS, HKUST",SRA1527675,,public,A41362B1014E6622BC0E1236FC315ED5,2C313A76DBAD63380A21830B0D717253,"HCT116, extracted nuclei, cell 064",cell line: HCT-116,other,transcriptomic,OTHER,"HCT116, extracted nuclei, cell 064",GPL28038,DNBSEQ-G400
491,SRR22047515,12/31/22 0:27,10/26/22 17:18,2481217,490901606,2481217,197,313,,https://sra-downloadb.be-md.ncbi.nlm.nih.gov/sos4/sra-pub-zq-3/SRR022/22047/SRR22047515/SRR22047515.lite.1,SRX18028526,GSM6683093,OTHER,other,TRANSCRIPTOMIC,PAIRED,0,0,DNBSEQ,DNBSEQ-G400,SRP339960,PRJNA768428,3,768428,SRS15535624,SAMN31460777,simple,9606,Homo sapiens,GSM6683093,,,,,,,no,,,,,"ANGELA WU LAB, LIFS, HKUST",SRA1527675,,public,A34AE084F63FCC12494B021EE0DD9469,5FB88DF46C9E7B2ED42FE490FB1247FF,"HCT116, extracted nuclei, cell 065",cell line: HCT-116,other,transcriptomic,OTHER,"HCT116, extracted nuclei, cell 065",GPL28038,DNBSEQ-G400
492,SRR22047514,12/31/22 0:27,10/26/22 17:18,1932691,382384965,1932691,197,245,,https://sra-downloadb.be-md.ncbi.nlm.nih.gov/sos4/sra-pub-zq-3/SRR022/22047/SRR22047514/SRR22047514.lite.1,SRX18028527,GSM6683094,OTHER,other,TRANSCRIPTOMIC,PAIRED,0,0,DNBSEQ,DNBSEQ-G400,SRP339960,PRJNA768428,3,768428,SRS15535625,SAMN31460776,simple,9606,Homo sapiens,GSM6683094,,,,,,,no,,,,,"ANGELA WU LAB, LIFS, HKUST",SRA1527675,,public,5CB58AC046F36A7B68A2368127DB6D4E,A6BADB6435F55610479A689601F912E7,"HCT116, extracted nuclei, cell 066",cell line: HCT-116,other,transcriptomic,OTHER,"HCT116, extracted nuclei, cell 066",GPL28038,DNBSEQ-G400
493,SRR22047513,12/31/22 0:27,10/26/22 17:11,498271,98577626,498271,197,61,,https://sra-downloadb.be-md.ncbi.nlm.nih.gov/sos4/sra-pub-zq-3/SRR022/22047/SRR22047513/SRR22047513.lite.1,SRX18028528,GSM6683095,OTHER,other,TRANSCRIPTOMIC,PAIRED,0,0,DNBSEQ,DNBSEQ-G400,SRP339960,PRJNA768428,3,768428,SRS15535626,SAMN31460775,simple,9606,Homo sapiens,GSM6683095,,,,,,,no,,,,,"ANGELA WU LAB, LIFS, HKUST",SRA1527675,,public,C2F9D8A59CF550BA3173011D4B9EA129,5CA50EA0410EDFD7981E1F4CAFFB0B9A,"HCT116, extracted nuclei, cell 067",cell line: HCT-116,other,transcriptomic,OTHER,"HCT116, extracted nuclei, cell 067",GPL28038,DNBSEQ-G400
494,SRR22047512,12/31/22 0:27,10/26/22 17:18,1955844,386978867,1955844,197,246,,https://sra-downloadb.be-md.ncbi.nlm.nih.gov/sos4/sra-pub-zq-3/SRR022/22047/SRR22047512/SRR22047512.lite.1,SRX18028529,GSM6683096,OTHER,other,TRANSCRIPTOMIC,PAIRED,0,0,DNBSEQ,DNBSEQ-G400,SRP339960,PRJNA768428,3,768428,SRS15535627,SAMN31460774,simple,9606,Homo sapiens,GSM6683096,,,,,,,no,,,,,"ANGELA WU LAB, LIFS, HKUST",SRA1527675,,public,02D471B67C2285EBAC4C19CC741F8344,05F4848EBD9B90D2FF67C109E5292A3A,"HCT116, extracted nuclei, cell 068",cell line: HCT-116,other,transcriptomic,OTHER,"HCT116, extracted nuclei, cell 068",GPL28038,DNBSEQ-G400
495,SRR22047511,12/31/22 0:27,10/26/22 17:18,2007245,397138188,2007245,197,252,,https://sra-downloadb.be-md.ncbi.nlm.nih.gov/sos4/sra-pub-zq-3/SRR022/22047/SRR22047511/SRR22047511.lite.1,SRX18028530,GSM6683097,OTHER,other,TRANSCRIPTOMIC,PAIRED,0,0,DNBSEQ,DNBSEQ-G400,SRP339960,PRJNA768428,3,768428,SRS15535628,SAMN31460773,simple,9606,Homo sapiens,GSM6683097,,,,,,,no,,,,,"ANGELA WU LAB, LIFS, HKUST",SRA1527675,,public,9626CACA47FD8C631ED565DC891A0A1C,BEAED71F34D6BD905337794EDBA0560B,"HCT116, extracted nuclei, cell 069",cell line: HCT-116,other,transcriptomic,OTHER,"HCT116, extracted nuclei, cell 069",GPL28038,DNBSEQ-G400
496,SRR22047510,12/31/22 0:27,10/26/22 17:14,2053695,406312483,2053695,197,259,,https://sra-downloadb.be-md.ncbi.nlm.nih.gov/sos4/sra-pub-zq-3/SRR022/22047/SRR22047510/SRR22047510.lite.1,SRX18028531,GSM6683098,OTHER,other,TRANSCRIPTOMIC,PAIRED,0,0,DNBSEQ,DNBSEQ-G400,SRP339960,PRJNA768428,3,768428,SRS15535629,SAMN31460772,simple,9606,Homo sapiens,GSM6683098,,,,,,,no,,,,,"ANGELA WU LAB, LIFS, HKUST",SRA1527675,,public,26E008B170256D90E942845CD0F18636,AFDE80DE3EEB7E81B20BFF36165541A6,"HCT116, extracted nuclei, cell 070",cell line: HCT-116,other,transcriptomic,OTHER,"HCT116, extracted nuclei, cell 070",GPL28038,DNBSEQ-G400
497,SRR22047509,12/31/22 0:27,10/26/22 17:14,1951701,386155503,1951701,197,247,,https://sra-downloadb.be-md.ncbi.nlm.nih.gov/sos4/sra-pub-zq-3/SRR022/22047/SRR22047509/SRR22047509.lite.1,SRX18028532,GSM6683099,OTHER,other,TRANSCRIPTOMIC,PAIRED,0,0,DNBSEQ,DNBSEQ-G400,SRP339960,PRJNA768428,3,768428,SRS15535630,SAMN31460771,simple,9606,Homo sapiens,GSM6683099,,,,,,,no,,,,,"ANGELA WU LAB, LIFS, HKUST",SRA1527675,,public,E2B75CD15FC5ED1A6786B4754D1F6B73,E65CE1A81091D7F380433A2E3DA1EC1C,"HCT116, extracted nuclei, cell 071",cell line: HCT-116,other,transcriptomic,OTHER,"HCT116, extracted nuclei, cell 071",GPL28038,DNBSEQ-G400
498,SRR22047508,12/31/22 0:27,10/26/22 17:19,2470738,488831676,2470738,197,313,,https://sra-downloadb.be-md.ncbi.nlm.nih.gov/sos4/sra-pub-zq-3/SRR022/22047/SRR22047508/SRR22047508.lite.1,SRX18028533,GSM6683100,OTHER,other,TRANSCRIPTOMIC,PAIRED,0,0,DNBSEQ,DNBSEQ-G400,SRP339960,PRJNA768428,3,768428,SRS15535631,SAMN31460770,simple,9606,Homo sapiens,GSM6683100,,,,,,,no,,,,,"ANGELA WU LAB, LIFS, HKUST",SRA1527675,,public,49473F066127B270882DF0B877376570,ED3451C6C25E267748A92799BFB14545,"HCT116, extracted nuclei, cell 072",cell line: HCT-116,other,transcriptomic,OTHER,"HCT116, extracted nuclei, cell 072",GPL28038,DNBSEQ-G400
499,SRR22047507,12/31/22 0:27,10/26/22 17:16,3193199,631774005,3193199,197,400,,https://sra-downloadb.be-md.ncbi.nlm.nih.gov/sos4/sra-pub-zq-3/SRR022/22047/SRR22047507/SRR22047507.lite.1,SRX18028534,GSM6682931,OTHER,other,TRANSCRIPTOMIC,PAIRED,0,0,DNBSEQ,DNBSEQ-G400,SRP339960,PRJNA768428,3,768428,SRS15535632,SAMN31460929,simple,9606,Homo sapiens,GSM6682931,,,,,,,no,,,,,"ANGELA WU LAB, LIFS, HKUST",SRA1527675,,public,7064933D5D656D0ECE5C7180F3B2FF86,89E9D4685DEF02E06024FD9D11092401,"HCT116, live whole cell, cell 005",cell line: HCT-116,other,transcriptomic,OTHER,"HCT116, live whole cell, cell 005",GPL28038,DNBSEQ-G400
500,SRR22047506,12/31/22 0:27,10/26/22 17:14,2016574,398963647,2016574,197,255,,https://sra-downloadb.be-md.ncbi.nlm.nih.gov/sos4/sra-pub-zq-3/SRR022/22047/SRR22047506/SRR22047506.lite.1,SRX18028535,GSM6682932,OTHER,other,TRANSCRIPTOMIC,PAIRED,0,0,DNBSEQ,DNBSEQ-G400,SRP339960,PRJNA768428,3,768428,SRS15535633,SAMN31460928,simple,9606,Homo sapiens,GSM6682932,,,,,,,no,,,,,"ANGELA WU LAB, LIFS, HKUST",SRA1527675,,public,31655F5802D709F4F61EB3A7F740DB63,E6F161A527821E0034CC8A3C9DD8700E,"HCT116, live whole cell, cell 006",cell line: HCT-116,other,transcriptomic,OTHER,"HCT116, live whole cell, cell 006",GPL28038,DNBSEQ-G400
501,SRR22047505,12/31/22 0:27,10/26/22 17:14,2601990,514806682,2601990,197,328,,https://sra-downloadb.be-md.ncbi.nlm.nih.gov/sos4/sra-pub-zq-3/SRR022/22047/SRR22047505/SRR22047505.lite.1,SRX18028536,GSM6682933,OTHER,other,TRANSCRIPTOMIC,PAIRED,0,0,DNBSEQ,DNBSEQ-G400,SRP339960,PRJNA768428,3,768428,SRS15535634,SAMN31460927,simple,9606,Homo sapiens,GSM6682933,,,,,,,no,,,,,"ANGELA WU LAB, LIFS, HKUST",SRA1527675,,public,A6B181AA150164CB48D1F471981633E2,2F08B7DB9D512F0BD6190C64430C002D,"HCT116, live whole cell, cell 007",cell line: HCT-116,other,transcriptomic,OTHER,"HCT116, live whole cell, cell 007",GPL28038,DNBSEQ-G400
502,SRR22047504,12/31/22 0:27,10/26/22 17:18,2093868,414239006,2093868,197,264,,https://sra-downloadb.be-md.ncbi.nlm.nih.gov/sos4/sra-pub-zq-3/SRR022/22047/SRR22047504/SRR22047504.lite.1,SRX18028537,GSM6682934,OTHER,other,TRANSCRIPTOMIC,PAIRED,0,0,DNBSEQ,DNBSEQ-G400,SRP339960,PRJNA768428,3,768428,SRS15535635,SAMN31460926,simple,9606,Homo sapiens,GSM6682934,,,,,,,no,,,,,"ANGELA WU LAB, LIFS, HKUST",SRA1527675,,public,9A6F9801EC89A5298820DB813E38AF84,34C9D1BCED3E653AFFFE5D9E3EBC7B06,"HCT116, live whole cell, cell 008",cell line: HCT-116,other,transcriptomic,OTHER,"HCT116, live whole cell, cell 008",GPL28038,DNBSEQ-G400
503,SRR22047503,12/31/22 0:27,10/26/22 17:14,2600749,514547715,2600749,197,326,,https://sra-downloadb.be-md.ncbi.nlm.nih.gov/sos4/sra-pub-zq-3/SRR022/22047/SRR22047503/SRR22047503.lite.1,SRX18028538,GSM6682935,OTHER,other,TRANSCRIPTOMIC,PAIRED,0,0,DNBSEQ,DNBSEQ-G400,SRP339960,PRJNA768428,3,768428,SRS15535636,SAMN31460925,simple,9606,Homo sapiens,GSM6682935,,,,,,,no,,,,,"ANGELA WU LAB, LIFS, HKUST",SRA1527675,,public,BDB8B7830ACCB7CDFD448689410BA3CA,B8F1345F1BE988E3532321C331B03F48,"HCT116, live whole cell, cell 009",cell line: HCT-116,other,transcriptomic,OTHER,"HCT116, live whole cell, cell 009",GPL28038,DNBSEQ-G400
504,SRR22047502,12/31/22 0:27,10/26/22 17:11,737765,145963262,737765,197,92,,https://sra-downloadb.be-md.ncbi.nlm.nih.gov/sos4/sra-pub-zq-3/SRR022/22047/SRR22047502/SRR22047502.lite.1,SRX18028539,GSM6682936,OTHER,other,TRANSCRIPTOMIC,PAIRED,0,0,DNBSEQ,DNBSEQ-G400,SRP339960,PRJNA768428,3,768428,SRS15535637,SAMN31460924,simple,9606,Homo sapiens,GSM6682936,,,,,,,no,,,,,"ANGELA WU LAB, LIFS, HKUST",SRA1527675,,public,ABE36852B51834B8AE1735F7D02ACA3D,7F81DDA9F9ED4FE139D9F3AADD707FF8,"HCT116, live whole cell, cell 010",cell line: HCT-116,other,transcriptomic,OTHER,"HCT116, live whole cell, cell 010",GPL28038,DNBSEQ-G400
505,SRR22047501,12/31/22 0:27,10/26/22 17:15,3035661,600613007,3035661,197,376,,https://sra-downloadb.be-md.ncbi.nlm.nih.gov/sos4/sra-pub-zq-3/SRR022/22047/SRR22047501/SRR22047501.lite.1,SRX18028540,GSM6682937,OTHER,other,TRANSCRIPTOMIC,PAIRED,0,0,DNBSEQ,DNBSEQ-G400,SRP339960,PRJNA768428,3,768428,SRS15535638,SAMN31460923,simple,9606,Homo sapiens,GSM6682937,,,,,,,no,,,,,"ANGELA WU LAB, LIFS, HKUST",SRA1527675,,public,F347F9963AA324E53EB1C15E85CFE131,BCDBB469DA9A7059EFED302A79BD83D7,"HCT116, live whole cell, cell 011",cell line: HCT-116,other,transcriptomic,OTHER,"HCT116, live whole cell, cell 011",GPL28038,DNBSEQ-G400
506,SRR22047500,12/31/22 0:27,10/26/22 17:17,1339723,265061790,1339723,197,168,,https://sra-downloadb.be-md.ncbi.nlm.nih.gov/sos4/sra-pub-zq-3/SRR022/22047/SRR22047500/SRR22047500.lite.1,SRX18028541,GSM6682938,OTHER,other,TRANSCRIPTOMIC,PAIRED,0,0,DNBSEQ,DNBSEQ-G400,SRP339960,PRJNA768428,3,768428,SRS15535639,SAMN31460922,simple,9606,Homo sapiens,GSM6682938,,,,,,,no,,,,,"ANGELA WU LAB, LIFS, HKUST",SRA1527675,,public,8926AC099296BB140858488C9DA1DE29,C27D56F36EB4A61905FA21D096B1DE88,"HCT116, live whole cell, cell 012",cell line: HCT-116,other,transcriptomic,OTHER,"HCT116, live whole cell, cell 012",GPL28038,DNBSEQ-G400
507,SRR22047499,12/31/22 0:27,10/26/22 17:15,2839925,561858226,2839925,197,352,,https://sra-downloadb.be-md.ncbi.nlm.nih.gov/sos4/sra-pub-zq-3/SRR022/22047/SRR22047499/SRR22047499.lite.1,SRX18028542,GSM6682939,OTHER,other,TRANSCRIPTOMIC,PAIRED,0,0,DNBSEQ,DNBSEQ-G400,SRP339960,PRJNA768428,3,768428,SRS15535640,SAMN31460921,simple,9606,Homo sapiens,GSM6682939,,,,,,,no,,,,,"ANGELA WU LAB, LIFS, HKUST",SRA1527675,,public,021F3E8EDE71264A7B648932D457AA8A,5671D1BD4E2F3EE32B6A482A37A430F6,"HCT116, live whole cell, cell 013",cell line: HCT-116,other,transcriptomic,OTHER,"HCT116, live whole cell, cell 013",GPL28038,DNBSEQ-G400
508,SRR22047498,12/31/22 0:27,10/26/22 17:17,1729733,342215491,1729733,197,217,,https://sra-downloadb.be-md.ncbi.nlm.nih.gov/sos4/sra-pub-zq-3/SRR022/22047/SRR22047498/SRR22047498.lite.1,SRX18028543,GSM6682940,OTHER,other,TRANSCRIPTOMIC,PAIRED,0,0,DNBSEQ,DNBSEQ-G400,SRP339960,PRJNA768428,3,768428,SRS15535641,SAMN31460920,simple,9606,Homo sapiens,GSM6682940,,,,,,,no,,,,,"ANGELA WU LAB, LIFS, HKUST",SRA1527675,,public,DE97EA7A28BE3CF27034640621DF48BE,68F38BA4829DB84163DE3B9704909515,"HCT116, live whole cell, cell 014",cell line: HCT-116,other,transcriptomic,OTHER,"HCT116, live whole cell, cell 014",GPL28038,DNBSEQ-G400
509,SRR22047497,12/31/22 0:27,10/26/22 17:14,2818518,557615015,2818518,197,353,,https://sra-downloadb.be-md.ncbi.nlm.nih.gov/sos4/sra-pub-zq-3/SRR022/22047/SRR22047497/SRR22047497.lite.1,SRX18028544,GSM6682942,OTHER,other,TRANSCRIPTOMIC,PAIRED,0,0,DNBSEQ,DNBSEQ-G400,SRP339960,PRJNA768428,3,768428,SRS15535642,SAMN31460919,simple,9606,Homo sapiens,GSM6682942,,,,,,,no,,,,,"ANGELA WU LAB, LIFS, HKUST",SRA1527675,,public,88CDF9F09625D66909201C42FC86FE3F,FB2A8E793CC451CF3C6FC580912AF141,"HCT116, live whole cell, cell 015",cell line: HCT-116,other,transcriptomic,OTHER,"HCT116, live whole cell, cell 015",GPL28038,DNBSEQ-G400
510,SRR22047496,12/31/22 0:27,10/26/22 17:18,2269956,449112760,2269956,197,284,,https://sra-downloadb.be-md.ncbi.nlm.nih.gov/sos4/sra-pub-zq-3/SRR022/22047/SRR22047496/SRR22047496.lite.1,SRX18028545,GSM6682943,OTHER,other,TRANSCRIPTOMIC,PAIRED,0,0,DNBSEQ,DNBSEQ-G400,SRP339960,PRJNA768428,3,768428,SRS15535643,SAMN31460918,simple,9606,Homo sapiens,GSM6682943,,,,,,,no,,,,,"ANGELA WU LAB, LIFS, HKUST",SRA1527675,,public,66492605A5EFB18CAD1B82795265046B,E5520F69E9419F73DB435D1BF119B5B0,"HCT116, live whole cell, cell 016",cell line: HCT-116,other,transcriptomic,OTHER,"HCT116, live whole cell, cell 016",GPL28038,DNBSEQ-G400
511,SRR22047495,12/31/22 0:27,10/26/22 17:14,2769940,548030651,2769940,197,350,,https://sra-downloadb.be-md.ncbi.nlm.nih.gov/sos4/sra-pub-zq-3/SRR022/22047/SRR22047495/SRR22047495.lite.1,SRX18028546,GSM6682944,OTHER,other,TRANSCRIPTOMIC,PAIRED,0,0,DNBSEQ,DNBSEQ-G400,SRP339960,PRJNA768428,3,768428,SRS15535644,SAMN31460917,simple,9606,Homo sapiens,GSM6682944,,,,,,,no,,,,,"ANGELA WU LAB, LIFS, HKUST",SRA1527675,,public,5ACA21227D2DFE9F1F5BC8ADC2632623,CFAE8F7A3F7C46F2F57E74813B51B44D,"HCT116, live whole cell, cell 017",cell line: HCT-116,other,transcriptomic,OTHER,"HCT116, live whole cell, cell 017",GPL28038,DNBSEQ-G400
512,SRR22047494,12/31/22 0:27,10/26/22 17:12,641114,126840183,641114,197,81,,https://sra-downloadb.be-md.ncbi.nlm.nih.gov/sos4/sra-pub-zq-3/SRR022/22047/SRR22047494/SRR22047494.lite.1,SRX18028547,GSM6682945,OTHER,other,TRANSCRIPTOMIC,PAIRED,0,0,DNBSEQ,DNBSEQ-G400,SRP339960,PRJNA768428,3,768428,SRS15535645,SAMN31460916,simple,9606,Homo sapiens,GSM6682945,,,,,,,no,,,,,"ANGELA WU LAB, LIFS, HKUST",SRA1527675,,public,8BED025350B6E915D71B35FCE109CF1C,E703A94BDDEBA4C3C897ED161AA27918,"HCT116, live whole cell, cell 018",cell line: HCT-116,other,transcriptomic,OTHER,"HCT116, live whole cell, cell 018",GPL28038,DNBSEQ-G400
513,SRR22047493,12/31/22 0:27,10/26/22 17:19,2714616,537097466,2714616,197,339,,https://sra-downloadb.be-md.ncbi.nlm.nih.gov/sos4/sra-pub-zq-3/SRR022/22047/SRR22047493/SRR22047493.lite.1,SRX18028548,GSM6682946,OTHER,other,TRANSCRIPTOMIC,PAIRED,0,0,DNBSEQ,DNBSEQ-G400,SRP339960,PRJNA768428,3,768428,SRS15535646,SAMN31460915,simple,9606,Homo sapiens,GSM6682946,,,,,,,no,,,,,"ANGELA WU LAB, LIFS, HKUST",SRA1527675,,public,6BDB573B0DCC1DCBDF21D7D959A8C755,89700264F1A7F6F62B6DD41421A26705,"HCT116, live whole cell, cell 019",cell line: HCT-116,other,transcriptomic,OTHER,"HCT116, live whole cell, cell 019",GPL28038,DNBSEQ-G400
514,SRR22047492,12/31/22 0:27,10/26/22 17:17,1876459,371245785,1876459,197,237,,https://sra-downloadb.be-md.ncbi.nlm.nih.gov/sos4/sra-pub-zq-3/SRR022/22047/SRR22047492/SRR22047492.lite.1,SRX18028549,GSM6682947,OTHER,other,TRANSCRIPTOMIC,PAIRED,0,0,DNBSEQ,DNBSEQ-G400,SRP339960,PRJNA768428,3,768428,SRS15535647,SAMN31460914,simple,9606,Homo sapiens,GSM6682947,,,,,,,no,,,,,"ANGELA WU LAB, LIFS, HKUST",SRA1527675,,public,C787B205F0AA0627B8E7479E3AB23673,B75A5DA8E5E9442C41F27EF01E99F6B3,"HCT116, live whole cell, cell 020",cell line: HCT-116,other,transcriptomic,OTHER,"HCT116, live whole cell, cell 020",GPL28038,DNBSEQ-G400
515,SRR22047491,12/31/22 0:27,10/26/22 17:16,3337885,660402876,3337885,197,418,,https://sra-downloadb.be-md.ncbi.nlm.nih.gov/sos4/sra-pub-zq-3/SRR022/22047/SRR22047491/SRR22047491.lite.1,SRX18028550,GSM6682948,OTHER,other,TRANSCRIPTOMIC,PAIRED,0,0,DNBSEQ,DNBSEQ-G400,SRP339960,PRJNA768428,3,768428,SRS15535648,SAMN31460913,simple,9606,Homo sapiens,GSM6682948,,,,,,,no,,,,,"ANGELA WU LAB, LIFS, HKUST",SRA1527675,,public,FE863435C2319579A3339785AEB4F18C,342E295296D3EE33DD7CA9DC2F70939C,"HCT116, live whole cell, cell 021",cell line: HCT-116,other,transcriptomic,OTHER,"HCT116, live whole cell, cell 021",GPL28038,DNBSEQ-G400
516,SRR22047490,12/31/22 0:27,10/26/22 17:17,1592476,315041839,1592476,197,202,,https://sra-downloadb.be-md.ncbi.nlm.nih.gov/sos4/sra-pub-zq-3/SRR022/22047/SRR22047490/SRR22047490.lite.1,SRX18028551,GSM6682949,OTHER,other,TRANSCRIPTOMIC,PAIRED,0,0,DNBSEQ,DNBSEQ-G400,SRP339960,PRJNA768428,3,768428,SRS15535649,SAMN31460912,simple,9606,Homo sapiens,GSM6682949,,,,,,,no,,,,,"ANGELA WU LAB, LIFS, HKUST",SRA1527675,,public,683255F3E7C43151D3E6455C6F23ABC5,FB52EDA8521B5CA06EAC8287999D01A2,"HCT116, live whole cell, cell 022",cell line: HCT-116,other,transcriptomic,OTHER,"HCT116, live whole cell, cell 022",GPL28038,DNBSEQ-G400
517,SRR22047489,12/31/22 0:27,10/26/22 17:13,2401052,475044452,2401052,197,302,,https://sra-downloadb.be-md.ncbi.nlm.nih.gov/sos4/sra-pub-zq-3/SRR022/22047/SRR22047489/SRR22047489.lite.1,SRX18028552,GSM6682950,OTHER,other,TRANSCRIPTOMIC,PAIRED,0,0,DNBSEQ,DNBSEQ-G400,SRP339960,PRJNA768428,3,768428,SRS15535650,SAMN31460911,simple,9606,Homo sapiens,GSM6682950,,,,,,,no,,,,,"ANGELA WU LAB, LIFS, HKUST",SRA1527675,,public,195BF924F571A8A2F219C476C00FEF3B,B9C4E7DC33A10876794F434FAABD6FE6,"HCT116, live whole cell, cell 023",cell line: HCT-116,other,transcriptomic,OTHER,"HCT116, live whole cell, cell 023",GPL28038,DNBSEQ-G400
518,SRR22047488,12/31/22 0:27,10/26/22 17:17,2262246,447588312,2262246,197,282,,https://sra-downloadb.be-md.ncbi.nlm.nih.gov/sos4/sra-pub-zq-3/SRR022/22047/SRR22047488/SRR22047488.lite.1,SRX18028553,GSM6682951,OTHER,other,TRANSCRIPTOMIC,PAIRED,0,0,DNBSEQ,DNBSEQ-G400,SRP339960,PRJNA768428,3,768428,SRS15535651,SAMN31460910,simple,9606,Homo sapiens,GSM6682951,,,,,,,no,,,,,"ANGELA WU LAB, LIFS, HKUST",SRA1527675,,public,58BAF72F49AB8FC1FF600173AE4CD6F0,7C34291E16C16611A4E432AD3C6C17D3,"HCT116, live whole cell, cell 024",cell line: HCT-116,other,transcriptomic,OTHER,"HCT116, live whole cell, cell 024",GPL28038,DNBSEQ-G400
519,SRR22047487,12/31/22 0:27,10/26/22 17:15,2551482,504814920,2551482,197,324,,https://sra-downloadb.be-md.ncbi.nlm.nih.gov/sos4/sra-pub-zq-3/SRR022/22047/SRR22047487/SRR22047487.lite.1,SRX18028554,GSM6682952,OTHER,other,TRANSCRIPTOMIC,PAIRED,0,0,DNBSEQ,DNBSEQ-G400,SRP339960,PRJNA768428,3,768428,SRS15535652,SAMN31460909,simple,9606,Homo sapiens,GSM6682952,,,,,,,no,,,,,"ANGELA WU LAB, LIFS, HKUST",SRA1527675,,public,F8B32AAD18381F70DD407E208E7E9A86,FAE66545DDAAB179DE91358EBED3C98C,"HCT116, live whole cell, cell 025",cell line: HCT-116,other,transcriptomic,OTHER,"HCT116, live whole cell, cell 025",GPL28038,DNBSEQ-G400
520,SRR22047486,12/31/22 0:27,10/26/22 17:11,687162,135946513,687162,197,87,,https://sra-downloadb.be-md.ncbi.nlm.nih.gov/sos4/sra-pub-zq-3/SRR022/22047/SRR22047486/SRR22047486.lite.1,SRX18028555,GSM6682953,OTHER,other,TRANSCRIPTOMIC,PAIRED,0,0,DNBSEQ,DNBSEQ-G400,SRP339960,PRJNA768428,3,768428,SRS15535654,SAMN31460908,simple,9606,Homo sapiens,GSM6682953,,,,,,,no,,,,,"ANGELA WU LAB, LIFS, HKUST",SRA1527675,,public,5828C54C4FE79BFA508F3D8CB4DD392F,ACB8394AD9C10BB1D0BCF9C5D555698B,"HCT116, live whole cell, cell 026",cell line: HCT-116,other,transcriptomic,OTHER,"HCT116, live whole cell, cell 026",GPL28038,DNBSEQ-G400
521,SRR22047485,12/31/22 0:27,10/26/22 17:14,2793523,552679799,2793523,197,352,,https://sra-downloadb.be-md.ncbi.nlm.nih.gov/sos4/sra-pub-zq-3/SRR022/22047/SRR22047485/SRR22047485.lite.1,SRX18028556,GSM6682954,OTHER,other,TRANSCRIPTOMIC,PAIRED,0,0,DNBSEQ,DNBSEQ-G400,SRP339960,PRJNA768428,3,768428,SRS15535653,SAMN31460907,simple,9606,Homo sapiens,GSM6682954,,,,,,,no,,,,,"ANGELA WU LAB, LIFS, HKUST",SRA1527675,,public,1A1EA00D25385B7E486EA9EE54617573,A2C2FCE68DB572A39AF7E1700432126F,"HCT116, live whole cell, cell 027",cell line: HCT-116,other,transcriptomic,OTHER,"HCT116, live whole cell, cell 027",GPL28038,DNBSEQ-G400
522,SRR22047484,12/31/22 0:27,10/26/22 17:16,507417,100395487,507417,197,63,,https://sra-downloadb.be-md.ncbi.nlm.nih.gov/sos4/sra-pub-zq-3/SRR022/22047/SRR22047484/SRR22047484.lite.1,SRX18028557,GSM6682956,OTHER,other,TRANSCRIPTOMIC,PAIRED,0,0,DNBSEQ,DNBSEQ-G400,SRP339960,PRJNA768428,3,768428,SRS15535656,SAMN31460906,simple,9606,Homo sapiens,GSM6682956,,,,,,,no,,,,,"ANGELA WU LAB, LIFS, HKUST",SRA1527675,,public,2769BA1526405DFCB16194515FC3FB64,C5684CBB4213D331F5C9F4FD1755EB68,"HCT116, live whole cell, cell 028",cell line: HCT-116,other,transcriptomic,OTHER,"HCT116, live whole cell, cell 028",GPL28038,DNBSEQ-G400
523,SRR22047483,12/31/22 0:27,10/26/22 17:14,3161681,625544288,3161681,197,398,,https://sra-downloadb.be-md.ncbi.nlm.nih.gov/sos4/sra-pub-zq-3/SRR022/22047/SRR22047483/SRR22047483.lite.1,SRX18028558,GSM6682957,OTHER,other,TRANSCRIPTOMIC,PAIRED,0,0,DNBSEQ,DNBSEQ-G400,SRP339960,PRJNA768428,3,768428,SRS15535655,SAMN31460905,simple,9606,Homo sapiens,GSM6682957,,,,,,,no,,,,,"ANGELA WU LAB, LIFS, HKUST",SRA1527675,,public,F6F953EF01884250042D00FEAD76CD16,8E56D9A866D1F7BA3A9F0C11BB64D00E,"HCT116, live whole cell, cell 029",cell line: HCT-116,other,transcriptomic,OTHER,"HCT116, live whole cell, cell 029",GPL28038,DNBSEQ-G400
524,SRR22047482,12/31/22 0:27,10/26/22 17:19,1849240,365872024,1849240,197,236,,https://sra-downloadb.be-md.ncbi.nlm.nih.gov/sos4/sra-pub-zq-3/SRR022/22047/SRR22047482/SRR22047482.lite.1,SRX18028559,GSM6682958,OTHER,other,TRANSCRIPTOMIC,PAIRED,0,0,DNBSEQ,DNBSEQ-G400,SRP339960,PRJNA768428,3,768428,SRS15535657,SAMN31460904,simple,9606,Homo sapiens,GSM6682958,,,,,,,no,,,,,"ANGELA WU LAB, LIFS, HKUST",SRA1527675,,public,0F8E498B5AFE35741DB58FBD761A4D7F,273AD86D3E9A5B834A7749891A827778,"HCT116, live whole cell, cell 030",cell line: HCT-116,other,transcriptomic,OTHER,"HCT116, live whole cell, cell 030",GPL28038,DNBSEQ-G400
525,SRR22047480,12/31/22 0:27,10/26/22 17:13,1917582,379396769,1917582,197,245,,https://sra-downloadb.be-md.ncbi.nlm.nih.gov/sos4/sra-pub-zq-3/SRR022/22047/SRR22047480/SRR22047480.lite.1,SRX18028561,GSM6682960,OTHER,other,TRANSCRIPTOMIC,PAIRED,0,0,DNBSEQ,DNBSEQ-G400,SRP339960,PRJNA768428,3,768428,SRS15535658,SAMN31460902,simple,9606,Homo sapiens,GSM6682960,,,,,,,no,,,,,"ANGELA WU LAB, LIFS, HKUST",SRA1527675,,public,584A3C6523F49D459F920A4FA6FCC849,3DEF5962AB405C604E61CE1419C2A55D,"HCT116, live whole cell, cell 032",cell line: HCT-116,other,transcriptomic,OTHER,"HCT116, live whole cell, cell 032",GPL28038,DNBSEQ-G400
526,SRR22047481,12/31/22 0:27,10/26/22 17:19,2465519,487780700,2465519,197,313,,https://sra-downloadb.be-md.ncbi.nlm.nih.gov/sos4/sra-pub-zq-3/SRR022/22047/SRR22047481/SRR22047481.lite.1,SRX18028560,GSM6682959,OTHER,other,TRANSCRIPTOMIC,PAIRED,0,0,DNBSEQ,DNBSEQ-G400,SRP339960,PRJNA768428,3,768428,SRS15535659,SAMN31460903,simple,9606,Homo sapiens,GSM6682959,,,,,,,no,,,,,"ANGELA WU LAB, LIFS, HKUST",SRA1527675,,public,4203C400A295F30369A9BB9792AEAFDC,B40D16455642FF150AB0F3A2F6984919,"HCT116, live whole cell, cell 031",cell line: HCT-116,other,transcriptomic,OTHER,"HCT116, live whole cell, cell 031",GPL28038,DNBSEQ-G400
527,SRR22047478,12/31/22 0:27,10/26/22 17:11,538783,106598327,538783,197,68,,https://sra-downloadb.be-md.ncbi.nlm.nih.gov/sos4/sra-pub-zq-3/SRR022/22047/SRR22047478/SRR22047478.lite.1,SRX18028563,GSM6682962,OTHER,other,TRANSCRIPTOMIC,PAIRED,0,0,DNBSEQ,DNBSEQ-G400,SRP339960,PRJNA768428,3,768428,SRS15535660,SAMN31460900,simple,9606,Homo sapiens,GSM6682962,,,,,,,no,,,,,"ANGELA WU LAB, LIFS, HKUST",SRA1527675,,public,2E494D805CF4C82508C58C6FD37E7840,C8C69171E2B2BDEB92CFEF28360F1B22,"HCT116, live whole cell, cell 034",cell line: HCT-116,other,transcriptomic,OTHER,"HCT116, live whole cell, cell 034",GPL28038,DNBSEQ-G400
528,SRR22047479,12/31/22 0:27,10/26/22 17:17,1743041,344858645,1743041,197,222,,https://sra-downloadb.be-md.ncbi.nlm.nih.gov/sos4/sra-pub-zq-3/SRR022/22047/SRR22047479/SRR22047479.lite.1,SRX18028562,GSM6682961,OTHER,other,TRANSCRIPTOMIC,PAIRED,0,0,DNBSEQ,DNBSEQ-G400,SRP339960,PRJNA768428,3,768428,SRS15535661,SAMN31460901,simple,9606,Homo sapiens,GSM6682961,,,,,,,no,,,,,"ANGELA WU LAB, LIFS, HKUST",SRA1527675,,public,FF003B1196CDA3A885687859851BD3C0,898027BE7EB15BF05BFA8E891E28C83C,"HCT116, live whole cell, cell 033",cell line: HCT-116,other,transcriptomic,OTHER,"HCT116, live whole cell, cell 033",GPL28038,DNBSEQ-G400
529,SRR22047477,12/31/22 0:27,10/26/22 17:18,2437704,482307024,2437704,197,307,,https://sra-downloadb.be-md.ncbi.nlm.nih.gov/sos4/sra-pub-zq-3/SRR022/22047/SRR22047477/SRR22047477.lite.1,SRX18028564,GSM6682963,OTHER,other,TRANSCRIPTOMIC,PAIRED,0,0,DNBSEQ,DNBSEQ-G400,SRP339960,PRJNA768428,3,768428,SRS15535662,SAMN31460899,simple,9606,Homo sapiens,GSM6682963,,,,,,,no,,,,,"ANGELA WU LAB, LIFS, HKUST",SRA1527675,,public,66D4AA88B679E1FAE8CB5AF6DDFFEC51,D3C98DF7C70925FCA056BE650954C26D,"HCT116, live whole cell, cell 035",cell line: HCT-116,other,transcriptomic,OTHER,"HCT116, live whole cell, cell 035",GPL28038,DNBSEQ-G400
530,SRR22047475,12/31/22 0:27,10/26/22 17:15,3404956,673684124,3404956,197,422,,https://sra-downloadb.be-md.ncbi.nlm.nih.gov/sos4/sra-pub-zq-3/SRR022/22047/SRR22047475/SRR22047475.lite.1,SRX18028566,GSM6682999,OTHER,other,TRANSCRIPTOMIC,PAIRED,0,0,DNBSEQ,DNBSEQ-G400,SRP339960,PRJNA768428,3,768428,SRS15535663,SAMN31460865,simple,9606,Homo sapiens,GSM6682999,,,,,,,no,,,,,"ANGELA WU LAB, LIFS, HKUST",SRA1527675,,public,4BA4F016ECD307E0CB472B38A3A64F38,1D99EFFCDACCB549170403B556B1A40E,"HCT116, live whole cell, cell 069",cell line: HCT-116,other,transcriptomic,OTHER,"HCT116, live whole cell, cell 069",GPL28038,DNBSEQ-G400
531,SRR22047476,12/31/22 0:27,10/26/22 17:17,1312400,259638573,1312400,197,166,,https://sra-downloadb.be-md.ncbi.nlm.nih.gov/sos4/sra-pub-zq-3/SRR022/22047/SRR22047476/SRR22047476.lite.1,SRX18028565,GSM6682964,OTHER,other,TRANSCRIPTOMIC,PAIRED,0,0,DNBSEQ,DNBSEQ-G400,SRP339960,PRJNA768428,3,768428,SRS15535664,SAMN31460898,simple,9606,Homo sapiens,GSM6682964,,,,,,,no,,,,,"ANGELA WU LAB, LIFS, HKUST",SRA1527675,,public,94AB626BEE7E8CF56B698F35664BDC29,78A290196C17AEDA138BCDF720EE4ECB,"HCT116, live whole cell, cell 036",cell line: HCT-116,other,transcriptomic,OTHER,"HCT116, live whole cell, cell 036",GPL28038,DNBSEQ-G400
532,SRR22047474,12/31/22 0:27,10/26/22 17:18,1705425,337419493,1705425,197,214,,https://sra-downloadb.be-md.ncbi.nlm.nih.gov/sos4/sra-pub-zq-3/SRR022/22047/SRR22047474/SRR22047474.lite.1,SRX18028567,GSM6683000,OTHER,other,TRANSCRIPTOMIC,PAIRED,0,0,DNBSEQ,DNBSEQ-G400,SRP339960,PRJNA768428,3,768428,SRS15535665,SAMN31460864,simple,9606,Homo sapiens,GSM6683000,,,,,,,no,,,,,"ANGELA WU LAB, LIFS, HKUST",SRA1527675,,public,B412C269B389EB56C58D16984AA41488,7A26D0441B817FB37A575C82FC106392,"HCT116, live whole cell, cell 070",cell line: HCT-116,other,transcriptomic,OTHER,"HCT116, live whole cell, cell 070",GPL28038,DNBSEQ-G400
533,SRR22047473,12/31/22 0:27,10/26/22 17:15,2603782,515161194,2603782,197,325,,https://sra-downloadb.be-md.ncbi.nlm.nih.gov/sos4/sra-pub-zq-3/SRR022/22047/SRR22047473/SRR22047473.lite.1,SRX18028568,GSM6683001,OTHER,other,TRANSCRIPTOMIC,PAIRED,0,0,DNBSEQ,DNBSEQ-G400,SRP339960,PRJNA768428,3,768428,SRS15535666,SAMN31460863,simple,9606,Homo sapiens,GSM6683001,,,,,,,no,,,,,"ANGELA WU LAB, LIFS, HKUST",SRA1527675,,public,E53ED7722404EBBEBF840F17754F2F50,5585A8AA8308A069F8FB49A89574B6DE,"HCT116, live whole cell, cell 071",cell line: HCT-116,other,transcriptomic,OTHER,"HCT116, live whole cell, cell 071",GPL28038,DNBSEQ-G400
534,SRR22047472,12/31/22 0:27,10/26/22 17:14,2483990,491450806,2483990,197,306,,https://sra-downloadb.be-md.ncbi.nlm.nih.gov/sos4/sra-pub-zq-3/SRR022/22047/SRR22047472/SRR22047472.lite.1,SRX18028569,GSM6683002,OTHER,other,TRANSCRIPTOMIC,PAIRED,0,0,DNBSEQ,DNBSEQ-G400,SRP339960,PRJNA768428,3,768428,SRS15535667,SAMN31460862,simple,9606,Homo sapiens,GSM6683002,,,,,,,no,,,,,"ANGELA WU LAB, LIFS, HKUST",SRA1527675,,public,E2A29893B00749BDCF7184949F845C94,5C3CF2B8A3EF839280657EE522B3ED03,"HCT116, live whole cell, cell 072",cell line: HCT-116,other,transcriptomic,OTHER,"HCT116, live whole cell, cell 072",GPL28038,DNBSEQ-G400
535,SRR22047471,12/31/22 0:27,10/26/22 17:16,1219133,241196160,1219133,197,152,,https://sra-downloadb.be-md.ncbi.nlm.nih.gov/sos4/sra-pub-zq-3/SRR022/22047/SRR22047471/SRR22047471.lite.1,SRX18028570,GSM6683003,OTHER,other,TRANSCRIPTOMIC,PAIRED,0,0,DNBSEQ,DNBSEQ-G400,SRP339960,PRJNA768428,3,768428,SRS15535668,SAMN31460861,simple,9606,Homo sapiens,GSM6683003,,,,,,,no,,,,,"ANGELA WU LAB, LIFS, HKUST",SRA1527675,,public,067685F71EA82F87FF101E39F3F82B0F,680AD5960B0B52FCEBB24DCA6112CD0B,"HCT116, live whole cell, cell 073",cell line: HCT-116,other,transcriptomic,OTHER,"HCT116, live whole cell, cell 073",GPL28038,DNBSEQ-G400
536,SRR22047470,12/31/22 0:27,10/26/22 17:12,985387,194964818,985387,197,124,,https://sra-downloadb.be-md.ncbi.nlm.nih.gov/sos4/sra-pub-zq-3/SRR022/22047/SRR22047470/SRR22047470.lite.1,SRX18028571,GSM6683004,OTHER,other,TRANSCRIPTOMIC,PAIRED,0,0,DNBSEQ,DNBSEQ-G400,SRP339960,PRJNA768428,3,768428,SRS15535670,SAMN31460860,simple,9606,Homo sapiens,GSM6683004,,,,,,,no,,,,,"ANGELA WU LAB, LIFS, HKUST",SRA1527675,,public,FDE8F7966EB70F74315AD00EE4F41C3A,00CE7AF6FBC0FD9C65237DC9FA49E546,"HCT116, live whole cell, cell 074",cell line: HCT-116,other,transcriptomic,OTHER,"HCT116, live whole cell, cell 074",GPL28038,DNBSEQ-G400
537,SRR22047469,12/31/22 0:27,10/26/22 17:11,714681,141391688,714681,197,87,,https://sra-downloadb.be-md.ncbi.nlm.nih.gov/sos4/sra-pub-zq-3/SRR022/22047/SRR22047469/SRR22047469.lite.1,SRX18028572,GSM6683005,OTHER,other,TRANSCRIPTOMIC,PAIRED,0,0,DNBSEQ,DNBSEQ-G400,SRP339960,PRJNA768428,3,768428,SRS15535669,SAMN31460859,simple,9606,Homo sapiens,GSM6683005,,,,,,,no,,,,,"ANGELA WU LAB, LIFS, HKUST",SRA1527675,,public,7BB6BAB4765A9C70C24311C61C5A014B,AF1FAAC8A5E089E5747F25E00D36FB8F,"HCT116, live whole cell, cell 075",cell line: HCT-116,other,transcriptomic,OTHER,"HCT116, live whole cell, cell 075",GPL28038,DNBSEQ-G400
538,SRR22047468,12/31/22 0:27,10/26/22 17:13,1228447,243042774,1228447,197,155,,https://sra-downloadb.be-md.ncbi.nlm.nih.gov/sos4/sra-pub-zq-3/SRR022/22047/SRR22047468/SRR22047468.lite.1,SRX18028573,GSM6683006,OTHER,other,TRANSCRIPTOMIC,PAIRED,0,0,DNBSEQ,DNBSEQ-G400,SRP339960,PRJNA768428,3,768428,SRS15535671,SAMN31460858,simple,9606,Homo sapiens,GSM6683006,,,,,,,no,,,,,"ANGELA WU LAB, LIFS, HKUST",SRA1527675,,public,F135E60C7BF13C0E43C14683E5BB7D15,EF2C753A4E40C97EBBCCDC2F027E2DB2,"HCT116, live whole cell, cell 076",cell line: HCT-116,other,transcriptomic,OTHER,"HCT116, live whole cell, cell 076",GPL28038,DNBSEQ-G400
539,SRR22047467,12/31/22 0:27,10/26/22 17:17,4200549,831049495,4200549,197,527,,https://sra-downloadb.be-md.ncbi.nlm.nih.gov/sos4/sra-pub-zq-3/SRR022/22047/SRR22047467/SRR22047467.lite.1,SRX18028574,GSM6683007,OTHER,other,TRANSCRIPTOMIC,PAIRED,0,0,DNBSEQ,DNBSEQ-G400,SRP339960,PRJNA768428,3,768428,SRS15535672,SAMN31460857,simple,9606,Homo sapiens,GSM6683007,,,,,,,no,,,,,"ANGELA WU LAB, LIFS, HKUST",SRA1527675,,public,F95E9AF7AB68EA9351127520CD240517,D035284833F71EF4DFEAB62FDA2B098B,"HCT116, live whole cell, cell 077",cell line: HCT-116,other,transcriptomic,OTHER,"HCT116, live whole cell, cell 077",GPL28038,DNBSEQ-G400
540,SRR22047466,12/31/22 0:27,10/26/22 17:19,2384841,471832176,2384841,197,299,,https://sra-downloadb.be-md.ncbi.nlm.nih.gov/sos4/sra-pub-zq-3/SRR022/22047/SRR22047466/SRR22047466.lite.1,SRX18028575,GSM6683008,OTHER,other,TRANSCRIPTOMIC,PAIRED,0,0,DNBSEQ,DNBSEQ-G400,SRP339960,PRJNA768428,3,768428,SRS15535673,SAMN31460856,simple,9606,Homo sapiens,GSM6683008,,,,,,,no,,,,,"ANGELA WU LAB, LIFS, HKUST",SRA1527675,,public,611079BF59A3EC931A1C4201100D5685,02A87060E475FDE9AE1D1B406ECFF8BB,"HCT116, live whole cell, cell 078",cell line: HCT-116,other,transcriptomic,OTHER,"HCT116, live whole cell, cell 078",GPL28038,DNBSEQ-G400
541,SRR22047465,12/31/22 0:27,10/26/22 17:15,2775950,549231515,2775950,197,349,,https://sra-downloadb.be-md.ncbi.nlm.nih.gov/sos4/sra-pub-zq-3/SRR022/22047/SRR22047465/SRR22047465.lite.1,SRX18028576,GSM6683010,OTHER,other,TRANSCRIPTOMIC,PAIRED,0,0,DNBSEQ,DNBSEQ-G400,SRP339960,PRJNA768428,3,768428,SRS15535674,SAMN31460855,simple,9606,Homo sapiens,GSM6683010,,,,,,,no,,,,,"ANGELA WU LAB, LIFS, HKUST",SRA1527675,,public,4C9E7800D72431DF07F5ADECAE6C3A07,56F448C4F466AD2DB6E0F1D3AA00DAE4,"HCT116, live whole cell, cell 079",cell line: HCT-116,other,transcriptomic,OTHER,"HCT116, live whole cell, cell 079",GPL28038,DNBSEQ-G400
542,SRR22047464,12/31/22 0:27,10/26/22 17:14,2203945,436034928,2203945,197,277,,https://sra-downloadb.be-md.ncbi.nlm.nih.gov/sos4/sra-pub-zq-3/SRR022/22047/SRR22047464/SRR22047464.lite.1,SRX18028577,GSM6683011,OTHER,other,TRANSCRIPTOMIC,PAIRED,0,0,DNBSEQ,DNBSEQ-G400,SRP339960,PRJNA768428,3,768428,SRS15535675,SAMN31460854,simple,9606,Homo sapiens,GSM6683011,,,,,,,no,,,,,"ANGELA WU LAB, LIFS, HKUST",SRA1527675,,public,1809527A894CE6B997DCFCE63AD313FA,8907DBB594CA39930AF38A4E10DE61A7,"HCT116, live whole cell, cell 080",cell line: HCT-116,other,transcriptomic,OTHER,"HCT116, live whole cell, cell 080",GPL28038,DNBSEQ-G400
543,SRR22047463,12/31/22 0:27,10/26/22 17:15,2726705,539488246,2726705,197,344,,https://sra-downloadb.be-md.ncbi.nlm.nih.gov/sos4/sra-pub-zq-3/SRR022/22047/SRR22047463/SRR22047463.lite.1,SRX18028578,GSM6683012,OTHER,other,TRANSCRIPTOMIC,PAIRED,0,0,DNBSEQ,DNBSEQ-G400,SRP339960,PRJNA768428,3,768428,SRS15535676,SAMN31460853,simple,9606,Homo sapiens,GSM6683012,,,,,,,no,,,,,"ANGELA WU LAB, LIFS, HKUST",SRA1527675,,public,8BE8551C5D24512167D2E6F1E898533B,9BF7EB20649DD18F11E1C342BBCF8540,"HCT116, live whole cell, cell 081",cell line: HCT-116,other,transcriptomic,OTHER,"HCT116, live whole cell, cell 081",GPL28038,DNBSEQ-G400
544,SRR22047462,12/31/22 0:27,10/26/22 17:11,576689,114094739,576689,197,73,,https://sra-downloadb.be-md.ncbi.nlm.nih.gov/sos4/sra-pub-zq-3/SRR022/22047/SRR22047462/SRR22047462.lite.1,SRX18028579,GSM6683013,OTHER,other,TRANSCRIPTOMIC,PAIRED,0,0,DNBSEQ,DNBSEQ-G400,SRP339960,PRJNA768428,3,768428,SRS15535677,SAMN31460852,simple,9606,Homo sapiens,GSM6683013,,,,,,,no,,,,,"ANGELA WU LAB, LIFS, HKUST",SRA1527675,,public,1B017C1B750766C1D115FC82C2153C27,E79E0FDA238B605DDB79D9C0D49AB44B,"HCT116, live whole cell, cell 082",cell line: HCT-116,other,transcriptomic,OTHER,"HCT116, live whole cell, cell 082",GPL28038,DNBSEQ-G400
545,SRR22047461,12/31/22 0:27,10/26/22 17:15,3080366,609458604,3080366,197,387,,https://sra-downloadb.be-md.ncbi.nlm.nih.gov/sos4/sra-pub-zq-3/SRR022/22047/SRR22047461/SRR22047461.lite.1,SRX18028580,GSM6683014,OTHER,other,TRANSCRIPTOMIC,PAIRED,0,0,DNBSEQ,DNBSEQ-G400,SRP339960,PRJNA768428,3,768428,SRS15535678,SAMN31460851,simple,9606,Homo sapiens,GSM6683014,,,,,,,no,,,,,"ANGELA WU LAB, LIFS, HKUST",SRA1527675,,public,AB40CBE70A301FD0A027BDA20DC296AD,D5A541780F3790DFA522F392C59C3026,"HCT116, live whole cell, cell 083",cell line: HCT-116,other,transcriptomic,OTHER,"HCT116, live whole cell, cell 083",GPL28038,DNBSEQ-G400
546,SRR22047460,12/31/22 0:27,10/26/22 17:16,4002192,791795531,4002192,197,501,,https://sra-downloadb.be-md.ncbi.nlm.nih.gov/sos4/sra-pub-zq-3/SRR022/22047/SRR22047460/SRR22047460.lite.1,SRX18028581,GSM6683015,OTHER,other,TRANSCRIPTOMIC,PAIRED,0,0,DNBSEQ,DNBSEQ-G400,SRP339960,PRJNA768428,3,768428,SRS15535679,SAMN31460850,simple,9606,Homo sapiens,GSM6683015,,,,,,,no,,,,,"ANGELA WU LAB, LIFS, HKUST",SRA1527675,,public,42B0A907BEBA2EB17300D6E506695954,9554852A3E85C312F87EB4F77EA8841D,"HCT116, live whole cell, cell 084",cell line: HCT-116,other,transcriptomic,OTHER,"HCT116, live whole cell, cell 084",GPL28038,DNBSEQ-G400
547,SRR22047459,12/31/22 0:27,10/26/22 17:19,2413509,477514455,2413509,197,304,,https://sra-downloadb.be-md.ncbi.nlm.nih.gov/sos4/sra-pub-zq-3/SRR022/22047/SRR22047459/SRR22047459.lite.1,SRX18028582,GSM6683016,OTHER,other,TRANSCRIPTOMIC,PAIRED,0,0,DNBSEQ,DNBSEQ-G400,SRP339960,PRJNA768428,3,768428,SRS15535680,SAMN31460849,simple,9606,Homo sapiens,GSM6683016,,,,,,,no,,,,,"ANGELA WU LAB, LIFS, HKUST",SRA1527675,,public,C213F880FA4ADC3176F0E8CEC5E0024C,0013042C11ADD02244A388E14E05E96A,"HCT116, live whole cell, cell 085",cell line: HCT-116,other,transcriptomic,OTHER,"HCT116, live whole cell, cell 085",GPL28038,DNBSEQ-G400
548,SRR22047458,12/31/22 0:27,10/26/22 17:17,1762540,348720502,1762540,197,222,,https://sra-downloadb.be-md.ncbi.nlm.nih.gov/sos4/sra-pub-zq-3/SRR022/22047/SRR22047458/SRR22047458.lite.1,SRX18028583,GSM6683017,OTHER,other,TRANSCRIPTOMIC,PAIRED,0,0,DNBSEQ,DNBSEQ-G400,SRP339960,PRJNA768428,3,768428,SRS15535681,SAMN31460848,simple,9606,Homo sapiens,GSM6683017,,,,,,,no,,,,,"ANGELA WU LAB, LIFS, HKUST",SRA1527675,,public,03B9BFAC5843001D395028004685FFFA,28F2745E49ED23419B4D566B973075FB,"HCT116, live whole cell, cell 086",cell line: HCT-116,other,transcriptomic,OTHER,"HCT116, live whole cell, cell 086",GPL28038,DNBSEQ-G400
549,SRR22047457,12/31/22 0:27,10/26/22 17:13,1316065,260373813,1316065,197,166,,https://sra-downloadb.be-md.ncbi.nlm.nih.gov/sos4/sra-pub-zq-3/SRR022/22047/SRR22047457/SRR22047457.lite.1,SRX18028584,GSM6683018,OTHER,other,TRANSCRIPTOMIC,PAIRED,0,0,DNBSEQ,DNBSEQ-G400,SRP339960,PRJNA768428,3,768428,SRS15535682,SAMN31460847,simple,9606,Homo sapiens,GSM6683018,,,,,,,no,,,,,"ANGELA WU LAB, LIFS, HKUST",SRA1527675,,public,E42B727D5008C9853118A6D4A86DB00C,8BCDAA21E9DF8F858E7DF41F75E10216,"HCT116, live whole cell, cell 087",cell line: HCT-116,other,transcriptomic,OTHER,"HCT116, live whole cell, cell 087",GPL28038,DNBSEQ-G400
550,SRR22047456,12/31/22 0:27,10/26/22 17:14,3027746,599051796,3027746,197,377,,https://sra-downloadb.be-md.ncbi.nlm.nih.gov/sos4/sra-pub-zq-3/SRR022/22047/SRR22047456/SRR22047456.lite.1,SRX18028585,GSM6683019,OTHER,other,TRANSCRIPTOMIC,PAIRED,0,0,DNBSEQ,DNBSEQ-G400,SRP339960,PRJNA768428,3,768428,SRS15535683,SAMN31460846,simple,9606,Homo sapiens,GSM6683019,,,,,,,no,,,,,"ANGELA WU LAB, LIFS, HKUST",SRA1527675,,public,5C76863A6F010D829B57A862609A0445,C8F9CDCB64466398B504A50BC08C0D1E,"HCT116, live whole cell, cell 088",cell line: HCT-116,other,transcriptomic,OTHER,"HCT116, live whole cell, cell 088",GPL28038,DNBSEQ-G400
551,SRR22047455,12/31/22 0:27,10/26/22 17:14,2576412,509744022,2576412,197,320,,https://sra-downloadb.be-md.ncbi.nlm.nih.gov/sos4/sra-pub-zq-3/SRR022/22047/SRR22047455/SRR22047455.lite.1,SRX18028586,GSM6683020,OTHER,other,TRANSCRIPTOMIC,PAIRED,0,0,DNBSEQ,DNBSEQ-G400,SRP339960,PRJNA768428,3,768428,SRS15535684,SAMN31460845,simple,9606,Homo sapiens,GSM6683020,,,,,,,no,,,,,"ANGELA WU LAB, LIFS, HKUST",SRA1527675,,public,F6187D1638F81E8F829EB802A55C6CD5,C84136BF109CFF62A80F7061DB0F7075,"HCT116, live whole cell, cell 089",cell line: HCT-116,other,transcriptomic,OTHER,"HCT116, live whole cell, cell 089",GPL28038,DNBSEQ-G400
552,SRR22047454,12/31/22 0:27,10/26/22 17:12,1127830,223144307,1127830,197,141,,https://sra-downloadb.be-md.ncbi.nlm.nih.gov/sos4/sra-pub-zq-3/SRR022/22047/SRR22047454/SRR22047454.lite.1,SRX18028587,GSM6683021,OTHER,other,TRANSCRIPTOMIC,PAIRED,0,0,DNBSEQ,DNBSEQ-G400,SRP339960,PRJNA768428,3,768428,SRS15535685,SAMN31460844,simple,9606,Homo sapiens,GSM6683021,,,,,,,no,,,,,"ANGELA WU LAB, LIFS, HKUST",SRA1527675,,public,146FAFD994BBBBE677823A9AFE07730E,677C07D2ED634C99C8B89B46E268703C,"HCT116, live whole cell, cell 090",cell line: HCT-116,other,transcriptomic,OTHER,"HCT116, live whole cell, cell 090",GPL28038,DNBSEQ-G400
553,SRR22047453,12/31/22 0:27,10/26/22 17:12,2088028,413118833,2088028,197,262,,https://sra-downloadb.be-md.ncbi.nlm.nih.gov/sos4/sra-pub-zq-3/SRR022/22047/SRR22047453/SRR22047453.lite.1,SRX18028588,GSM6683022,OTHER,other,TRANSCRIPTOMIC,PAIRED,0,0,DNBSEQ,DNBSEQ-G400,SRP339960,PRJNA768428,3,768428,SRS15535686,SAMN31460843,simple,9606,Homo sapiens,GSM6683022,,,,,,,no,,,,,"ANGELA WU LAB, LIFS, HKUST",SRA1527675,,public,EC4F070D29780A87FB1611B28590EE99,523AB74F4F3DC466DDF5292FD87279AA,"HCT116, live whole cell, cell 091",cell line: HCT-116,other,transcriptomic,OTHER,"HCT116, live whole cell, cell 091",GPL28038,DNBSEQ-G400
554,SRR22047452,12/31/22 0:27,10/26/22 17:17,1489345,294665506,1489345,197,187,,https://sra-downloadb.be-md.ncbi.nlm.nih.gov/sos4/sra-pub-zq-3/SRR022/22047/SRR22047452/SRR22047452.lite.1,SRX18028589,GSM6683024,OTHER,other,TRANSCRIPTOMIC,PAIRED,0,0,DNBSEQ,DNBSEQ-G400,SRP339960,PRJNA768428,3,768428,SRS15535687,SAMN31460842,simple,9606,Homo sapiens,GSM6683024,,,,,,,no,,,,,"ANGELA WU LAB, LIFS, HKUST",SRA1527675,,public,56A6E199ED71C289AE6AB40021E412A6,7BB7EDBFD68E630F8CF371E517904E27,"HCT116, live whole cell, cell 092",cell line: HCT-116,other,transcriptomic,OTHER,"HCT116, live whole cell, cell 092",GPL28038,DNBSEQ-G400
555,SRR22047451,12/31/22 0:27,10/26/22 17:13,1793018,354750325,1793018,197,226,,https://sra-downloadb.be-md.ncbi.nlm.nih.gov/sos4/sra-pub-zq-3/SRR022/22047/SRR22047451/SRR22047451.lite.1,SRX18028590,GSM6683025,OTHER,other,TRANSCRIPTOMIC,PAIRED,0,0,DNBSEQ,DNBSEQ-G400,SRP339960,PRJNA768428,3,768428,SRS15535688,SAMN31460841,simple,9606,Homo sapiens,GSM6683025,,,,,,,no,,,,,"ANGELA WU LAB, LIFS, HKUST",SRA1527675,,public,9F11992B609DA352E2635030D185F5B4,7CC2B115446D6DD81F66E9AE4E6D8064,"HCT116, extracted nuclei, cell 001",cell line: HCT-116,other,transcriptomic,OTHER,"HCT116, extracted nuclei, cell 001",GPL28038,DNBSEQ-G400
556,SRR22047450,12/31/22 0:27,10/26/22 17:18,1869216,369831516,1869216,197,238,,https://sra-downloadb.be-md.ncbi.nlm.nih.gov/sos4/sra-pub-zq-3/SRR022/22047/SRR22047450/SRR22047450.lite.1,SRX18028591,GSM6683026,OTHER,other,TRANSCRIPTOMIC,PAIRED,0,0,DNBSEQ,DNBSEQ-G400,SRP339960,PRJNA768428,3,768428,SRS15535690,SAMN31460840,simple,9606,Homo sapiens,GSM6683026,,,,,,,no,,,,,"ANGELA WU LAB, LIFS, HKUST",SRA1527675,,public,A1CD9F7C5A52BF829E7A621EE0F68D3B,EE9E49CF0BFA669832003F4CA9C28A04,"HCT116, extracted nuclei, cell 002",cell line: HCT-116,other,transcriptomic,OTHER,"HCT116, extracted nuclei, cell 002",GPL28038,DNBSEQ-G400
557,SRR22047449,12/31/22 0:27,10/26/22 17:14,2034776,402582497,2034776,197,258,,https://sra-downloadb.be-md.ncbi.nlm.nih.gov/sos4/sra-pub-zq-3/SRR022/22047/SRR22047449/SRR22047449.lite.1,SRX18028592,GSM6683027,OTHER,other,TRANSCRIPTOMIC,PAIRED,0,0,DNBSEQ,DNBSEQ-G400,SRP339960,PRJNA768428,3,768428,SRS15535689,SAMN31460839,simple,9606,Homo sapiens,GSM6683027,,,,,,,no,,,,,"ANGELA WU LAB, LIFS, HKUST",SRA1527675,,public,8874CE6A5DC1386D195BE5D763CB3905,862E6FA1F56DAEFD20A6865047799556,"HCT116, extracted nuclei, cell 003",cell line: HCT-116,other,transcriptomic,OTHER,"HCT116, extracted nuclei, cell 003",GPL28038,DNBSEQ-G400
558,SRR22047448,12/31/22 0:27,10/26/22 17:17,2029484,401522799,2029484,197,256,,https://sra-downloadb.be-md.ncbi.nlm.nih.gov/sos4/sra-pub-zq-3/SRR022/22047/SRR22047448/SRR22047448.lite.1,SRX18028593,GSM6683028,OTHER,other,TRANSCRIPTOMIC,PAIRED,0,0,DNBSEQ,DNBSEQ-G400,SRP339960,PRJNA768428,3,768428,SRS15535691,SAMN31460838,simple,9606,Homo sapiens,GSM6683028,,,,,,,no,,,,,"ANGELA WU LAB, LIFS, HKUST",SRA1527675,,public,016001B211A9877F4B6C9CA8ACC82DBF,49FBF6AB9CB87582D36CFBB3AFCF454B,"HCT116, extracted nuclei, cell 004",cell line: HCT-116,other,transcriptomic,OTHER,"HCT116, extracted nuclei, cell 004",GPL28038,DNBSEQ-G400
559,SRR22047447,12/31/22 0:27,10/26/22 17:13,1810923,358291815,1810923,197,229,,https://sra-downloadb.be-md.ncbi.nlm.nih.gov/sos4/sra-pub-zq-3/SRR022/22047/SRR22047447/SRR22047447.lite.1,SRX18028594,GSM6683029,OTHER,other,TRANSCRIPTOMIC,PAIRED,0,0,DNBSEQ,DNBSEQ-G400,SRP339960,PRJNA768428,3,768428,SRS15535693,SAMN31460837,simple,9606,Homo sapiens,GSM6683029,,,,,,,no,,,,,"ANGELA WU LAB, LIFS, HKUST",SRA1527675,,public,1E25B7CE74B12AB2D67D6BE2CA81525F,D7464FFEDE5008779A0D05CCB9390A5B,"HCT116, extracted nuclei, cell 005",cell line: HCT-116,other,transcriptomic,OTHER,"HCT116, extracted nuclei, cell 005",GPL28038,DNBSEQ-G400
560,SRR22047446,12/31/22 0:27,10/26/22 17:13,2142223,423830088,2142223,197,271,,https://sra-downloadb.be-md.ncbi.nlm.nih.gov/sos4/sra-pub-zq-3/SRR022/22047/SRR22047446/SRR22047446.lite.1,SRX18028595,GSM6683030,OTHER,other,TRANSCRIPTOMIC,PAIRED,0,0,DNBSEQ,DNBSEQ-G400,SRP339960,PRJNA768428,3,768428,SRS15535692,SAMN31460836,simple,9606,Homo sapiens,GSM6683030,,,,,,,no,,,,,"ANGELA WU LAB, LIFS, HKUST",SRA1527675,,public,83F7BE26BD309CBB11456C322DF77CFE,79BE2B9DC306D8925EFF42BC73669FEA,"HCT116, extracted nuclei, cell 006",cell line: HCT-116,other,transcriptomic,OTHER,"HCT116, extracted nuclei, cell 006",GPL28038,DNBSEQ-G400
561,SRR22047445,12/31/22 0:27,10/26/22 17:12,2062013,407976569,2062013,197,261,,https://sra-downloadb.be-md.ncbi.nlm.nih.gov/sos4/sra-pub-zq-3/SRR022/22047/SRR22047445/SRR22047445.lite.1,SRX18028596,GSM6683031,OTHER,other,TRANSCRIPTOMIC,PAIRED,0,0,DNBSEQ,DNBSEQ-G400,SRP339960,PRJNA768428,3,768428,SRS15535694,SAMN31460835,simple,9606,Homo sapiens,GSM6683031,,,,,,,no,,,,,"ANGELA WU LAB, LIFS, HKUST",SRA1527675,,public,5C77FA30A5EFAA13C5C60E4A79186131,7ADA5FC23076F9B88B3C43C416B929D8,"HCT116, extracted nuclei, cell 007",cell line: HCT-116,other,transcriptomic,OTHER,"HCT116, extracted nuclei, cell 007",GPL28038,DNBSEQ-G400
562,SRR22047443,12/31/22 0:27,10/26/22 17:12,1555236,307713667,1555236,197,198,,https://sra-downloadb.be-md.ncbi.nlm.nih.gov/sos4/sra-pub-zq-3/SRR022/22047/SRR22047443/SRR22047443.lite.1,SRX18028598,GSM6683033,OTHER,other,TRANSCRIPTOMIC,PAIRED,0,0,DNBSEQ,DNBSEQ-G400,SRP339960,PRJNA768428,3,768428,SRS15535695,SAMN31460833,simple,9606,Homo sapiens,GSM6683033,,,,,,,no,,,,,"ANGELA WU LAB, LIFS, HKUST",SRA1527675,,public,41AF29961C0702F828F160640CB6DA0D,F2CB70A1F64B960DC882CA2552C96657,"HCT116, extracted nuclei, cell 009",cell line: HCT-116,other,transcriptomic,OTHER,"HCT116, extracted nuclei, cell 009",GPL28038,DNBSEQ-G400
563,SRR22047444,12/31/22 0:27,10/26/22 17:14,2247152,444603067,2247152,197,285,,https://sra-downloadb.be-md.ncbi.nlm.nih.gov/sos4/sra-pub-zq-3/SRR022/22047/SRR22047444/SRR22047444.lite.1,SRX18028597,GSM6683032,OTHER,other,TRANSCRIPTOMIC,PAIRED,0,0,DNBSEQ,DNBSEQ-G400,SRP339960,PRJNA768428,3,768428,SRS15535696,SAMN31460834,simple,9606,Homo sapiens,GSM6683032,,,,,,,no,,,,,"ANGELA WU LAB, LIFS, HKUST",SRA1527675,,public,501E74E6D53576311713427CEF1A0DF8,1FE857D97332B40FC182FE338F38A73C,"HCT116, extracted nuclei, cell 008",cell line: HCT-116,other,transcriptomic,OTHER,"HCT116, extracted nuclei, cell 008",GPL28038,DNBSEQ-G400
564,SRR22047442,12/31/22 0:27,10/26/22 17:18,1838656,363772740,1838656,197,235,,https://sra-downloadb.be-md.ncbi.nlm.nih.gov/sos4/sra-pub-zq-3/SRR022/22047/SRR22047442/SRR22047442.lite.1,SRX18028599,GSM6683034,OTHER,other,TRANSCRIPTOMIC,PAIRED,0,0,DNBSEQ,DNBSEQ-G400,SRP339960,PRJNA768428,3,768428,SRS15535697,SAMN31460832,simple,9606,Homo sapiens,GSM6683034,,,,,,,no,,,,,"ANGELA WU LAB, LIFS, HKUST",SRA1527675,,public,B4B23785535693576C7B946842A0DE8A,FD865F879C669C9694BEA2CD5D7B3897,"HCT116, extracted nuclei, cell 010",cell line: HCT-116,other,transcriptomic,OTHER,"HCT116, extracted nuclei, cell 010",GPL28038,DNBSEQ-G400
565,SRR22047441,12/31/22 0:27,10/26/22 17:18,1963728,388532403,1963728,197,250,,https://sra-downloadb.be-md.ncbi.nlm.nih.gov/sos4/sra-pub-zq-3/SRR022/22047/SRR22047441/SRR22047441.lite.1,SRX18028600,GSM6683035,OTHER,other,TRANSCRIPTOMIC,PAIRED,0,0,DNBSEQ,DNBSEQ-G400,SRP339960,PRJNA768428,3,768428,SRS15535698,SAMN31460831,simple,9606,Homo sapiens,GSM6683035,,,,,,,no,,,,,"ANGELA WU LAB, LIFS, HKUST",SRA1527675,,public,DC07604E266A85B209FB3DDB1F78E982,2A48A4B09FEB4E7A5B6E8930E399A1D7,"HCT116, extracted nuclei, cell 011",cell line: HCT-116,other,transcriptomic,OTHER,"HCT116, extracted nuclei, cell 011",GPL28038,DNBSEQ-G400
566,SRR22047440,12/31/22 0:27,10/26/22 17:13,1826281,361336424,1826281,197,231,,https://sra-downloadb.be-md.ncbi.nlm.nih.gov/sos4/sra-pub-zq-3/SRR022/22047/SRR22047440/SRR22047440.lite.1,SRX18028601,GSM6683036,OTHER,other,TRANSCRIPTOMIC,PAIRED,0,0,DNBSEQ,DNBSEQ-G400,SRP339960,PRJNA768428,3,768428,SRS15535699,SAMN31460830,simple,9606,Homo sapiens,GSM6683036,,,,,,,no,,,,,"ANGELA WU LAB, LIFS, HKUST",SRA1527675,,public,2B0B54EB9284E7FB63581791AF2A2A2C,3339EE6F4D92C1206B53CED0A553A9D3,"HCT116, extracted nuclei, cell 012",cell line: HCT-116,other,transcriptomic,OTHER,"HCT116, extracted nuclei, cell 012",GPL28038,DNBSEQ-G400
567,SRR22047439,12/31/22 0:27,10/26/22 17:09,42632,8422567,42632,197,5,,https://sra-downloadb.be-md.ncbi.nlm.nih.gov/sos4/sra-pub-zq-3/SRR022/22047/SRR22047439/SRR22047439.lite.1,SRX18028602,GSM6683038,OTHER,other,TRANSCRIPTOMIC,PAIRED,0,0,DNBSEQ,DNBSEQ-G400,SRP339960,PRJNA768428,3,768428,SRS15535700,SAMN31460829,simple,9606,Homo sapiens,GSM6683038,,,,,,,no,,,,,"ANGELA WU LAB, LIFS, HKUST",SRA1527675,,public,85B32AD0552057633BF97AD60C04CC88,DE0711C4074038E36081191CF9019C3D,"HCT116, extracted nuclei, cell 013",cell line: HCT-116,other,transcriptomic,OTHER,"HCT116, extracted nuclei, cell 013",GPL28038,DNBSEQ-G400
568,SRR22047438,12/31/22 0:27,10/26/22 17:13,1109792,219565044,1109792,197,140,,https://sra-downloadb.be-md.ncbi.nlm.nih.gov/sos4/sra-pub-zq-3/SRR022/22047/SRR22047438/SRR22047438.lite.1,SRX18028603,GSM6683039,OTHER,other,TRANSCRIPTOMIC,PAIRED,0,0,DNBSEQ,DNBSEQ-G400,SRP339960,PRJNA768428,3,768428,SRS15535701,SAMN31460828,simple,9606,Homo sapiens,GSM6683039,,,,,,,no,,,,,"ANGELA WU LAB, LIFS, HKUST",SRA1527675,,public,FB5897E75E61E993607A74934F70D812,6F0AC7B415A2CC250186B267E11AB953,"HCT116, extracted nuclei, cell 014",cell line: HCT-116,other,transcriptomic,OTHER,"HCT116, extracted nuclei, cell 014",GPL28038,DNBSEQ-G400
569,SRR22047437,12/31/22 0:27,10/26/22 17:16,4412690,873054551,4412690,197,565,,https://sra-downloadb.be-md.ncbi.nlm.nih.gov/sos4/sra-pub-zq-3/SRR022/22047/SRR22047437/SRR22047437.lite.1,SRX18028604,GSM6683040,OTHER,other,TRANSCRIPTOMIC,PAIRED,0,0,DNBSEQ,DNBSEQ-G400,SRP339960,PRJNA768428,3,768428,SRS15535702,SAMN31460827,simple,9606,Homo sapiens,GSM6683040,,,,,,,no,,,,,"ANGELA WU LAB, LIFS, HKUST",SRA1527675,,public,942A84A84EBB96A4E18B292465798C02,AB9F826678A7A1DBB2C3213172CFE7AD,"HCT116, extracted nuclei, cell 015",cell line: HCT-116,other,transcriptomic,OTHER,"HCT116, extracted nuclei, cell 015",GPL28038,DNBSEQ-G400
570,SRR22047436,12/31/22 0:27,10/26/22 17:12,946415,187234327,946415,197,119,,https://sra-downloadb.be-md.ncbi.nlm.nih.gov/sos4/sra-pub-zq-3/SRR022/22047/SRR22047436/SRR22047436.lite.1,SRX18028605,GSM6683041,OTHER,other,TRANSCRIPTOMIC,PAIRED,0,0,DNBSEQ,DNBSEQ-G400,SRP339960,PRJNA768428,3,768428,SRS15535703,SAMN31460826,simple,9606,Homo sapiens,GSM6683041,,,,,,,no,,,,,"ANGELA WU LAB, LIFS, HKUST",SRA1527675,,public,67473039610C8AE9B9B1C72AC2E12FBE,E63AC056A87B58D145BA1F4FE4158FE1,"HCT116, extracted nuclei, cell 016",cell line: HCT-116,other,transcriptomic,OTHER,"HCT116, extracted nuclei, cell 016",GPL28038,DNBSEQ-G400
571,SRR22047435,12/31/22 0:27,10/26/22 17:18,2016893,399059493,2016893,197,254,,https://sra-downloadb.be-md.ncbi.nlm.nih.gov/sos4/sra-pub-zq-3/SRR022/22047/SRR22047435/SRR22047435.lite.1,SRX18028606,GSM6683042,OTHER,other,TRANSCRIPTOMIC,PAIRED,0,0,DNBSEQ,DNBSEQ-G400,SRP339960,PRJNA768428,3,768428,SRS15535704,SAMN31460825,simple,9606,Homo sapiens,GSM6683042,,,,,,,no,,,,,"ANGELA WU LAB, LIFS, HKUST",SRA1527675,,public,7FE64D3F978E27DBE6277F16B333C871,D2D23955239426399B6AD2EA150612C6,"HCT116, extracted nuclei, cell 017",cell line: HCT-116,other,transcriptomic,OTHER,"HCT116, extracted nuclei, cell 017",GPL28038,DNBSEQ-G400
572,SRR22047434,12/31/22 0:27,10/26/22 17:13,2515693,497733555,2515693,197,322,,https://sra-downloadb.be-md.ncbi.nlm.nih.gov/sos4/sra-pub-zq-3/SRR022/22047/SRR22047434/SRR22047434.lite.1,SRX18028607,GSM6683043,OTHER,other,TRANSCRIPTOMIC,PAIRED,0,0,DNBSEQ,DNBSEQ-G400,SRP339960,PRJNA768428,3,768428,SRS15535705,SAMN31460824,simple,9606,Homo sapiens,GSM6683043,,,,,,,no,,,,,"ANGELA WU LAB, LIFS, HKUST",SRA1527675,,public,9ED78B55F6EE2FD472AD351ACC78B28C,AD720573166E31BFBEB998F2EA842BA3,"HCT116, extracted nuclei, cell 018",cell line: HCT-116,other,transcriptomic,OTHER,"HCT116, extracted nuclei, cell 018",GPL28038,DNBSEQ-G400
573,SRR22047433,12/31/22 0:27,10/26/22 17:18,2058158,407218830,2058158,197,261,,https://sra-downloadb.be-md.ncbi.nlm.nih.gov/sos4/sra-pub-zq-3/SRR022/22047/SRR22047433/SRR22047433.lite.1,SRX18028608,GSM6683044,OTHER,other,TRANSCRIPTOMIC,PAIRED,0,0,DNBSEQ,DNBSEQ-G400,SRP339960,PRJNA768428,3,768428,SRS15535706,SAMN31460823,simple,9606,Homo sapiens,GSM6683044,,,,,,,no,,,,,"ANGELA WU LAB, LIFS, HKUST",SRA1527675,,public,05437F92AC0253D3D3E50D4FD768C1ED,4FA3D986FEF64BC04EA0BF7FE1D09614,"HCT116, extracted nuclei, cell 019",cell line: HCT-116,other,transcriptomic,OTHER,"HCT116, extracted nuclei, cell 019",GPL28038,DNBSEQ-G400
574,SRR22047432,12/31/22 0:27,10/26/22 17:14,2425873,479967112,2425873,197,305,,https://sra-downloadb.be-md.ncbi.nlm.nih.gov/sos4/sra-pub-zq-3/SRR022/22047/SRR22047432/SRR22047432.lite.1,SRX18028609,GSM6683045,OTHER,other,TRANSCRIPTOMIC,PAIRED,0,0,DNBSEQ,DNBSEQ-G400,SRP339960,PRJNA768428,3,768428,SRS15535707,SAMN31460822,simple,9606,Homo sapiens,GSM6683045,,,,,,,no,,,,,"ANGELA WU LAB, LIFS, HKUST",SRA1527675,,public,C0AA45AD977C0CAEA04ED1E6FDDA9BC3,A84F614DB162520FE9D13F2C17DDCDFD,"HCT116, extracted nuclei, cell 020",cell line: HCT-116,other,transcriptomic,OTHER,"HCT116, extracted nuclei, cell 020",GPL28038,DNBSEQ-G400
575,SRR22047431,12/31/22 0:27,10/26/22 17:13,1858404,367677459,1858404,197,235,,https://sra-downloadb.be-md.ncbi.nlm.nih.gov/sos4/sra-pub-zq-3/SRR022/22047/SRR22047431/SRR22047431.lite.1,SRX18028610,GSM6683046,OTHER,other,TRANSCRIPTOMIC,PAIRED,0,0,DNBSEQ,DNBSEQ-G400,SRP339960,PRJNA768428,3,768428,SRS15535708,SAMN31460821,simple,9606,Homo sapiens,GSM6683046,,,,,,,no,,,,,"ANGELA WU LAB, LIFS, HKUST",SRA1527675,,public,35AA1F83E7FC8EF738F9B8E324768667,7C908CC5A993C8AE5D392C2392A4C598,"HCT116, extracted nuclei, cell 021",cell line: HCT-116,other,transcriptomic,OTHER,"HCT116, extracted nuclei, cell 021",GPL28038,DNBSEQ-G400
576,SRR22047429,12/31/22 0:27,10/26/22 17:14,2146601,424718269,2146601,197,272,,https://sra-downloadb.be-md.ncbi.nlm.nih.gov/sos4/sra-pub-zq-3/SRR022/22047/SRR22047429/SRR22047429.lite.1,SRX18028612,GSM6683048,OTHER,other,TRANSCRIPTOMIC,PAIRED,0,0,DNBSEQ,DNBSEQ-G400,SRP339960,PRJNA768428,3,768428,SRS15535709,SAMN31460819,simple,9606,Homo sapiens,GSM6683048,,,,,,,no,,,,,"ANGELA WU LAB, LIFS, HKUST",SRA1527675,,public,94F826062F9136BFD2C4BBA0B171269A,83D72D367767719F00619FE1B3B8B330,"HCT116, extracted nuclei, cell 023",cell line: HCT-116,other,transcriptomic,OTHER,"HCT116, extracted nuclei, cell 023",GPL28038,DNBSEQ-G400
577,SRR22047430,12/31/22 0:27,10/26/22 17:12,1905389,376992539,1905389,197,241,,https://sra-downloadb.be-md.ncbi.nlm.nih.gov/sos4/sra-pub-zq-3/SRR022/22047/SRR22047430/SRR22047430.lite.1,SRX18028611,GSM6683047,OTHER,other,TRANSCRIPTOMIC,PAIRED,0,0,DNBSEQ,DNBSEQ-G400,SRP339960,PRJNA768428,3,768428,SRS15535710,SAMN31460820,simple,9606,Homo sapiens,GSM6683047,,,,,,,no,,,,,"ANGELA WU LAB, LIFS, HKUST",SRA1527675,,public,5C664A6367C9604C72DE2846055000F5,007C7BA6481D8017BBC21E8FCCCCCE7C,"HCT116, extracted nuclei, cell 022",cell line: HCT-116,other,transcriptomic,OTHER,"HCT116, extracted nuclei, cell 022",GPL28038,DNBSEQ-G400
578,SRR22047428,12/31/22 0:27,10/26/22 17:15,2195572,434395036,2195572,197,278,,https://sra-downloadb.be-md.ncbi.nlm.nih.gov/sos4/sra-pub-zq-3/SRR022/22047/SRR22047428/SRR22047428.lite.1,SRX18028613,GSM6683049,OTHER,other,TRANSCRIPTOMIC,PAIRED,0,0,DNBSEQ,DNBSEQ-G400,SRP339960,PRJNA768428,3,768428,SRS15535711,SAMN31460818,simple,9606,Homo sapiens,GSM6683049,,,,,,,no,,,,,"ANGELA WU LAB, LIFS, HKUST",SRA1527675,,public,CC140EFC7F12CBC9699876F17551237F,5E33BE643203DB40C2DFF8BCBADA54E9,"HCT116, extracted nuclei, cell 024",cell line: HCT-116,other,transcriptomic,OTHER,"HCT116, extracted nuclei, cell 024",GPL28038,DNBSEQ-G400
579,SRR22047427,12/31/22 0:27,10/26/22 17:13,1743410,344932665,1743410,197,220,,https://sra-downloadb.be-md.ncbi.nlm.nih.gov/sos4/sra-pub-zq-3/SRR022/22047/SRR22047427/SRR22047427.lite.1,SRX18028614,GSM6683051,OTHER,other,TRANSCRIPTOMIC,PAIRED,0,0,DNBSEQ,DNBSEQ-G400,SRP339960,PRJNA768428,3,768428,SRS15535713,SAMN31460817,simple,9606,Homo sapiens,GSM6683051,,,,,,,no,,,,,"ANGELA WU LAB, LIFS, HKUST",SRA1527675,,public,32A3436843F73BD4753BF198167A504A,0717DEFF6E0BD4868CD30ED8E27F06EF,"HCT116, extracted nuclei, cell 025",cell line: HCT-116,other,transcriptomic,OTHER,"HCT116, extracted nuclei, cell 025",GPL28038,DNBSEQ-G400
580,SRR22047426,12/31/22 0:27,10/26/22 17:14,2211158,437489337,2211158,197,281,,https://sra-downloadb.be-md.ncbi.nlm.nih.gov/sos4/sra-pub-zq-3/SRR022/22047/SRR22047426/SRR22047426.lite.1,SRX18028615,GSM6683052,OTHER,other,TRANSCRIPTOMIC,PAIRED,0,0,DNBSEQ,DNBSEQ-G400,SRP339960,PRJNA768428,3,768428,SRS15535712,SAMN31460816,simple,9606,Homo sapiens,GSM6683052,,,,,,,no,,,,,"ANGELA WU LAB, LIFS, HKUST",SRA1527675,,public,9E8E2F841CB39BF987D22154B6B12365,77CC421ED3AE6072BA30AAAD791E337A,"HCT116, extracted nuclei, cell 026",cell line: HCT-116,other,transcriptomic,OTHER,"HCT116, extracted nuclei, cell 026",GPL28038,DNBSEQ-G400
581,SRR22047425,12/31/22 0:27,10/26/22 17:13,1956329,387066595,1956329,197,248,,https://sra-downloadb.be-md.ncbi.nlm.nih.gov/sos4/sra-pub-zq-3/SRR022/22047/SRR22047425/SRR22047425.lite.1,SRX18028616,GSM6683053,OTHER,other,TRANSCRIPTOMIC,PAIRED,0,0,DNBSEQ,DNBSEQ-G400,SRP339960,PRJNA768428,3,768428,SRS15535714,SAMN31460815,simple,9606,Homo sapiens,GSM6683053,,,,,,,no,,,,,"ANGELA WU LAB, LIFS, HKUST",SRA1527675,,public,A740875E5DBFD7997E89022BFC4C7AFA,DDF805F1EDF4629095CE35513198825D,"HCT116, extracted nuclei, cell 027",cell line: HCT-116,other,transcriptomic,OTHER,"HCT116, extracted nuclei, cell 027",GPL28038,DNBSEQ-G400
582,SRR22047424,12/31/22 0:27,10/26/22 17:16,3836651,759082275,3836651,197,485,,https://sra-downloadb.be-md.ncbi.nlm.nih.gov/sos4/sra-pub-zq-3/SRR022/22047/SRR22047424/SRR22047424.lite.1,SRX18028617,GSM6683054,OTHER,other,TRANSCRIPTOMIC,PAIRED,0,0,DNBSEQ,DNBSEQ-G400,SRP339960,PRJNA768428,3,768428,SRS15535715,SAMN31460814,simple,9606,Homo sapiens,GSM6683054,,,,,,,no,,,,,"ANGELA WU LAB, LIFS, HKUST",SRA1527675,,public,2119F1654E7C9807A9668ED0DD5D288E,1125E0F126098AD25A6D458018DFBC5C,"HCT116, extracted nuclei, cell 028",cell line: HCT-116,other,transcriptomic,OTHER,"HCT116, extracted nuclei, cell 028",GPL28038,DNBSEQ-G400
583,SRR22047423,12/31/22 0:27,10/26/22 17:17,2016004,398874089,2016004,197,254,,https://sra-downloadb.be-md.ncbi.nlm.nih.gov/sos4/sra-pub-zq-3/SRR022/22047/SRR22047423/SRR22047423.lite.1,SRX18028618,GSM6683055,OTHER,other,TRANSCRIPTOMIC,PAIRED,0,0,DNBSEQ,DNBSEQ-G400,SRP339960,PRJNA768428,3,768428,SRS15535716,SAMN31460813,simple,9606,Homo sapiens,GSM6683055,,,,,,,no,,,,,"ANGELA WU LAB, LIFS, HKUST",SRA1527675,,public,F3EA6EAC3C63375F0FFEE87298170B00,4FFDBFCA4E9087EE1FE0ECDDC8483F07,"HCT116, extracted nuclei, cell 029",cell line: HCT-116,other,transcriptomic,OTHER,"HCT116, extracted nuclei, cell 029",GPL28038,DNBSEQ-G400
584,SRR22047422,12/31/22 0:27,10/26/22 17:18,1911050,378115439,1911050,197,241,,https://sra-downloadb.be-md.ncbi.nlm.nih.gov/sos4/sra-pub-zq-3/SRR022/22047/SRR22047422/SRR22047422.lite.1,SRX18028619,GSM6683056,OTHER,other,TRANSCRIPTOMIC,PAIRED,0,0,DNBSEQ,DNBSEQ-G400,SRP339960,PRJNA768428,3,768428,SRS15535717,SAMN31460812,simple,9606,Homo sapiens,GSM6683056,,,,,,,no,,,,,"ANGELA WU LAB, LIFS, HKUST",SRA1527675,,public,45D20713348FF6C4A242665FB365481C,F24694B751FC3B4931F28771C7E2FA61,"HCT116, extracted nuclei, cell 030",cell line: HCT-116,other,transcriptomic,OTHER,"HCT116, extracted nuclei, cell 030",GPL28038,DNBSEQ-G400
585,SRR22047421,12/31/22 0:27,10/26/22 17:12,1424112,281761731,1424112,197,180,,https://sra-downloadb.be-md.ncbi.nlm.nih.gov/sos4/sra-pub-zq-3/SRR022/22047/SRR22047421/SRR22047421.lite.1,SRX18028620,GSM6683057,OTHER,other,TRANSCRIPTOMIC,PAIRED,0,0,DNBSEQ,DNBSEQ-G400,SRP339960,PRJNA768428,3,768428,SRS15535718,SAMN31460811,simple,9606,Homo sapiens,GSM6683057,,,,,,,no,,,,,"ANGELA WU LAB, LIFS, HKUST",SRA1527675,,public,E21EF7DBF80C9D500427B89EFBA2181F,67D304840392CB2DACAE19162D0CEF15,"HCT116, extracted nuclei, cell 031",cell line: HCT-116,other,transcriptomic,OTHER,"HCT116, extracted nuclei, cell 031",GPL28038,DNBSEQ-G400
586,SRR22047420,12/31/22 0:27,10/26/22 17:14,2198782,435040442,2198782,197,277,,https://sra-downloadb.be-md.ncbi.nlm.nih.gov/sos4/sra-pub-zq-3/SRR022/22047/SRR22047420/SRR22047420.lite.1,SRX18028621,GSM6683058,OTHER,other,TRANSCRIPTOMIC,PAIRED,0,0,DNBSEQ,DNBSEQ-G400,SRP339960,PRJNA768428,3,768428,SRS15535719,SAMN31460810,simple,9606,Homo sapiens,GSM6683058,,,,,,,no,,,,,"ANGELA WU LAB, LIFS, HKUST",SRA1527675,,public,4D7DBE08C329BEE20FFBC8E1C2A6E610,5D61464BC97827545E361DEA5B24F758,"HCT116, extracted nuclei, cell 032",cell line: HCT-116,other,transcriptomic,OTHER,"HCT116, extracted nuclei, cell 032",GPL28038,DNBSEQ-G400
587,SRR22047419,12/31/22 0:27,10/26/22 17:16,893582,176804469,893582,197,116,,https://sra-downloadb.be-md.ncbi.nlm.nih.gov/sos4/sra-pub-zq-3/SRR022/22047/SRR22047419/SRR22047419.lite.1,SRX18028622,GSM6683059,OTHER,other,TRANSCRIPTOMIC,PAIRED,0,0,DNBSEQ,DNBSEQ-G400,SRP339960,PRJNA768428,3,768428,SRS15535720,SAMN31460809,simple,9606,Homo sapiens,GSM6683059,,,,,,,no,,,,,"ANGELA WU LAB, LIFS, HKUST",SRA1527675,,public,6046E5E49335BC391DDE16C305096453,8BBA07B4BEDBD8645B9B064F31875936,"HCT116, extracted nuclei, cell 033",cell line: HCT-116,other,transcriptomic,OTHER,"HCT116, extracted nuclei, cell 033",GPL28038,DNBSEQ-G400
588,SRR22047418,12/31/22 0:27,10/26/22 17:18,2042576,404144742,2042576,197,263,,https://sra-downloadb.be-md.ncbi.nlm.nih.gov/sos4/sra-pub-zq-3/SRR022/22047/SRR22047418/SRR22047418.lite.1,SRX18028623,GSM6683060,OTHER,other,TRANSCRIPTOMIC,PAIRED,0,0,DNBSEQ,DNBSEQ-G400,SRP339960,PRJNA768428,3,768428,SRS15535721,SAMN31460808,simple,9606,Homo sapiens,GSM6683060,,,,,,,no,,,,,"ANGELA WU LAB, LIFS, HKUST",SRA1527675,,public,F4F386CE080170CDA6BB331D4CEF2308,976E6FDF856301C118E07E9D3497CD2F,"HCT116, extracted nuclei, cell 034",cell line: HCT-116,other,transcriptomic,OTHER,"HCT116, extracted nuclei, cell 034",GPL28038,DNBSEQ-G400
589,SRR22047417,12/31/22 0:27,10/26/22 17:13,1808657,357860541,1808657,197,232,,https://sra-downloadb.be-md.ncbi.nlm.nih.gov/sos4/sra-pub-zq-3/SRR022/22047/SRR22047417/SRR22047417.lite.1,SRX18028624,GSM6683061,OTHER,other,TRANSCRIPTOMIC,PAIRED,0,0,DNBSEQ,DNBSEQ-G400,SRP339960,PRJNA768428,3,768428,SRS15535722,SAMN31460807,simple,9606,Homo sapiens,GSM6683061,,,,,,,no,,,,,"ANGELA WU LAB, LIFS, HKUST",SRA1527675,,public,16BB53F48499FD04873C4F7105F7623E,E49A619BF1298458D4952EBB946763F4,"HCT116, extracted nuclei, cell 035",cell line: HCT-116,other,transcriptomic,OTHER,"HCT116, extracted nuclei, cell 035",GPL28038,DNBSEQ-G400
590,SRR22047416,12/31/22 0:27,10/26/22 17:17,1821862,360465694,1821862,197,230,,https://sra-downloadb.be-md.ncbi.nlm.nih.gov/sos4/sra-pub-zq-3/SRR022/22047/SRR22047416/SRR22047416.lite.1,SRX18028625,GSM6683062,OTHER,other,TRANSCRIPTOMIC,PAIRED,0,0,DNBSEQ,DNBSEQ-G400,SRP339960,PRJNA768428,3,768428,SRS15535723,SAMN31460806,simple,9606,Homo sapiens,GSM6683062,,,,,,,no,,,,,"ANGELA WU LAB, LIFS, HKUST",SRA1527675,,public,DBCB3C355EA9FD8FA3358DBCB94DF8E9,EFAFDA57BE359888545A7376179AC69B,"HCT116, extracted nuclei, cell 036",cell line: HCT-116,other,transcriptomic,OTHER,"HCT116, extracted nuclei, cell 036",GPL28038,DNBSEQ-G400
591,SRR22047415,12/31/22 0:27,10/26/22 17:14,1981115,391983578,1981115,197,254,,https://sra-downloadb.be-md.ncbi.nlm.nih.gov/sos4/sra-pub-zq-3/SRR022/22047/SRR22047415/SRR22047415.lite.1,SRX18028626,GSM6683063,OTHER,other,TRANSCRIPTOMIC,PAIRED,0,0,DNBSEQ,DNBSEQ-G400,SRP339960,PRJNA768428,3,768428,SRS15535724,SAMN31460805,simple,9606,Homo sapiens,GSM6683063,,,,,,,no,,,,,"ANGELA WU LAB, LIFS, HKUST",SRA1527675,,public,99506E739CC08E9A52B05C50E1F9C991,7AC5FF994183AC4D26C5375BF1EF9898,"HCT116, extracted nuclei, cell 037",cell line: HCT-116,other,transcriptomic,OTHER,"HCT116, extracted nuclei, cell 037",GPL28038,DNBSEQ-G400
592,SRR22047414,12/31/22 0:27,10/26/22 17:18,1954831,386779834,1954831,197,252,,https://sra-downloadb.be-md.ncbi.nlm.nih.gov/sos4/sra-pub-zq-3/SRR022/22047/SRR22047414/SRR22047414.lite.1,SRX18028627,GSM6683064,OTHER,other,TRANSCRIPTOMIC,PAIRED,0,0,DNBSEQ,DNBSEQ-G400,SRP339960,PRJNA768428,3,768428,SRS15535725,SAMN31460804,simple,9606,Homo sapiens,GSM6683064,,,,,,,no,,,,,"ANGELA WU LAB, LIFS, HKUST",SRA1527675,,public,3CE384A06CB532CAF042D08A84655A49,A8EB893F6B82EC8F8B37A70F208C15B9,"HCT116, extracted nuclei, cell 038",cell line: HCT-116,other,transcriptomic,OTHER,"HCT116, extracted nuclei, cell 038",GPL28038,DNBSEQ-G400
593,SRR22047413,12/31/22 0:27,10/26/22 17:13,1849727,365981303,1849727,197,239,,https://sra-downloadb.be-md.ncbi.nlm.nih.gov/sos4/sra-pub-zq-3/SRR022/22047/SRR22047413/SRR22047413.lite.1,SRX18028628,GSM6683065,OTHER,other,TRANSCRIPTOMIC,PAIRED,0,0,DNBSEQ,DNBSEQ-G400,SRP339960,PRJNA768428,3,768428,SRS15535726,SAMN31460803,simple,9606,Homo sapiens,GSM6683065,,,,,,,no,,,,,"ANGELA WU LAB, LIFS, HKUST",SRA1527675,,public,0601BFE1C0128580179D8343826912D6,AAF29F7A807CCAE131B0EA060C07190D,"HCT116, extracted nuclei, cell 039",cell line: HCT-116,other,transcriptomic,OTHER,"HCT116, extracted nuclei, cell 039",GPL28038,DNBSEQ-G400
594,SRR22047412,12/31/22 0:27,10/26/22 17:14,1968869,389559991,1968869,197,253,,https://sra-downloadb.be-md.ncbi.nlm.nih.gov/sos4/sra-pub-zq-3/SRR022/22047/SRR22047412/SRR22047412.lite.1,SRX18028629,GSM6683066,OTHER,other,TRANSCRIPTOMIC,PAIRED,0,0,DNBSEQ,DNBSEQ-G400,SRP339960,PRJNA768428,3,768428,SRS15535727,SAMN31460802,simple,9606,Homo sapiens,GSM6683066,,,,,,,no,,,,,"ANGELA WU LAB, LIFS, HKUST",SRA1527675,,public,22B9D94EBABE37F319C824FDEA2C2189,19E7DE6D306B697C3E92F72526096465,"HCT116, extracted nuclei, cell 040",cell line: HCT-116,other,transcriptomic,OTHER,"HCT116, extracted nuclei, cell 040",GPL28038,DNBSEQ-G400
595,SRR22047411,12/31/22 0:27,10/26/22 17:13,1637375,323951242,1637375,197,205,,https://sra-downloadb.be-md.ncbi.nlm.nih.gov/sos4/sra-pub-zq-3/SRR022/22047/SRR22047411/SRR22047411.lite.1,SRX18028630,GSM6683102,OTHER,other,TRANSCRIPTOMIC,PAIRED,0,0,DNBSEQ,DNBSEQ-G400,SRP339960,PRJNA768428,3,768428,SRS15535728,SAMN31460769,simple,9606,Homo sapiens,GSM6683102,,,,,,,no,,,,,"ANGELA WU LAB, LIFS, HKUST",SRA1527675,,public,91C407C749ED9D67A6730BD85AC7AD60,395C3CBF9D0FD493AAB89D7C8CC77FA0,"HCT116, extracted nuclei, cell 073",cell line: HCT-116,other,transcriptomic,OTHER,"HCT116, extracted nuclei, cell 073",GPL28038,DNBSEQ-G400
596,SRR22047410,12/31/22 0:27,10/26/22 17:14,1837797,363608751,1837797,197,233,,https://sra-downloadb.be-md.ncbi.nlm.nih.gov/sos4/sra-pub-zq-3/SRR022/22047/SRR22047410/SRR22047410.lite.1,SRX18028631,GSM6683103,OTHER,other,TRANSCRIPTOMIC,PAIRED,0,0,DNBSEQ,DNBSEQ-G400,SRP339960,PRJNA768428,3,768428,SRS15535729,SAMN31460768,simple,9606,Homo sapiens,GSM6683103,,,,,,,no,,,,,"ANGELA WU LAB, LIFS, HKUST",SRA1527675,,public,AA05410D1FA958EDB42DAF680F8CB167,B016842337857674DA4C16CE1A9A001A,"HCT116, extracted nuclei, cell 074",cell line: HCT-116,other,transcriptomic,OTHER,"HCT116, extracted nuclei, cell 074",GPL28038,DNBSEQ-G400
597,SRR22047409,12/31/22 0:27,10/26/22 17:11,815129,161268355,815129,197,101,,https://sra-downloadb.be-md.ncbi.nlm.nih.gov/sos4/sra-pub-zq-3/SRR022/22047/SRR22047409/SRR22047409.lite.1,SRX18028632,GSM6683104,OTHER,other,TRANSCRIPTOMIC,PAIRED,0,0,DNBSEQ,DNBSEQ-G400,SRP339960,PRJNA768428,3,768428,SRS15535730,SAMN31460767,simple,9606,Homo sapiens,GSM6683104,,,,,,,no,,,,,"ANGELA WU LAB, LIFS, HKUST",SRA1527675,,public,C5C2CB74ED72838E9898D34C003341E6,980B54EB4AE8D99C0955CE8C9C728E21,"HCT116, extracted nuclei, cell 075",cell line: HCT-116,other,transcriptomic,OTHER,"HCT116, extracted nuclei, cell 075",GPL28038,DNBSEQ-G400
598,SRR22047408,12/31/22 0:27,10/26/22 17:11,1110848,219779519,1110848,197,138,,https://sra-downloadb.be-md.ncbi.nlm.nih.gov/sos4/sra-pub-zq-3/SRR022/22047/SRR22047408/SRR22047408.lite.1,SRX18028633,GSM6683105,OTHER,other,TRANSCRIPTOMIC,PAIRED,0,0,DNBSEQ,DNBSEQ-G400,SRP339960,PRJNA768428,3,768428,SRS15535731,SAMN31460766,simple,9606,Homo sapiens,GSM6683105,,,,,,,no,,,,,"ANGELA WU LAB, LIFS, HKUST",SRA1527675,,public,73C05AD573330461605693BA2C5100EE,6B340410DA494D070C920BFD77118D12,"HCT116, extracted nuclei, cell 076",cell line: HCT-116,other,transcriptomic,OTHER,"HCT116, extracted nuclei, cell 076",GPL28038,DNBSEQ-G400
599,SRR22047407,12/31/22 0:27,10/26/22 17:16,3004633,594504926,3004633,197,378,,https://sra-downloadb.be-md.ncbi.nlm.nih.gov/sos4/sra-pub-zq-3/SRR022/22047/SRR22047407/SRR22047407.lite.1,SRX18028634,GSM6683106,OTHER,other,TRANSCRIPTOMIC,PAIRED,0,0,DNBSEQ,DNBSEQ-G400,SRP339960,PRJNA768428,3,768428,SRS15535732,SAMN31460765,simple,9606,Homo sapiens,GSM6683106,,,,,,,no,,,,,"ANGELA WU LAB, LIFS, HKUST",SRA1527675,,public,FC97B7A1E4EE878E628A32838E9DAF94,D4CC71402C11F087AA52D866EED8A240,"HCT116, extracted nuclei, cell 077",cell line: HCT-116,other,transcriptomic,OTHER,"HCT116, extracted nuclei, cell 077",GPL28038,DNBSEQ-G400
600,SRR22047406,12/31/22 0:27,10/26/22 17:15,1966608,389105903,1966608,197,247,,https://sra-downloadb.be-md.ncbi.nlm.nih.gov/sos4/sra-pub-zq-3/SRR022/22047/SRR22047406/SRR22047406.lite.1,SRX18028635,GSM6683107,OTHER,other,TRANSCRIPTOMIC,PAIRED,0,0,DNBSEQ,DNBSEQ-G400,SRP339960,PRJNA768428,3,768428,SRS15535733,SAMN31460764,simple,9606,Homo sapiens,GSM6683107,,,,,,,no,,,,,"ANGELA WU LAB, LIFS, HKUST",SRA1527675,,public,2DE67F9CB0884C2CF4313174C082987B,A034876B5E93A15E1C6059A300C35B78,"HCT116, extracted nuclei, cell 078",cell line: HCT-116,other,transcriptomic,OTHER,"HCT116, extracted nuclei, cell 078",GPL28038,DNBSEQ-G400
601,SRR22047405,12/31/22 0:27,10/26/22 17:13,1834073,362873906,1834073,197,232,,https://sra-downloadb.be-md.ncbi.nlm.nih.gov/sos4/sra-pub-zq-3/SRR022/22047/SRR22047405/SRR22047405.lite.1,SRX18028636,GSM6683108,OTHER,other,TRANSCRIPTOMIC,PAIRED,0,0,DNBSEQ,DNBSEQ-G400,SRP339960,PRJNA768428,3,768428,SRS15535734,SAMN31460763,simple,9606,Homo sapiens,GSM6683108,,,,,,,no,,,,,"ANGELA WU LAB, LIFS, HKUST",SRA1527675,,public,DF1B7F4F5D73A5CAFA1119EA441A79C8,084732786AC06F7AE5E28C8BE86D8988,"HCT116, extracted nuclei, cell 079",cell line: HCT-116,other,transcriptomic,OTHER,"HCT116, extracted nuclei, cell 079",GPL28038,DNBSEQ-G400
602,SRR22047404,12/31/22 0:27,10/26/22 17:14,2485550,491776978,2485550,197,313,,https://sra-downloadb.be-md.ncbi.nlm.nih.gov/sos4/sra-pub-zq-3/SRR022/22047/SRR22047404/SRR22047404.lite.1,SRX18028637,GSM6683109,OTHER,other,TRANSCRIPTOMIC,PAIRED,0,0,DNBSEQ,DNBSEQ-G400,SRP339960,PRJNA768428,3,768428,SRS15535735,SAMN31460762,simple,9606,Homo sapiens,GSM6683109,,,,,,,no,,,,,"ANGELA WU LAB, LIFS, HKUST",SRA1527675,,public,1F0DFC9AF008FD876B50D88C395C144F,C7EBA0899ADAEF09C5403CC50EB53164,"HCT116, extracted nuclei, cell 080",cell line: HCT-116,other,transcriptomic,OTHER,"HCT116, extracted nuclei, cell 080",GPL28038,DNBSEQ-G400
603,SRR22047403,12/31/22 0:27,10/26/22 17:12,1541899,305074488,1541899,197,195,,https://sra-downloadb.be-md.ncbi.nlm.nih.gov/sos4/sra-pub-zq-3/SRR022/22047/SRR22047403/SRR22047403.lite.1,SRX18028638,GSM6683110,OTHER,other,TRANSCRIPTOMIC,PAIRED,0,0,DNBSEQ,DNBSEQ-G400,SRP339960,PRJNA768428,3,768428,SRS15535736,SAMN31460761,simple,9606,Homo sapiens,GSM6683110,,,,,,,no,,,,,"ANGELA WU LAB, LIFS, HKUST",SRA1527675,,public,B7D292B714B40144D276DE583F6E1011,1AD8ED046621465C119676D69B1A1D85,"HCT116, extracted nuclei, cell 081",cell line: HCT-116,other,transcriptomic,OTHER,"HCT116, extracted nuclei, cell 081",GPL28038,DNBSEQ-G400
604,SRR22047402,12/31/22 0:27,10/26/22 17:13,1840867,364227399,1840867,197,235,,https://sra-downloadb.be-md.ncbi.nlm.nih.gov/sos4/sra-pub-zq-3/SRR022/22047/SRR22047402/SRR22047402.lite.1,SRX18028639,GSM6683111,OTHER,other,TRANSCRIPTOMIC,PAIRED,0,0,DNBSEQ,DNBSEQ-G400,SRP339960,PRJNA768428,3,768428,SRS15535737,SAMN31460760,simple,9606,Homo sapiens,GSM6683111,,,,,,,no,,,,,"ANGELA WU LAB, LIFS, HKUST",SRA1527675,,public,6AABF3C64E91EB0087B3E867745B3819,3F2FE1346265344DEA177F0D052C0B58,"HCT116, extracted nuclei, cell 082",cell line: HCT-116,other,transcriptomic,OTHER,"HCT116, extracted nuclei, cell 082",GPL28038,DNBSEQ-G400
605,SRR22047401,12/31/22 0:27,10/26/22 17:12,1623693,321251800,1623693,197,206,,https://sra-downloadb.be-md.ncbi.nlm.nih.gov/sos4/sra-pub-zq-3/SRR022/22047/SRR22047401/SRR22047401.lite.1,SRX18028640,GSM6683112,OTHER,other,TRANSCRIPTOMIC,PAIRED,0,0,DNBSEQ,DNBSEQ-G400,SRP339960,PRJNA768428,3,768428,SRS15535738,SAMN31460759,simple,9606,Homo sapiens,GSM6683112,,,,,,,no,,,,,"ANGELA WU LAB, LIFS, HKUST",SRA1527675,,public,808A94201F5452DAF5A98BF71EFCF223,575FBC691DC786689E15EBF191D4424A,"HCT116, extracted nuclei, cell 083",cell line: HCT-116,other,transcriptomic,OTHER,"HCT116, extracted nuclei, cell 083",GPL28038,DNBSEQ-G400
606,SRR22047400,12/31/22 0:27,10/26/22 17:17,1958806,387546234,1958806,197,248,,https://sra-downloadb.be-md.ncbi.nlm.nih.gov/sos4/sra-pub-zq-3/SRR022/22047/SRR22047400/SRR22047400.lite.1,SRX18028641,GSM6683113,OTHER,other,TRANSCRIPTOMIC,PAIRED,0,0,DNBSEQ,DNBSEQ-G400,SRP339960,PRJNA768428,3,768428,SRS15535739,SAMN31460758,simple,9606,Homo sapiens,GSM6683113,,,,,,,no,,,,,"ANGELA WU LAB, LIFS, HKUST",SRA1527675,,public,46B14F854E49F8CCF6DF9BD9A592DF3A,A86C78C57C9AD3C548F2445BECB0F695,"HCT116, extracted nuclei, cell 084",cell line: HCT-116,other,transcriptomic,OTHER,"HCT116, extracted nuclei, cell 084",GPL28038,DNBSEQ-G400
607,SRR22047399,12/31/22 0:27,10/26/22 17:12,1731026,342487539,1731026,197,219,,https://sra-downloadb.be-md.ncbi.nlm.nih.gov/sos4/sra-pub-zq-3/SRR022/22047/SRR22047399/SRR22047399.lite.1,SRX18028642,GSM6683115,OTHER,other,TRANSCRIPTOMIC,PAIRED,0,0,DNBSEQ,DNBSEQ-G400,SRP339960,PRJNA768428,3,768428,SRS15535740,SAMN31460757,simple,9606,Homo sapiens,GSM6683115,,,,,,,no,,,,,"ANGELA WU LAB, LIFS, HKUST",SRA1527675,,public,DDE8548944A3DB0F2E636C96F31F75C5,A09493C556DA0E8CF05455588C2BE3D1,"HCT116, extracted nuclei, cell 085",cell line: HCT-116,other,transcriptomic,OTHER,"HCT116, extracted nuclei, cell 085",GPL28038,DNBSEQ-G400
608,SRR22047398,12/31/22 0:27,10/26/22 17:13,1691947,334761893,1691947,197,215,,https://sra-downloadb.be-md.ncbi.nlm.nih.gov/sos4/sra-pub-zq-3/SRR022/22047/SRR22047398/SRR22047398.lite.1,SRX18028643,GSM6683116,OTHER,other,TRANSCRIPTOMIC,PAIRED,0,0,DNBSEQ,DNBSEQ-G400,SRP339960,PRJNA768428,3,768428,SRS15535741,SAMN31460756,simple,9606,Homo sapiens,GSM6683116,,,,,,,no,,,,,"ANGELA WU LAB, LIFS, HKUST",SRA1527675,,public,949C17C6965BC65996494A1D72DC05B6,5D79B6AB5C89640AAAF0D4B10646C343,"HCT116, extracted nuclei, cell 086",cell line: HCT-116,other,transcriptomic,OTHER,"HCT116, extracted nuclei, cell 086",GPL28038,DNBSEQ-G400
609,SRR22047397,12/31/22 0:27,10/26/22 17:18,2121904,419829881,2121904,197,270,,https://sra-downloadb.be-md.ncbi.nlm.nih.gov/sos4/sra-pub-zq-3/SRR022/22047/SRR22047397/SRR22047397.lite.1,SRX18028644,GSM6683117,OTHER,other,TRANSCRIPTOMIC,PAIRED,0,0,DNBSEQ,DNBSEQ-G400,SRP339960,PRJNA768428,3,768428,SRS15535743,SAMN31460755,simple,9606,Homo sapiens,GSM6683117,,,,,,,no,,,,,"ANGELA WU LAB, LIFS, HKUST",SRA1527675,,public,C5E26DA9AB8ED38D60E7BFC357E068C3,CC362C2C5AF22C675D4EB60B6F3F343F,"HCT116, extracted nuclei, cell 087",cell line: HCT-116,other,transcriptomic,OTHER,"HCT116, extracted nuclei, cell 087",GPL28038,DNBSEQ-G400
610,SRR22047396,12/31/22 0:27,10/26/22 17:18,2101502,415797286,2101502,197,266,,https://sra-downloadb.be-md.ncbi.nlm.nih.gov/sos4/sra-pub-zq-3/SRR022/22047/SRR22047396/SRR22047396.lite.1,SRX18028645,GSM6683118,OTHER,other,TRANSCRIPTOMIC,PAIRED,0,0,DNBSEQ,DNBSEQ-G400,SRP339960,PRJNA768428,3,768428,SRS15535742,SAMN31460754,simple,9606,Homo sapiens,GSM6683118,,,,,,,no,,,,,"ANGELA WU LAB, LIFS, HKUST",SRA1527675,,public,CFDC26E6613788A320F4CDD815F4B685,B9D2943924DFF18253143DA5E3FAEC80,"HCT116, extracted nuclei, cell 088",cell line: HCT-116,other,transcriptomic,OTHER,"HCT116, extracted nuclei, cell 088",GPL28038,DNBSEQ-G400
611,SRR22047395,12/31/22 0:27,10/26/22 17:13,2300191,455111685,2300191,197,289,,https://sra-downloadb.be-md.ncbi.nlm.nih.gov/sos4/sra-pub-zq-3/SRR022/22047/SRR22047395/SRR22047395.lite.1,SRX18028646,GSM6683119,OTHER,other,TRANSCRIPTOMIC,PAIRED,0,0,DNBSEQ,DNBSEQ-G400,SRP339960,PRJNA768428,3,768428,SRS15535744,SAMN31460753,simple,9606,Homo sapiens,GSM6683119,,,,,,,no,,,,,"ANGELA WU LAB, LIFS, HKUST",SRA1527675,,public,079B2ED4C8BC4E667318849DE5D2B0E4,B4D6C31BF53B6B9A7C3ECC0772DE21EC,"HCT116, extracted nuclei, cell 089",cell line: HCT-116,other,transcriptomic,OTHER,"HCT116, extracted nuclei, cell 089",GPL28038,DNBSEQ-G400
612,SRR22047394,12/31/22 0:27,10/26/22 17:12,2298329,454734588,2298329,197,288,,https://sra-downloadb.be-md.ncbi.nlm.nih.gov/sos4/sra-pub-zq-3/SRR022/22047/SRR22047394/SRR22047394.lite.1,SRX18028647,GSM6683120,OTHER,other,TRANSCRIPTOMIC,PAIRED,0,0,DNBSEQ,DNBSEQ-G400,SRP339960,PRJNA768428,3,768428,SRS15535745,SAMN31460752,simple,9606,Homo sapiens,GSM6683120,,,,,,,no,,,,,"ANGELA WU LAB, LIFS, HKUST",SRA1527675,,public,86BFC8921CA2633026BA8DFA53C11224,F4D48D9584B7DA4C91083421AC1E80F2,"HCT116, extracted nuclei, cell 090",cell line: HCT-116,other,transcriptomic,OTHER,"HCT116, extracted nuclei, cell 090",GPL28038,DNBSEQ-G400
613,SRR22047393,12/31/22 0:27,10/26/22 17:11,119764,23692993,119764,197,14,,https://sra-downloadb.be-md.ncbi.nlm.nih.gov/sos4/sra-pub-zq-3/SRR022/22047/SRR22047393/SRR22047393.lite.1,SRX18028648,GSM6683121,OTHER,other,TRANSCRIPTOMIC,PAIRED,0,0,DNBSEQ,DNBSEQ-G400,SRP339960,PRJNA768428,3,768428,SRS15535746,SAMN31460751,simple,9606,Homo sapiens,GSM6683121,,,,,,,no,,,,,"ANGELA WU LAB, LIFS, HKUST",SRA1527675,,public,EB0FE5624C9E68E0CA5F3414039BD24A,212C4BE10B7C7F9644BD25E7787EB17C,"HCT116, extracted nuclei, cell 091",cell line: HCT-116,other,transcriptomic,OTHER,"HCT116, extracted nuclei, cell 091",GPL28038,DNBSEQ-G400
614,SRR22047392,12/31/22 0:27,10/26/22 17:13,2005576,396807541,2005576,197,252,,https://sra-downloadb.be-md.ncbi.nlm.nih.gov/sos4/sra-pub-zq-3/SRR022/22047/SRR22047392/SRR22047392.lite.1,SRX18028649,GSM6683122,OTHER,other,TRANSCRIPTOMIC,PAIRED,0,0,DNBSEQ,DNBSEQ-G400,SRP339960,PRJNA768428,3,768428,SRS15535747,SAMN31460750,simple,9606,Homo sapiens,GSM6683122,,,,,,,no,,,,,"ANGELA WU LAB, LIFS, HKUST",SRA1527675,,public,9C5CFDA69F99004F7A3EE50E8CC372C1,15678FF2B2029C9D713D494BEFFA0EB2,"HCT116, extracted nuclei, cell 092",cell line: HCT-116,other,transcriptomic,OTHER,"HCT116, extracted nuclei, cell 092",GPL28038,DNBSEQ-G400
615,SRR22047391,12/31/22 0:27,10/26/22 17:12,1978978,391536526,1978978,197,250,,https://sra-downloadb.be-md.ncbi.nlm.nih.gov/sos4/sra-pub-zq-3/SRR022/22047/SRR22047391/SRR22047391.lite.1,SRX18028650,GSM6683123,OTHER,other,TRANSCRIPTOMIC,PAIRED,0,0,DNBSEQ,DNBSEQ-G400,SRP339960,PRJNA768428,3,768428,SRS15535749,SAMN31460749,simple,9606,Homo sapiens,GSM6683123,,,,,,,no,,,,,"ANGELA WU LAB, LIFS, HKUST",SRA1527675,,public,B1A531E2699055D027E64AABAC791ABE,38AC70950101ECC50C0AAC562423475F,"HCT116, extracted nuclei, cell 093",cell line: HCT-116,other,transcriptomic,OTHER,"HCT116, extracted nuclei, cell 093",GPL28038,DNBSEQ-G400
616,SRR22047390,12/31/22 0:27,10/26/22 17:15,2550625,504658501,2550625,197,319,,https://sra-downloadb.be-md.ncbi.nlm.nih.gov/sos4/sra-pub-zq-3/SRR022/22047/SRR22047390/SRR22047390.lite.1,SRX18028651,GSM6683124,OTHER,other,TRANSCRIPTOMIC,PAIRED,0,0,DNBSEQ,DNBSEQ-G400,SRP339960,PRJNA768428,3,768428,SRS15535748,SAMN31460748,simple,9606,Homo sapiens,GSM6683124,,,,,,,no,,,,,"ANGELA WU LAB, LIFS, HKUST",SRA1527675,,public,948DAC8C3135350923499899C16656CA,29338FA2DCB2E903E7121C7AC6E9E3A1,"HCT116, extracted nuclei, cell 094",cell line: HCT-116,other,transcriptomic,OTHER,"HCT116, extracted nuclei, cell 094",GPL28038,DNBSEQ-G400
617,SRR22047389,12/31/22 0:27,10/26/22 17:14,1414229,279796760,1414229,197,179,,https://sra-downloadb.be-md.ncbi.nlm.nih.gov/sos4/sra-pub-zq-3/SRR022/22047/SRR22047389/SRR22047389.lite.1,SRX18028652,GSM6683125,OTHER,other,TRANSCRIPTOMIC,PAIRED,0,0,DNBSEQ,DNBSEQ-G400,SRP339960,PRJNA768428,3,768428,SRS15535750,SAMN31460747,simple,9606,Homo sapiens,GSM6683125,,,,,,,no,,,,,"ANGELA WU LAB, LIFS, HKUST",SRA1527675,,public,55F56CB571D597819D948233CF7B7788,1742E9ED5C87FAC2E089C5286F7B4DA3,"HCT116, extracted nuclei, cell 095",cell line: HCT-116,other,transcriptomic,OTHER,"HCT116, extracted nuclei, cell 095",GPL28038,DNBSEQ-G400
618,SRR22047388,12/31/22 0:27,10/26/22 17:18,2265674,448248453,2265674,197,286,,https://sra-downloadb.be-md.ncbi.nlm.nih.gov/sos4/sra-pub-zq-3/SRR022/22047/SRR22047388/SRR22047388.lite.1,SRX18028653,GSM6683126,OTHER,other,TRANSCRIPTOMIC,PAIRED,0,0,DNBSEQ,DNBSEQ-G400,SRP339960,PRJNA768428,3,768428,SRS15535751,SAMN31460746,simple,9606,Homo sapiens,GSM6683126,,,,,,,no,,,,,"ANGELA WU LAB, LIFS, HKUST",SRA1527675,,public,91E7839736663CDBA7B278A3A3132330,2E2E96B41B40D4EB80CFE19C180F3CBC,"HCT116, extracted nuclei, cell 096",cell line: HCT-116,other,transcriptomic,OTHER,"HCT116, extracted nuclei, cell 096",GPL28038,DNBSEQ-G400
619,SRR22047387,12/31/22 0:27,10/26/22 17:14,2637053,521739836,2637053,197,330,,https://sra-downloadb.be-md.ncbi.nlm.nih.gov/sos4/sra-pub-zq-3/SRR022/22047/SRR22047387/SRR22047387.lite.1,SRX18028654,GSM6683127,OTHER,other,TRANSCRIPTOMIC,PAIRED,0,0,DNBSEQ,DNBSEQ-G400,SRP339960,PRJNA768428,3,768428,SRS15535752,SAMN31460745,simple,9606,Homo sapiens,GSM6683127,,,,,,,no,,,,,"ANGELA WU LAB, LIFS, HKUST",SRA1527675,,public,5BC6857FC0AB12392E9D76944613172F,BB792EEA35690A72EC725FBD0FABA2FA,"HCT116, extracted nuclei, cell 097",cell line: HCT-116,other,transcriptomic,OTHER,"HCT116, extracted nuclei, cell 097",GPL28038,DNBSEQ-G400
620,SRR22047386,12/31/22 0:27,10/26/22 17:16,888806,175822127,888806,197,111,,https://sra-downloadb.be-md.ncbi.nlm.nih.gov/sos4/sra-pub-zq-3/SRR022/22047/SRR22047386/SRR22047386.lite.1,SRX18028655,GSM6683129,OTHER,other,TRANSCRIPTOMIC,PAIRED,0,0,DNBSEQ,DNBSEQ-G400,SRP339960,PRJNA768428,3,768428,SRS15535753,SAMN31460744,simple,9606,Homo sapiens,GSM6683129,,,,,,,no,,,,,"ANGELA WU LAB, LIFS, HKUST",SRA1527675,,public,3867E3A9A4F0437A78B231899A40B9ED,C23432102C0595BB3CAF532B889F5F7C,"HCT116, extracted nuclei, cell 098",cell line: HCT-116,other,transcriptomic,OTHER,"HCT116, extracted nuclei, cell 098",GPL28038,DNBSEQ-G400